22345
0	814	471
80	540	4129
31	22	391
9	19	3783
9	91	5429
7	11	10887
0	137	1897
9	100	341
0	24	4259
0	13	817
7	339	10092
1245	367	1639
1661	8	3820
7	1006	208
5	55	2390
9	8	224
584	470	10025
516	24	1400
9	119	44
0	586	443
2089	17	82
1257	935	7291
9	53	1683
0	145	730
0	24	4360
9	1779	4269
20	113	309
25	904	2628
58	11	1237
588	1798	4339
48	43	1626
9	141	11127
31	444	169
80	8	18
7	78	10099
9	11	526
1245	406	3697
733	1068	64
5	649	891
168	169	63
9	24	3379
0	8	114
138	87	35
2754	23	13
9	43	4001
0	109	182
9	43	4299
7	1109	3
242	24	83
9	8	138
0	495	1775
7	87	3700
1608	978	783
1575	22	3553
9	65	6519
175	384	9537
3360	292	68
359	1263	1540
7	11	8879
26	8	2
7	6	58
9	11	10997
1834	12	233
9	300	92
7	94	2940
5	238	5639
1831	1388	3004
565	8	397
31	269	635
9	24	8277
31	119	496
422	994	2018
940	64	856
260	22	3135
165	109	2019
31	49	1780
946	474	95
9	190	188
2893	598	3700
478	91	7465
0	155	3946
7	215	424
7	129	5660
5	471	4972
282	598	5402
9	13	1421
9	169	6564
9	8	7249
2333	24	54
262	323	1106
26	24	4293
0	81	1793
9	23	1779
948	24	18
0	155	1984
3444	8	306
682	87	132
9	585	55
0	43	5033
0	38	657
96	3	1362
1602	12	35
9	507	1155
25	1305	1125
9	100	967
7	8	988
5	1675	516
7	507	2335
5	11	9564
7	3	5431
7	270	26
7	15	883
448	11	1238
609	269	776
99	449	60
7	978	3711
168	321	513
9	71	4266
582	22	745
31	106	222
1349	269	99
492	261	807
31	8	6184
7	8	9074
980	239	730
0	1667	11484
3387	76	5249
7	24	4720
340	109	508
9	315	1502
7	41	7616
9	8	9316
63	511	7716
335	24	2023
25	24	9762
2830	131	68
7	75	1642
5	91	10641
7	17	278
298	1652	448
9	1099	1055
7	515	95
0	24	3919
214	131	909
758	1104	7770
9	49	233
9	91	326
9	43	661
9	11	8946
0	79	6638
229	471	9654
7	322	821
7	76	126
7	339	1898
738	481	60
9	17	18
9	145	381
844	11	225
9	87	136
7	11	8816
5	8	624
2026	754	5204
332	333	4425
99	11	5419
99	146	8539
680	28	5932
7	100	4638
7	85	1777
581	18	2
0	8	3236
9	76	10459
39	854	387
1936	22	4871
7	11	1247
0	43	706
9	8	101
99	11	7047
0	1027	9833
31	12	443
0	259	8765
26	11	3518
0	737	561
9	22	11204
0	22	7773
175	49	368
0	8	381
9	55	1612
175	321	8755
25	108	6355
742	24	1411
82	19	1927
99	128	9213
262	24	114
9	13	5148
9	24	9972
9	119	3484
7	2116	1875
282	193	5226
175	11	33
9	8	4639
5	100	10002
0	348	4666
7	76	545
9	1833	580
7	8	887
2712	22	3919
0	128	35
229	400	2855
82	19	837
7	622	237
25	24	2035
0	8	10941
143	919	241
160	54	8294
7	64	8345
1465	64	82
9	1455	3839
251	461	6755
1942	17	4883
170	28	2350
9	128	513
9	8	81
1220	137	7734
46	22	182
335	12	3483
335	570	3660
7	24	6748
0	24	1726
728	13	8160
168	1652	549
25	24	1277
9	8	60
335	92	63
304	8	1070
0	134	499
208	22	389
9	8	895
0	100	11323
25	24	2425
31	647	6908
0	76	1702
99	8	6154
9	43	8653
229	400	10063
0	155	6508
48	8	5587
195	196	8448
31	11	11518
654	18	4043
5	11	656
1235	1572	3539
7	76	593
9	128	10961
26	8	203
7	1392	393
9	27	8133
1949	503	6712
2037	248	5225
422	19	158
0	238	2071
0	373	571
359	2786	1042
99	8	242
0	8	718
7	474	7772
9	55	10354
31	1348	1908
9	8	1187
0	55	6983
0	1133	136
31	172	44
7	3	6037
9	13	3559
652	11	68
9	41	5764
674	695	8534
9	2032	10
335	1302	791
0	17	751
31	339	4520
7	11	9215
9	23	2879
50	27	6417
138	188	5788
9	345	4477
0	737	613
7	831	1333
99	622	5797
9	261	4756
1926	85	311
262	28	532
5	17	5808
7	152	6917
0	11	1121
335	12	443
9	41	5479
742	24	1196
7	106	222
175	17	82
5	1533	3454
262	54	182
813	24	36
0	677	7960
229	24	6610
0	13	297
1078	159	9211
9	55	2128
9	76	4366
5	17	673
9	13	3779
82	471	4648
0	129	55
0	209	258
26	105	667
735	17	82
769	17	18
0	11	4144
143	128	7401
933	53	630
9	188	611
9	310	9675
9	2635	7624
9	128	4475
83	11	0
96	19	2638
175	19	2360
1879	24	4592
9	336	3497
99	8	706
9	76	10755
3246	768	68
1929	3	4857
9	43	3081
9	45	8874
9	8	11553
0	13	2763
99	274	394
354	323	2652
260	11	383
0	22	5375
426	17	345
319	770	10325
26	23	208
9	53	2419
804	8	6356
9	29	234
448	406	6199
9	8	5007
168	91	29
9	24	480
9	139	440
9	127	2544
25	1218	2520
1078	11	1121
9	8	746
3413	23	1638
0	91	2255
2054	24	4229
1222	406	1099
0	109	8261
9	13	2766
7	11	2920
5	202	1829
26	64	8400
175	195	600
20	11	494
0	146	1568
2582	103	4114
9	22	7651
9	381	1149
0	55	1597
2458	3	54
9	8	4919
1380	146	54
335	543	2425
11	3	54
46	64	5911
9	3301	2172
9	55	7808
7	559	868
46	381	4114
26	13	8714
25	237	1476
335	239	9447
9	472	625
7	215	2
5	22	6805
242	11	973
0	935	54
9	128	434
0	155	1019
9	238	1100
195	181	2488
0	128	2898
565	8	3160
9	19	4052
9	19	10963
9	22	4091
175	24	44
7	8	101
7	1228	1630
446	155	1778
9	100	9018
0	560	4312
9	147	29
3069	3	152
175	49	7206
5	73	5521
175	206	3537
9	8	287
7	43	1394
7	339	5714
83	3	3148
7	8	923
99	1348	11164
9	109	1471
80	732	662
242	159	434
7	8	6279
343	11	529
553	11	362
9	146	3899
44	24	1813
2170	87	10087
9	737	475
437	11	683
1093	356	4390
7	1079	2206
545	236	27
7	2542	7298
26	470	4452
378	12	443
9	560	987
0	1068	471
0	24	4125
9	22	7631
5	92	215
0	17	10813
99	8	988
5	64	4512
9	8	8970
0	81	2
9	24	8402
0	8	1008
9	27	8038
0	43	1206
7	8	1643
3389	12	35
44	8	7978
262	78	4684
7	23	5773
9	22	60
31	11	326
7	3	563
7	8	631
7	2130	8021
7	6	183
9	8	5775
99	13	764
31	11	11380
58	11	223
31	137	639
263	208	1967
9	11	3935
9	564	5647
7	145	7970
1772	261	3673
9	11	4986
9	367	18
80	401	622
229	400	7469
7	540	911
917	13	1328
0	49	1669
9	854	393
5	194	1355
9	8	9963
2349	2350	497
39	1776	3086
99	8	1531
370	22	2426
9	109	185
446	636	126
781	17	280
9	55	5870
833	24	3799
0	22	8361
9	1977	58
9	59	3
0	468	1766
0	295	781
0	91	70
344	91	223
9	24	381
2364	528	6553
9	141	10024
46	24	233
9	169	60
9	73	11004
7	19	1927
7	401	1897
774	702	5973
9	8	1431
1518	24	3400
7	17	1238
9	8	1014
7	87	7962
48	13	6641
7	11	10888
627	206	1175
58	11	6567
251	503	2047
44	19	3996
9	22	6077
7	269	233
7	286	240
9	411	635
99	87	8978
728	23	1576
0	566	5161
5	238	443
0	55	4142
133	503	918
2382	8	132
2060	49	7784
40	41	54
7	215	1135
7	339	871
0	43	862
7	488	247
99	189	5397
9	91	383
0	79	3954
5	8	8486
66	24	107
0	109	1100
133	11	225
7	64	5768
143	24	6070
175	11	9212
9	8	1571
3451	245	5404
9	64	3474
2961	167	9058
9	55	2002
9	79	182
0	2099	5654
208	904	3503
448	1090	624
498	11	1702
9	8	7973
5	794	60
7	11	2414
332	806	2325
9	19	3299
5	64	5527
3509	43	11555
175	17	2467
9	384	60
2393	24	2092
1238	119	2421
214	49	4081
9	28	4664
335	109	132
9	134	1955
7	206	1099
0	8	2088
9	49	9588
553	11	197
7	24	2643
242	471	798
7	49	4687
175	11	2346
9	8	499
82	76	54
25	146	1122
359	360	246
1320	358	2791
9	55	2259
26	11	600
0	24	1927
31	134	1239
9	8	5283
229	989	8198
9	146	2483
0	17	4102
7	24	11383
31	146	1131
1114	55	9405
7	141	489
175	49	3536
143	11	1517
31	55	6758
1442	172	3152
7	64	10177
0	19	1399
7	71	1340
66	24	8051
0	73	6446
7	11	9500
5	324	222
31	24	7893
80	206	388
25	24	7756
565	566	991
0	22	2756
214	11	1238
9	1234	9123
7	119	10151
1929	3	588
3419	904	81
3061	41	8886
44	24	497
959	2838	2390
7	73	10052
7	49	11149
25	400	96
804	8	132
0	38	33
0	8	5609
676	119	5361
26	76	10801
706	1513	27
9	22	256
5	73	5296
7	22	6781
2904	2905	4066
1534	19	542
7	64	5430
0	73	566
229	146	233
214	43	11012
1153	22	8835
448	1893	185
9	55	10928
175	238	8158
9	1434	443
9	128	8016
9	8	251
9	109	458
99	189	1049
0	76	10593
0	1668	3837
7	19	2330
733	1068	3330
1146	76	126
7	206	9442
1729	199	4051
1958	737	183
448	860	1384
7	76	387
0	128	263
79	92	63
2042	155	915
7	8	2799
5	91	7229
527	528	580
31	11	8900
9	43	3939
9	19	8086
0	49	627
143	76	1121
9	28	982
9	85	8478
9	121	841
7	28	1757
804	206	83
175	24	8889
9	24	4574
354	585	1369
9	8	10040
7	512	3719
615	13	242
5	49	433
26	22	751
99	617	1626
1272	488	114
7	261	1540
7	384	883
0	6	801
9	345	2
0	55	679
0	216	2086
641	238	10192
9	3355	2503
0	22	10451
104	772	9754
3306	27	7
7	339	6507
446	405	11297
9	477	311
7	11	4848
7	8	9999
9	55	5946
9	472	9482
7	49	127
9	11	1518
260	24	1237
9	24	27
7	24	10458
9	119	158
26	421	263
7	8	6209
448	11	1829
242	11	723
9	17	2252
0	100	10350
5	8	3047
25	24	1933
0	91	1076
31	87	3436
46	1005	11355
9	238	8397
734	444	11060
9	49	3624
383	131	9567
9	8	1636
7	53	221
846	23	1655
117	152	3073
0	27	5019
9	13	4455
505	23	306
7	73	266
9	896	1162
9	8	3412
0	8	7725
138	11	8581
7	427	4285
1346	11	2905
9	8	718
2960	55	9057
2001	155	5100
0	8	3299
9	27	10814
7	321	513
9	102	2270
0	146	780
0	8	2487
26	23	915
2625	238	625
9	155	1775
9	76	2161
175	24	3255
7	8	10535
9	559	5483
0	109	10297
7	400	2266
182	12	750
335	28	517
229	400	1123
46	12	72
9	24	7845
980	238	4780
0	24	9225
7	140	72
1998	322	29
2132	146	864
448	28	515
9	8	125
448	28	471
1886	1887	4629
0	215	278
9	115	1517
359	1263	669
0	87	222
9	41	5739
9	238	7909
0	91	776
44	119	2912
175	3	821
0	998	185
31	43	3916
7	421	1294
728	28	7719
9	41	8190
565	145	182
31	75	1642
9	55	10427
1389	1390	387
9	8	2690
9	10	2958
5	73	3197
7	64	83
214	1690	36
229	24	2937
5	436	9141
44	11	387
46	54	4471
1622	24	33
44	22	9085
80	64	138
7	24	525
7	85	2495
0	24	10274
7	55	1862
137	155	3551
9	28	5965
7	8	8354
1072	250	718
2111	8	9217
642	2204	11571
9	24	35
9	379	1507
7	1810	5408
7	8	4163
7	489	7675
492	1285	363
31	11	7355
31	22	2756
9	11	5125
7	24	5707
9	141	1958
767	768	6594
0	188	7632
9	2833	9362
7	612	2701
0	373	784
2723	11	138
689	2312	1299
9	8	151
1437	13	1054
9	8	2720
2926	11	8858
3502	8	11533
7	27	1935
178	179	898
9	49	4490
1035	356	72
7	22	5578
0	152	27
52	38	2601
9	540	7068
9	55	878
7	3	4400
797	772	1207
31	55	7691
0	3040	509
9	24	11081
9	15	11465
7	227	5858
7	11	4698
31	181	10824
7	310	221
0	998	11265
2832	6	8458
1010	13	856
9	8	8205
7	22	2845
505	261	619
7	715	887
5	1233	913
2172	79	4073
9	78	1342
0	8	9859
0	141	2
57	65	7002
557	558	1973
565	411	2386
7	109	3840
7	8	1187
0	87	10173
7	11	9779
9	53	4474
31	1025	10330
971	54	182
276	193	5246
3263	24	4914
0	989	1643
5	11	1238
0	73	751
9	128	2665
0	81	213
1345	3	8693
5	760	1369
2068	91	177
7	11	280
7	11	5827
9	972	27
7	286	1702
0	109	6159
9	49	4680
214	24	10317
229	24	845
1607	109	970
344	277	2031
175	64	555
9	24	271
242	269	57
44	3	82
679	488	5181
5	64	1406
7	24	9678
440	488	5088
1398	24	7977
448	11	2699
7	97	783
5	155	2542
25	267	1196
7	1275	854
7	13	9541
7	1522	3405
9	22	27
44	1668	10326
31	977	8367
31	3	5180
7	292	2077
2746	119	197
7	87	6269
66	24	482
165	41	196
306	464	673
2716	79	7944
9	206	2987
3024	76	3871
7	64	5556
207	12	625
524	8	138
5	271	1616
0	24	2161
213	28	1137
9	292	387
0	73	578
354	12	625
9	91	6766
1041	79	807
7	22	3186
403	113	8698
9	118	72
31	336	577
48	8	1617
31	8	620
156	24	297
44	111	117
0	24	8536
0	79	132
9	159	1519
9	172	5685
2335	146	8156
7	318	96
516	167	197
229	8	285
9	809	1576
9	17	9066
0	92	63
143	1068	4828
0	17	0
0	194	1189
165	8	3380
214	356	4850
733	292	7409
335	8	1925
5	11	1462
9	76	5646
0	64	4638
5	17	4663
7	336	1665
642	474	4944
9	1285	233
214	17	3212
588	54	114
175	269	600
1498	206	2369
160	2842	8512
451	181	3351
9	474	5797
344	687	1295
9	87	464
340	55	8997
5	495	177
5	116	128
0	137	6314
9	238	3638
9	8	11112
9	55	44
1393	8	54
0	209	2019
407	155	3020
777	13	11320
7	109	7
7	119	35
185	23	443
9	179	82
9	8	346
9	128	208
175	11	2094
7	17	2960
335	124	4056
2076	24	5437
0	155	4731
7	24	8425
9	128	168
229	24	1099
0	109	718
332	707	3997
605	76	1081
175	278	253
201	49	5889
5	315	9635
7	299	68
25	868	278
251	131	1119
44	13	5415
0	19	28
31	22	2299
214	8	4315
26	368	6428
7	155	6570
26	94	138
96	189	1540
9	179	253
1857	91	29
213	94	5527
133	503	3202
31	1869	44
0	209	4584
9	152	416
9	55	6366
26	421	1118
9	8	9693
0	13	5765
1123	11	9423
229	24	5785
7	8	4076
9	8	1064
7	65	538
0	76	6661
7	8	263
165	109	9872
9	53	4532
762	3	1662
1337	677	3562
9	12	6286
99	113	123
2197	2198	1517
548	17	54
173	109	6848
31	6	1931
9	28	4
0	169	5959
7	11	6619
9	113	104
99	206	706
9	146	381
9	1791	2868
9	55	3254
990	76	1831
168	8	785
9	91	112
7	196	2166
80	109	27
0	11	5408
0	49	2
9	503	61
40	3	2933
26	64	114
1400	179	126
0	49	10909
150	119	70
0	105	102
9	186	5585
242	11	6254
9	134	0
99	1190	1964
7	850	5953
3377	22	1727
7	1067	2188
1047	8	2525
175	315	381
9	1319	1099
9	97	68
44	6	4672
0	202	151
214	8	1118
9	28	10836
99	49	7309
3165	24	33
84	24	8931
9	400	58
83	159	1384
9	172	440
31	244	7183
391	146	3446
0	17	6051
44	79	2
7	339	2858
5	38	1874
31	8	72
31	8	508
597	49	1067
40	8	2237
31	65	2642
7	146	65
9	87	630
662	11	3575
7	85	4569
9	94	6495
422	19	2715
0	8	2936
0	8	3268
1721	3	4022
5	17	4099
448	11	9153
0	55	5217
80	139	527
448	22	9244
5	13	1060
25	24	1080
5	315	43
1043	152	353
7	8	132
9	43	8045
407	313	327
1943	22	4886
83	11	387
7	8	2476
184	87	1517
0	504	754
9	8	414
5	65	780
7	87	776
5	216	248
0	155	11272
84	22	6283
9	269	385
9	109	414
7	11	2291
44	24	7793
1736	24	4086
1708	1709	3989
233	54	182
344	261	1295
2965	2966	2766
9	323	10044
3022	8	1137
3010	91	1726
5	206	7755
7	206	7859
9	43	1051
0	109	3823
9	28	723
2644	113	443
9	919	283
251	8	1719
1948	302	11525
9	49	132
7	76	1121
2351	76	499
26	11	631
9	91	7392
80	28	3921
44	19	796
9	152	3178
1026	11	744
1419	598	8644
5	155	2018
5	468	2546
9	8	915
9	215	8403
584	54	280
344	28	1331
31	139	268
0	472	1405
165	918	883
9	523	60
7	54	182
96	985	774
9	1014	2073
2789	11	1702
229	24	7371
0	8	6464
1235	24	10555
0	167	687
9	78	151
7	334	72
5	76	114
2343	1285	2
833	8	9307
0	8	7697
0	406	95
9	1179	237
0	87	60
5	100	2252
229	24	10556
3493	209	11486
9	27	567
1280	79	9596
7	159	1080
7	146	208
7	129	1942
848	8	18
9	723	783
7	134	346
9	24	1231
7	85	619
557	1631	827
44	76	476
26	11	1004
175	19	1912
9	55	5633
80	87	613
7	11	10103
7	11	174
209	22	82
9	215	4783
99	78	322
9	323	474
9	43	6904
0	121	185
5	64	3214
9	64	327
971	15	183
9	8	387
641	514	1164
5	64	1610
9	907	1807
99	13	44
175	27	5733
446	91	18
7	996	2023
9	8	6229
787	11	4104
1610	13	7092
0	137	1522
195	181	3386
3478	8	2
0	935	781
229	461	3245
229	146	7674
66	24	7272
9	127	8137
1753	3	54
7	528	8419
7	11	471
1381	109	8191
137	155	214
7	323	60
25	205	197
46	666	72
31	24	72
7	76	3791
99	8	1264
7	444	169
9	121	72
648	8	11522
2913	22	4330
7	55	806
9	22	2871
0	11	54
31	91	3439
9	54	365
7	8	284
0	349	3717
635	24	6989
7	119	60
9	8	8514
26	159	7931
7	737	4329
110	559	6794
44	109	99
31	11	8129
9	8	1765
7	22	8538
1153	127	2374
9	8	395
0	8	532
9	8	4625
208	22	8320
229	24	9332
9	495	561
99	159	5981
9	8	4214
472	146	656
7	677	10881
99	134	1118
9	76	743
175	79	785
428	11	1121
3308	28	471
9	11	6607
5	129	10852
0	19	1575
7	8	458
96	935	1847
0	23	3175
0	91	222
165	109	1694
1468	8	132
7	8	10238
26	186	858
1794	11	54
9	55	600
9	128	1175
0	8	1777
7	24	7938
138	261	10377
7	11	2006
9	17	6730
618	8	5552
262	727	10471
0	155	7488
46	406	114
0	3	1184
5	49	6142
7	24	1251
46	17	9681
175	1067	60
5	79	152
9	215	8661
335	12	5642
9	17	4366
42	78	7434
99	11	632
0	8	9299
5	13	8027
557	76	13
882	601	1737
0	23	306
0	54	9663
7	907	1955
9	261	6651
99	356	956
0	3	68
0	43	44
83	3	3890
9	76	33
0	8	8288
0	91	8844
9	128	4130
0	485	794
9	73	3516
9	192	5655
1344	55	10886
5	17	8553
5	64	658
9	159	744
9	3	9775
312	747	4760
547	23	935
9	8	11242
5	102	667
7	8	1054
7	8	625
7	11	936
1636	13	3728
20	11	107
48	904	9827
44	8	120
1458	1079	2426
0	17	241
2288	8	706
9	109	9834
5	64	8642
9	23	7974
7	12	72
185	23	625
44	17	5841
448	1090	787
5	8	2898
7	199	619
5	11	1008
498	119	2528
1688	11	3889
0	199	6216
9	806	599
662	680	61
1043	1182	2766
2124	10	8507
7	3	54
7	1061	26
0	8	945
7	137	214
451	68	2421
260	29	4398
403	292	2769
31	24	6377
7	139	1879
0	381	263
0	22	4537
674	8	14
99	119	7877
9	8	912
133	11	18
448	196	1829
143	11	471
9	633	4838
9	41	883
7	339	7800
1963	323	72
0	3	3774
138	2441	72
742	115	257
7	22	3533
7	8	3949
0	65	55
9	17	7136
7	1182	4003
0	137	28
5	19	1109
2689	49	2
9	589	667
242	261	1295
5	24	2838
0	2004	5126
5	94	6984
7	137	5066
0	55	4631
7	55	1361
2183	503	138
9	269	4866
2192	19	2638
9	471	7001
2951	356	1042
2764	24	8178
9	49	5017
0	471	4429
5	109	2
7	794	68
9	17	107
9	8	7819
480	481	780
7	8	8806
2182	119	745
9	91	306
31	601	72
7	28	54
448	128	92
9	1194	69
5	113	783
82	76	80
83	11	6562
9	28	8301
9	496	18
9	78	65
7	24	2274
9	8	7273
2054	1020	9009
7	8	168
99	11	483
1057	11	138
260	1581	727
7	11	5311
166	24	197
0	8	7867
165	79	1138
0	55	722
1929	3	82
9	32	10501
9	3	322
175	17	345
9	989	1076
391	292	6158
175	189	8575
332	206	2354
7	155	10857
776	1022	1272
443	444	308
1622	24	625
3510	367	11556
99	8	9270
9	85	4641
9	155	11084
0	507	2478
74	91	185
26	17	3613
7	152	5281
9	348	640
9	8	11547
0	770	3639
1134	24	1137
99	348	4881
31	356	233
9	206	4115
9	62	618
374	8	260
332	206	3909
0	8	1904
9	109	3961
242	43	346
0	22	4473
9	127	9176
7	1572	6157
9	22	6223
31	146	8352
422	179	3145
0	91	464
7	8	4748
0	8	1667
5	11	95
31	1584	83
0	78	10675
31	35	438
9	8	11193
565	11	8331
422	87	997
7	11	9171
0	238	3077
9	943	3692
7	43	557
99	11	3357
9	17	2974
2586	3	54
910	1054	2167
175	8	18
9	2126	182
9	49	8521
7	15	72
99	53	4290
7	76	7589
1307	2290	3983
2335	146	2955
332	705	418
133	11	1618
2621	244	723
5	239	3715
9	368	54
682	134	809
335	8	10718
9	8	2823
9	8	5690
9	8	2593
44	668	8066
0	73	4465
9	64	3002
5	76	744
844	11	68
9	560	10258
9	53	2367
7	11	2030
993	11	327
0	109	54
46	87	388
0	474	2293
9	55	9763
9	11	1548
175	1798	138
9	87	1524
0	3	1388
5	17	83
80	381	3667
5	91	1677
525	193	876
9	8	5551
80	745	3826
175	356	7334
1026	503	567
553	113	1215
31	11	2427
735	55	837
31	856	1677
5	737	5947
9	152	136
0	1603	214
0	3479	381
80	244	6796
0	8	1264
857	8	4160
48	92	6346
391	711	5310
872	118	136
7	49	9998
7	113	1950
9	43	6000
26	8	222
489	2486	428
1662	19	2038
99	192	2035
25	24	6842
9	79	9462
2233	55	6230
0	108	4791
3112	15	9770
5	495	7857
3104	159	9731
7	76	6932
9	8	6254
0	13	963
0	134	102
7	91	11045
9	8	2856
46	11	4729
0	155	4577
7	64	2720
0	167	790
118	71	561
5	8	7946
262	97	379
9	146	672
9	11	7135
448	11	1517
9	109	1313
99	8	1208
9	259	5838
0	384	677
31	152	3694
31	55	2880
7	43	2019
7	87	512
0	8	9461
584	128	95
9	238	7038
9	55	9454
5	87	5862
0	695	3555
781	11	1954
1471	73	3772
438	238	1121
31	11	500
7	146	2143
9	269	4439
31	11	7262
7	3482	1777
83	17	82
418	2056	1013
787	28	7276
448	28	5483
175	19	10217
9	127	139
5	24	4762
137	91	7844
970	1145	197
213	8	8049
9	11	345
407	17	68
31	43	233
9	43	5433
195	159	913
9	3	2526
9	8	614
173	13	3663
3099	2950	1121
44	19	776
7	333	54
9	43	7470
9	146	60
942	3	1859
0	109	132
9	27	11316
0	134	3837
9	238	10181
31	336	97
99	106	8011
0	17	588
9	245	804
9	275	7997
0	8	83
9	134	499
5	116	322
1834	12	744
2457	37	590
7	65	1870
9	3505	820
7	106	440
7	13	4540
99	100	597
175	43	632
990	636	5987
9	119	60
354	12	1475
7	85	480
26	649	1535
99	8	2366
779	271	2267
1327	11	1228
335	12	10093
599	22	7701
335	12	69
5	649	5913
9	109	3781
7	3	8173
5	64	3032
9	113	1119
9	406	35
3348	1030	1264
7	17	1230
9	109	2
9	146	893
7	11	2923
7	6	9650
0	17	68
335	1683	1683
9	8	6120
9	12	11453
311	381	263
0	17	33
213	238	132
0	91	1777
1339	1025	10624
457	290	725
9	145	1624
99	12	1638
9	91	10493
143	1164	392
9	43	2673
9	100	6951
52	119	1517
262	290	298
9	152	406
9	64	1466
0	106	3237
80	8	72
9	105	5208
7	3302	11211
519	520	863
959	248	1901
152	850	4412
9	257	96
9	64	221
679	28	5568
9	24	4911
7	129	648
557	215	10132
281	227	54
25	30	25
2218	108	5944
117	53	5298
31	24	140
5	17	0
31	35	177
31	22	5039
714	707	2424
7	55	611
9	8	7043
9	76	241
2031	146	2448
7	159	922
335	215	64
9	3	3133
9	189	5524
0	24	221
9	103	106
9	19	2663
160	54	1982
2761	22	4499
168	339	8358
143	11	2770
609	215	5955
374	11	327
9	8	3951
0	8	7215
7	339	493
9	19	2360
7	35	4044
9	22	68
3401	113	1702
0	1650	1181
31	24	5473
9	8	6266
1803	159	72
9	100	11095
0	76	1554
7	73	99
175	76	9346
5	8	6578
5	11	1868
9	11	11407
448	195	182
213	113	878
7	2160	10753
0	206	871
9	13	647
446	237	8601
5	336	44
9	11	1121
31	515	72
733	24	64
7	8	2369
5	206	68
35	22	4698
31	11	5844
82	76	11085
9	8	10896
165	8	8994
498	11	383
1085	127	421
9	113	9437
213	128	289
9	106	1160
7	24	1797
9	13	3157
175	677	776
5	119	776
9	2570	1294
184	760	11340
9	193	534
332	206	234
448	11	3097
5	8	7468
44	8	54
133	503	10163
0	651	1208
505	91	5313
3224	479	5657
80	155	182
493	13	812
9	128	263
31	22	2437
9	146	9472
7	323	4217
5	128	538
9	159	5099
96	3	6380
7	49	1333
607	747	114
0	108	72
44	3	387
423	215	2081
1108	22	1333
31	146	1264
9	134	1517
1239	277	567
946	2420	1786
99	22	242
3127	24	9816
7	854	186
893	400	1206
9	3	2926
5	22	82
9	8	7217
443	476	33
0	64	5997
5	49	9509
281	19	3794
7	192	5980
9	8	1265
229	24	9892
260	8	2035
0	79	11578
5	515	513
498	2365	886
9	78	420
9	368	4892
48	11	706
44	8	509
679	8	784
52	13	7339
9	32	2074
724	78	237
9	35	443
5	269	497
0	155	6977
1085	3028	1049
31	611	1252
445	24	138
568	8	3423
44	8	1264
5	239	8363
0	13	744
7	339	5467
2294	55	6268
1395	2153	35
9	45	445
0	1664	7193
7	8	508
7	11	2016
9	49	4821
0	56	3443
0	121	60
31	755	1455
448	19	2360
1146	292	126
7	189	8327
335	400	6158
7	113	4068
26	106	820
9	11	4126
242	11	6072
9	28	33
7	127	953
31	23	443
175	78	513
1842	24	2575
0	238	241
25	8	5633
9	91	44
66	24	7727
229	13	8017
234	8	1417
2864	12	597
0	8	930
0	809	1137
7	49	8598
9	8	2746
31	119	1109
478	155	136
184	11	600
867	215	723
648	718	1368
9	109	2518
104	3	1938
9	11	7277
0	146	3123
335	146	61
31	68	7388
7	24	1640
0	55	6652
31	1080	298
99	19	11042
5	3	458
26	17	102
2027	900	1964
0	514	3102
1043	152	3073
0	315	2113
0	707	3787
9	55	5516
433	11	2074
99	55	607
9	8	6991
335	12	6924
2557	193	7360
0	55	780
305	193	4663
9	55	4469
5	19	2
9	43	4152
26	11	263
335	12	5914
1842	587	2437
7	128	33
1846	261	9196
242	873	3395
0	227	458
1816	215	827
448	28	1475
9	62	625
83	3	8174
26	11	79
26	137	221
9	12	434
5	1881	509
7	339	1795
7	49	4382
0	8	19
5	17	5078
31	24	1766
9	954	6512
7	22	10164
99	8	102
0	145	1661
7	76	9573
0	900	7436
31	11	7292
1057	3	82
7	1572	440
0	315	465
7	55	3248
0	623	776
9	152	939
214	43	278
0	43	2152
0	22	1775
635	24	5119
9	13	5447
7	8	6369
9	49	10636
1911	12	1033
0	315	2720
0	55	9761
5	91	1395
595	169	1449
7	64	4591
0	13	2751
9	17	679
9	24	2761
2355	747	60
9	481	182
7	384	9877
0	100	1497
44	38	1158
175	11	3074
0	11	1511
52	13	40
0	15	3473
83	8	81
869	306	2
0	155	3978
1547	28	5013
31	119	183
2258	28	61
7	22	1848
25	13	8905
7	76	868
372	97	208
844	120	68
448	76	5278
0	55	667
9	55	1541
44	8	1121
9	8	9113
9	27	822
26	87	10047
9	3	345
48	79	5153
7	302	1554
9	8	9079
31	91	7129
25	1300	2036
9	91	780
26	94	242
9	55	4867
7	172	44
9	146	11072
31	55	6279
7	13	195
44	134	5466
648	8	6083
387	120	6946
3307	43	10616
9	55	9266
175	13	1008
9	181	214
82	76	386
9	8	2436
344	22	4330
9	87	290
9	54	766
160	384	221
166	1686	213
807	570	791
335	484	744
276	470	6592
7	11	3645
26	3	1018
7	17	102
7	54	1802
1015	12	915
156	137	1801
1705	24	11285
175	152	4511
7	24	1791
168	193	487
5	155	54
1043	75	613
229	8	9927
7	109	27
935	55	2210
359	730	246
9	137	2542
1134	196	505
2168	11	138
403	113	443
5	23	1926
777	49	9869
7	24	4909
99	8	7425
1245	731	2865
99	19	5622
127	11	6254
0	124	151
26	11	8537
957	149	1899
31	238	10691
7	935	458
1015	12	443
7	238	1786
9	727	1519
26	24	10124
9	11	9178
9	190	397
7	137	7396
489	747	8704
5	11	10940
9	78	7240
1241	55	2592
0	8	10736
9	19	2433
1013	23	2071
335	12	791
0	300	4301
7	152	820
0	209	10189
9	1080	60
9	113	8217
0	356	2512
9	141	3796
7	450	3419
99	323	182
7	139	613
31	1145	1638
7	8	1355
9	8	2657
797	977	5378
0	8	1626
9	470	29
7	146	706
7	206	2369
9	85	600
9	119	92
2535	12	443
9	64	6470
2046	22	1113
9	49	6171
9	371	1008
31	65	4727
132	2330	3212
1559	1560	1509
0	702	1637
9	24	4550
31	22	6274
168	76	5454
7	24	182
5	472	44
0	68	5238
0	8	68
7	286	10316
7	11	1642
306	306	381
9	13	6822
7	11	388
864	24	2998
0	169	6113
7	119	44
99	286	3652
99	11	3062
999	45	488
234	49	732
7	259	4256
9	32	6511
31	49	2641
1127	1128	83
1845	322	497
1803	12	443
9	611	5439
1026	202	1476
80	907	769
31	35	570
175	17	5498
0	292	5478
1435	257	3126
9	315	2148
1544	22	1109
1504	3243	2815
31	11	1034
9	8	5495
7	11	578
234	85	1025
262	313	1013
137	129	301
9	336	7969
9	11	2116
7	1496	284
133	11	8008
391	1596	3606
9	238	6402
1438	59	64
9	12	93
2268	1182	1259
0	73	11510
7	109	220
0	935	915
86	8	8355
9	13	2170
3004	1077	1540
31	819	1682
7	28	517
7	64	8937
0	55	1813
9	73	1147
7	78	555
905	17	5330
31	24	2858
213	269	1083
391	35	354
31	1207	26
5	11	2331
1416	1068	3072
340	79	5143
229	24	257
0	49	203
812	79	54
837	8	33
0	224	10373
9	28	7328
505	1271	488
7	2854	1883
0	257	1049
0	118	112
2713	128	95
175	907	234
0	91	326
234	8	319
9	8	246
704	206	68
80	152	692
26	147	132
9	8	1834
3262	102	177
5	2743	60
7	97	1119
9	8	6708
0	73	9984
9	8	2572
99	8	1767
7	12	6027
9	259	11050
0	8	30
0	13	521
0	43	8694
2604	2319	567
9	328	8456
3453	13	508
7	8	2598
7	206	11502
9	11	936
505	24	5500
3255	589	820
44	100	5195
1949	515	1175
24	1870	1367
0	29	2728
0	616	1112
184	64	1676
25	49	7594
0	623	1517
9	687	1295
7	11	3015
192	49	6407
2930	155	44
838	8	60
201	11	4949
1156	1971	11562
7	1348	60
7	49	817
46	28	13
7	49	9666
600	172	2577
9	224	383
7	23	791
9	8	8122
80	358	723
156	137	214
7	406	306
0	474	730
7	24	1964
168	159	6317
242	11	1228
9	8	10342
866	503	138
148	149	9275
9	381	271
229	24	491
990	321	1831
9	27	6956
779	24	1057
7	85	2758
0	15	883
74	381	1709
9	87	613
198	97	3839
1590	106	3593
2471	54	6954
25	24	7413
175	8	3299
2529	13	588
335	12	625
9	373	440
0	227	1277
0	55	8993
7	118	6860
80	8	10640
758	336	2041
195	78	35
183	24	672
83	11	3890
5	17	1882
9	17	11134
9	8	3305
7	49	312
0	24	2562
478	215	2703
9	27	2066
9	362	8091
9	27	9163
46	169	63
2686	24	72
0	91	2491
5	488	2918
31	85	5224
335	570	998
7	315	353
31	729	4193
9	109	4081
335	1302	1551
3191	128	1831
0	239	1121
31	43	2116
5	358	1630
0	323	60
982	47	35
7	24	3384
420	11	625
7	8	260
3037	91	185
9	11	138
3462	8	3073
627	1030	5799
2435	8	10747
7	106	776
306	55	978
7	113	1638
306	109	1279
2263	1668	6122
0	978	1206
44	2092	7960
153	239	530
214	461	4755
214	271	922
31	24	11498
1363	24	6258
9	11	600
9	23	2704
9	1765	4912
992	76	557
9	463	1066
505	406	1042
44	119	2064
0	8	2452
0	2273	6151
0	8	4082
0	8	3829
7	119	453
99	8	151
5	17	979
9	97	1703
1490	47	1137
44	76	54
0	503	114
26	17	152
175	24	5874
694	11	1055
7	85	7936
1040	356	1042
0	468	651
9	622	1121
1747	17	4123
1102	55	1179
9	19	9136
7	17	625
9	134	8836
143	470	1622
31	91	10627
9	3	190
0	145	3209
391	711	6421
58	127	5694
9	257	9376
0	257	1926
9	255	233
99	8	29
557	11	631
9	53	2858
9	297	793
5	6	58
175	977	613
9	1832	580
9	8	1390
9	269	577
9	24	10
9	43	140
7	6	3679
9	87	11119
195	196	2718
1008	215	253
5	146	497
9	109	99
99	8	2035
9	238	443
1846	146	3871
9	8	10716
9	15	2505
9	55	10696
1150	16	182
862	215	2766
5	55	806
7	146	807
9	28	1121
31	814	1228
0	472	723
332	977	603
99	152	95
31	12	3049
7	310	136
9	8	8936
0	13	458
0	109	9507
335	290	613
24	8	11542
74	564	10487
374	8	9327
0	8	158
9	770	3681
9	8	1302
5	97	233
9	55	2517
262	707	6618
0	495	67
0	8	142
1982	152	653
7	177	3325
80	55	10049
80	384	1393
952	55	381
9	8	6786
175	11	440
2935	116	2767
1198	28	2461
9	85	1264
9	8	4385
0	206	1137
5	109	4212
524	238	381
0	24	7557
1293	12	2719
838	564	781
556	129	3587
7	53	72
9	119	1926
5	17	7186
0	192	221
229	24	5471
44	95	7282
9	11	276
5	141	5969
413	129	639
9	17	7115
58	286	482
1147	250	1281
1547	24	7474
9	43	10938
80	468	487
182	23	4502
9	477	132
9	12	9425
575	702	8479
9	286	11276
93	94	94
20	11	9043
7	8	858
335	570	9284
175	17	2033
143	11	6721
26	24	10884
1026	707	11467
9	113	6228
175	109	872
1521	106	776
9	23	1995
7	43	5537
9	559	416
5	137	114
2208	737	5916
0	85	7705
7	809	10001
9	79	7603
7	27	7706
258	64	476
31	11	8865
234	601	3692
25	24	3421
9	141	1229
0	167	8328
213	468	878
7	23	4873
0	8	5249
9	286	4462
9	147	1147
0	155	828
44	651	30
9	381	5304
378	476	4891
9	109	2278
26	87	10190
1220	381	2537
1748	209	1765
0	119	10279
0	106	60
0	137	26
175	11	208
3320	871	9116
175	17	751
1404	22	9589
143	271	7373
2338	24	8062
746	747	338
7	73	577
9	8	807
9	206	234
852	13	392
9	24	718
0	24	7005
9	523	763
9	13	667
168	76	766
31	1376	327
0	8	8110
0	24	6934
263	97	1540
1634	8	1281
293	91	1052
9	8	1213
132	76	1662
0	55	10512
714	267	6894
1056	224	376
759	146	1463
9	65	35
7	24	11326
292	3	276
1021	269	2093
1078	28	2041
0	17	11317
104	17	29
132	54	280
7	119	1942
7	3186	214
0	1542	9188
160	78	1829
974	76	2236
31	73	2783
99	94	821
676	1495	3295
99	1319	1739
82	19	1815
0	100	7005
262	1444	4180
9	13	883
9	278	692
7	106	3756
344	28	8258
26	794	68
7	206	718
9	128	9917
9	19	555
7	107	570
7	91	820
9	8	9894
2444	179	6872
213	54	1630
7	29	7042
58	11	6739
7	29	11169
1469	1452	3233
1782	76	4286
7	85	1070
9	269	177
1637	8	306
9	79	6132
7	128	1630
7	11	3777
9	743	0
9	49	5046
0	159	1055
7	680	306
9	43	3602
175	195	6250
9	8	7245
7	1056	2171
9	73	777
7	22	1734
7	8	8967
0	22	3020
0	119	1788
9	278	3933
354	28	443
9	128	10371
182	136	6363
1469	286	61
31	339	5653
9	28	2032
0	8	3412
796	94	182
251	11	1665
0	544	929
9	269	723
867	24	3146
5	8	657
2098	146	7118
5	73	9511
1445	244	839
46	292	233
31	85	2155
9	8	10211
7	11	3162
9	8	4839
9	11	33
0	8	280
7	11	2567
9	146	7104
9	1454	151
99	700	214
9	935	99
7	8	4832
0	677	1121
9	783	1475
9	8	4536
448	128	513
9	24	7369
7	85	871
25	131	11056
9	1228	72
7	172	97
9	406	114
5	523	1343
0	17	3158
9	8	6116
9	11	114
312	75	1316
9	189	9856
26	323	4607
214	461	724
1480	2728	8882
7	55	4215
31	11	534
7	3381	5432
141	17	82
1907	261	1920
46	703	1095
0	73	6471
80	3302	10609
1340	54	2885
26	54	1642
1057	179	529
0	22	805
9	215	5180
9	8	4178
242	11	781
433	22	3942
694	1237	2583
138	368	82
505	656	1033
0	8	1517
175	24	4358
25	113	7127
0	43	72
99	8	769
7	24	3359
354	136	4475
3476	8	0
841	155	639
0	17	5078
9	13	5669
9	55	10415
9	55	8489
701	702	10078
5	206	362
9	91	9836
7	76	225
9	464	9746
9	128	4978
9	23	27
44	297	83
31	269	577
7	24	1291
31	206	458
174	49	204
7	705	1328
335	12	915
9	3	132
0	146	2
9	8	11349
9	8	434
631	585	27
1613	349	3659
9	55	926
2564	79	8247
5	141	2708
663	935	662
9	8	556
2883	750	2786
7	24	11479
26	8	1840
340	8	2019
260	28	5740
26	11	8778
0	64	1829
31	636	1384
96	19	542
3032	24	233
9	189	1540
9	17	2606
7	238	4497
242	687	1405
9	119	1070
9	73	1864
1326	789	287
9	55	8326
7	11	3730
9	339	168
9	128	3290
5	22	68
7	8	2096
9	28	287
9	406	306
9	495	391
0	8	99
9	13	2460
31	623	4649
987	8	18
448	97	913
9	22	86
0	306	107
0	315	997
262	87	1135
420	22	4097
2701	12	2
9	43	4223
641	238	3573
403	56	1259
80	261	2028
104	3	152
796	97	1765
5	8	9569
689	238	1175
7	6	214
7	495	11099
242	11	1290
1072	405	8034
9	13	8452
175	13	2047
7	13	587
7	189	781
9	11	1423
7	53	65
466	11	491
448	530	881
844	24	6705
2125	356	580
7	896	723
99	3	82
0	261	241
99	65	214
422	8	3067
9	472	1393
0	2327	3410
0	19	4745
686	97	2
0	64	8420
0	11	1496
689	159	3064
676	405	183
0	616	5885
1326	789	5015
7	167	9891
110	37	2254
25	24	7006
852	1789	898
31	73	5748
9	586	2902
25	367	600
634	28	27
9	934	1517
5	278	9866
7	55	809
9	139	1574
214	146	6439
138	109	1099
9	27	61
26	482	1109
25	24	9359
565	356	580
0	13	8222
0	155	271
3342	707	2652
2732	73	5226
9	215	915
175	134	5699
46	85	1025
2347	1068	6503
1481	636	35
25	24	9504
3501	79	258
9	49	11065
1245	28	3476
5	471	27
160	159	5577
26	564	662
0	8	1286
344	22	544
9	23	387
7	137	3895
9	141	1109
150	11	1517
9	28	3113
7	310	10842
733	54	8564
99	55	5168
9	13	7966
9	27	10131
7	339	1561
9	186	6549
9	488	114
5	113	92
0	55	1061
9	146	8989
9	11	4576
1146	76	625
57	381	263
552	206	126
214	17	3494
9	8	252
0	43	5169
5	17	481
1972	1973	1042
7	11	600
1115	146	640
153	488	55
0	82	132
9	55	6322
5	421	8642
31	186	4927
997	17	588
5	8	1560
9	8	11501
26	8	6719
0	49	4320
7	722	513
936	22	1848
9	43	10732
9	8	3721
1316	11	2923
9	105	10290
9	850	5823
5	41	754
7	167	1414
9	23	430
9	8	1203
2533	718	83
1879	24	866
9	238	9698
1486	24	225
7	28	421
105	914	1803
25	244	11335
9	8	4907
9	169	268
7	24	2568
1011	1012	2067
9	8	1974
5	22	1421
26	68	35
9	8	6770
9	85	1118
9	13	440
9	8	5962
26	128	471
0	53	221
46	22	230
1026	131	727
25	24	4044
292	1867	744
46	76	33
0	54	182
9	238	783
412	128	208
9	802	132
44	1368	507
9	28	7479
2244	24	2637
403	23	6911
883	24	1740
9	155	971
0	91	879
165	8	4298
160	137	182
7	76	1191
25	348	10338
9	8	5012
0	55	5760
9	601	1259
9	373	203
192	209	1138
7	49	60
9	11	6555
31	41	8846
9	3	5433
9	6	26
1602	12	1423
31	11	82
7	500	4291
26	23	2525
686	97	6091
31	339	6629
0	8	3602
80	109	3958
0	62	588
31	22	221
0	400	625
0	55	3616
156	181	214
974	76	9777
9	141	1107
31	24	480
1312	137	214
44	49	691
25	24	3021
0	401	4461
9	87	651
99	261	3828
1962	87	1475
80	8	5042
419	147	580
5	11	776
9	11	36
9	76	3674
448	11	1393
7	137	58
9	2971	9084
366	11	197
25	24	988
7	11	197
9	356	9801
31	693	92
7	11	2299
31	55	9753
0	55	543
7	180	538
0	24	9758
7	2482	1554
7	8	1703
44	8	3093
9	8	1118
7	43	6000
99	146	222
168	778	2880
9	109	182
83	11	3757
201	11	264
9	64	132
9	17	625
182	24	866
5	11	5825
7	514	1147
260	8	7502
913	3	744
168	24	1848
335	666	2125
1123	8	4898
99	269	723
1019	24	8795
7	11	3222
214	17	82
31	22	32
5	8	9826
96	1056	403
242	11	4314
9	19	6435
9	248	8827
0	22	9935
9	8	3498
9	512	1
335	24	8488
9	43	1421
7	919	5223
7	24	140
581	1455	2
242	11	975
7	927	33
872	269	72
0	155	4537
0	261	619
9	8	1333
9	49	581
0	100	509
1115	49	1531
335	136	1137
26	204	913
9	17	4726
7	106	2572
9	17	6849
99	76	3753
173	22	32
9	2618	4001
7	22	997
260	687	1455
9	23	1532
156	155	781
9	87	6906
7	134	1630
7	146	114
5	159	3706
505	119	2448
7	2009	387
0	49	7853
46	2396	6688
1245	768	1575
9	128	1662
0	95	298
344	28	2087
7	49	10851
7	43	1752
9	474	513
740	11	44
110	495	7424
3158	598	9946
562	134	8460
7	65	214
340	152	3777
31	22	26
80	196	35
9	141	2473
7	146	7667
9	17	2898
5	13	68
0	180	182
337	690	1678
9	100	1468
9	1080	4838
691	470	60
849	43	1662
2299	11	54
282	479	778
9	227	706
5	11	233
9	55	5495
99	78	8753
3339	24	10740
9	106	4635
9	1090	2242
175	11	7053
80	45	5963
1015	2757	1662
80	323	8593
77	8	60
0	64	27
0	209	3024
9	97	4507
9	85	2425
9	12	64
262	167	4240
1311	3	82
609	687	3259
5	11	683
305	306	458
9	119	1775
168	94	887
7	2476	887
133	11	611
42	91	72
9	49	1758
175	76	54
7	76	1037
9	109	10558
9	195	1582
9	3	9207
143	2278	6196
31	53	432
803	22	2884
9	55	8799
7	24	480
0	8	4372
7	245	2412
1665	3245	6392
5	19	3715
7	8	1927
9	8	3781
7	3	5475
810	167	1726
9	87	8913
7	11	327
7	12	2956
7	139	1827
9	78	4941
143	78	1087
130	470	2511
7	155	2880
9	159	2510
175	11	8723
766	333	679
9	11	1947
80	91	102
9	43	34
1969	750	3944
5	137	221
0	159	7983
26	119	1710
7	979	72
31	23	306
25	24	9971
0	73	8085
9	24	11291
7	100	1
460	8	2
0	55	5870
1931	228	4864
565	186	3603
1550	904	7873
9	109	1823
175	11	708
0	43	5421
192	76	911
9	292	186
0	977	9248
448	76	92
9	24	6695
0	49	591
2020	159	197
9	204	2171
0	323	6108
733	78	1099
9	172	2255
83	3	1938
99	206	440
2473	12	2274
946	514	593
565	145	27
175	128	613
1146	468	3744
7	53	1001
910	137	1155
99	100	706
7	155	61
7	277	1405
2711	146	7935
31	106	440
9	113	260
80	8	104
178	1388	6996
99	17	10419
0	1067	6198
9	27	9063
0	167	33
505	28	347
9	76	5628
9	11	1716
5	11	858
9	8	440
9	172	7315
7	188	54
99	538	727
9	1791	630
7	49	2081
5	55	10560
9	98	692
686	159	769
0	1061	4435
0	3	345
2043	979	1121
1026	24	2047
165	209	8517
9	49	1081
335	12	6259
0	238	323
9	368	82
905	11	588
9	485	64
0	91	513
3187	8	3692
448	11	744
133	11	1340
44	8	3207
114	8	10762
9	238	387
1970	24	5004
278	488	8075
9	41	9624
5	22	8845
7	159	6741
804	238	4397
0	1917	253
776	167	197
9	76	4979
5	11	381
662	59	4313
110	896	2694
7	24	8680
921	54	1812
9	76	7196
686	159	8843
3335	24	138
600	53	6206
1692	129	214
0	17	470
0	108	3835
344	119	1295
0	6	3841
9	119	2108
0	22	497
0	180	136
296	907	946
7	43	381
1962	19	2448
9	238	7012
7	189	471
9	206	2778
9	79	10500
625	152	1147
9	693	338
31	11	514
229	146	1628
354	12	4853
997	128	1630
260	2156	6347
642	2204	1928
403	59	7294
354	128	493
25	24	10837
44	24	509
9	73	1179
99	12	3049
7	206	1159
31	1080	3996
96	2436	95
7	1268	3756
7	586	2902
52	1666	9229
26	179	1316
7	1557	54
993	55	2023
811	24	2403
3152	75	289
2733	2097	8031
5	91	152
7	339	33
44	6	3853
9	22	4593
2914	13	706
1355	1849	289
3433	24	443
9	356	4815
1118	461	2729
688	507	6004
99	8	4958
335	616	649
0	38	6384
153	91	2
7	315	387
9	78	1147
1065	22	58
84	24	3354
9	11	8524
1784	18	4288
364	365	561
5	55	9855
0	488	426
433	328	3370
7	55	7080
0	381	9617
9	137	6537
7	1593	913
1293	12	443
1377	8	1203
9	8	7068
0	1557	381
251	131	6514
9	292	7721
0	471	6907
335	12	387
9	1507	7887
132	313	3822
9	8	2
733	1068	4176
104	3	718
9	772	3342
800	477	27
9	43	6981
7	2572	7399
9	8	4345
0	139	8100
175	3068	9552
7	69	613
25	24	7440
9	8	1613
0	43	1398
44	78	4990
9	11	5694
2012	186	1931
9	13	483
99	11	1658
26	172	44
9	8	9822
9	159	235
0	8	883
25	49	5934
175	141	530
58	19	158
9	100	191
7	11	3886
9	141	10433
407	275	18
200	585	2004
260	11	1377
165	8	7162
0	495	509
156	13	11183
5	22	182
168	97	513
7	24	5708
822	11	744
0	11	10581
648	209	1123
133	11	8374
0	17	251
505	261	2
1638	24	3737
9	348	883
0	64	913
1326	789	4198
775	55	809
9	97	1022
407	702	287
9	139	4981
9	444	4369
0	8	11089
7	636	5244
642	474	513
7	8	5285
7	11	8974
7	43	5029
66	24	10220
14	49	11368
9	339	1100
0	91	1052
697	85	1320
99	155	1077
7	17	1480
9	1080	534
133	11	8196
3511	520	11559
0	13	3461
9	13	222
5	6	3374
79	188	9184
7	747	7995
0	8	657
248	239	1682
9	8	1553
9	8	6197
99	146	6763
214	8	2036
371	891	4454
99	19	7649
7	356	577
1309	1310	2750
110	59	5892
9	381	11105
9	17	137
46	215	233
31	134	177
44	53	11543
2265	8	2105
9	17	6892
3239	255	10379
9	193	4169
26	11	7842
0	8	9788
9	54	6834
7	677	9156
9	8	8881
0	146	575
9	17	6244
9	2947	18
7	315	6082
0	146	2448
31	24	8421
688	6	58
214	8	251
25	24	6974
401	969	306
9	29	6778
9	24	9427
63	3	6345
9	189	2510
7	106	484
5	38	1080
57	146	74
9	1667	1110
7	23	11298
168	564	513
3414	23	1606
9	146	96
0	8	5885
1357	141	2638
96	146	1676
7	73	10903
9	55	7768
99	8	854
9	43	2819
7	55	2570
0	128	4104
7	100	856
1558	87	60
240	169	63
175	482	2387
7	507	586
31	193	197
1985	28	5049
84	73	9835
9	23	4068
229	718	6083
448	76	443
1123	78	1616
9	13	5613
776	78	662
175	3315	2350
9	13	10673
9	8	3456
0	98	8572
9	109	749
1161	8	3327
9	146	434
46	24	3985
44	405	1355
9	636	4068
335	1728	493
0	8	1411
0	17	11290
219	220	287
9	2051	214
335	23	9203
9	8	3300
31	24	8752
7	705	126
7	24	2346
175	2035	2
5	64	2838
46	87	6463
9	3372	692
0	146	74
5	19	7883
9	1058	7368
352	8	2
9	474	2765
0	238	669
412	17	82
9	85	177
0	55	11370
5	471	798
2646	2647	7679
940	3	491
7	22	203
403	28	4558
9	172	95
44	8	1562
1075	1076	2202
251	24	7648
9	12	126
5	2998	9230
7	192	1411
0	8	5273
304	17	2
1487	6	58
114	131	5595
48	3	856
9	53	72
274	140	2199
26	145	33
344	687	2031
2526	43	7238
3471	186	1557
1586	24	3579
443	144	6155
0	8	260
9	55	5132
7	76	33
0	586	35
438	544	1220
9	28	5237
44	8	9619
165	13	287
9	934	381
0	8	7188
82	76	5810
83	368	588
182	24	2185
0	11	10472
5	1324	715
0	27	2323
25	43	327
9	286	234
733	128	6860
9	1846	9040
1135	322	284
7	49	534
133	11	8234
340	8	242
9	22	10199
7	290	434
170	789	9294
9	82	2838
7	18	233
0	11	257
9	8	4862
143	128	185
7	106	820
9	8	1890
0	91	112
7	11	4462
7	12	4595
0	43	2025
9	11	1123
0	2936	95
498	261	3362
0	17	4946
214	11	599
420	356	2324
31	139	2401
268	405	3386
448	28	35
3176	583	10031
253	152	2786
7	55	3254
58	11	5783
133	11	153
335	484	791
9	97	781
1546	302	117
7	64	3873
0	38	7774
812	24	9175
9	19	7798
9	8	4693
1913	24	27
688	507	648
3160	24	9959
7	177	185
9	91	388
26	128	726
7	53	95
0	677	776
46	919	241
168	286	1590
3289	11	257
448	322	35
25	237	5737
2718	358	3476
93	167	197
0	2928	8878
834	179	4365
99	146	692
9	43	690
0	8	2696
2869	2870	8626
5	24	1080
99	2065	105
9	8	8264
7	85	9381
501	356	825
2187	43	7785
31	11	4816
7	705	443
7	23	400
0	62	53
7	64	33
9	13	186
5	155	4350
9	134	2390
7	11	9257
153	11	44
7	199	4987
9	55	1651
662	54	182
58	11	242
775	55	637
9	2210	60
3100	406	1109
9	209	242
9	43	1252
354	616	2096
1823	11	197
0	503	2001
9	172	114
7	22	1998
1940	503	138
1347	131	27
0	119	2766
595	146	1070
25	24	4583
5	17	7181
1015	1211	1902
31	85	440
5	49	58
0	28	517
1547	18	3607
9	1080	4056
175	11	631
1544	85	8422
9	515	12
9	617	5444
1040	356	825
9	8	7200
9	137	7511
99	109	326
857	109	6666
498	687	2092
0	129	10253
214	2114	114
1017	215	2084
314	131	2467
25	24	3167
7	145	1602
58	11	13
5	17	11394
9	55	2883
7	23	4558
9	8	2717
229	22	2580
499	109	132
165	49	4562
9	238	4677
0	134	5901
9	715	8055
7	19	5486
9	12	915
0	55	4215
9	65	2958
7	43	4853
7	76	35
7	1801	625
1107	17	54
7	3	679
335	12	9112
25	24	1036
9	146	4694
9	24	5771
9	43	7876
175	145	183
229	24	4033
627	1666	458
184	11	2788
7	87	2842
166	24	553
2567	24	735
9	109	1056
9	186	5306
9	24	6060
306	1666	3834
0	55	99
9	78	1829
31	109	7034
82	76	542
7	91	662
7	107	597
694	1793	1295
9	891	1756
156	137	6645
9	2205	107
1951	8	8531
31	22	112
258	238	54
9	3	4075
9	11	5058
0	137	1984
31	17	9490
175	24	2937
2400	108	6710
165	109	592
9	8	8800
5	1699	3942
0	119	788
2300	24	1196
423	11	6003
9	13	8883
505	907	2948
283	35	10196
7	119	1158
31	85	2266
9	13	932
31	106	10911
9	1049	4276
0	41	988
175	760	839
9	12	4518
9	76	740
96	141	8481
0	362	306
0	24	2041
9	1080	1281
31	199	222
627	206	68
451	159	1204
0	24	2269
0	11	1462
24	206	99
9	27	327
1008	261	1310
9	8	10323
0	100	1206
9	119	4713
0	8	8880
3491	24	2838
7	11	1718
5	1354	1703
3282	155	10549
44	245	2697
9	1080	6394
9	8	7529
5	2224	5960
156	22	11245
0	192	792
5	91	1310
7	55	5051
9	474	335
9	24	6833
114	339	8543
31	206	10945
9	49	9348
156	129	648
1369	8	60
282	8	1715
31	22	1853
678	85	9501
46	24	476
0	129	11426
283	146	2
7	11	107
52	202	1829
9	15	4983
0	129	1155
214	8	7642
642	802	10976
9	49	11379
7	868	764
0	53	1801
1748	468	5621
7	8	4359
9	8	9744
7	32	3
7	24	4492
5	190	1642
9	747	44
0	55	393
31	8	7446
7	17	1172
5	19	9334
9	55	4474
9	495	820
9	13	4830
1156	118	3977
0	13	970
7	444	280
25	461	4247
104	3	821
9	91	7612
335	131	4751
1551	146	1939
214	87	484
838	19	837
9	3	3924
7	8	1001
7	11	943
48	227	5403
7	54	5880
403	12	4873
96	97	1523
1471	1588	107
133	503	8515
104	3	751
0	22	776
335	616	7835
2196	159	1527
9	24	1077
9	269	47
1708	470	4748
96	236	774
0	100	5734
9	100	1189
3163	3164	780
971	22	1937
184	729	3603
9	92	92
9	19	2555
1963	215	233
9	162	6779
0	24	11023
2410	1137	766
9	879	1540
0	8	58
31	12	1353
99	1464	233
9	8	8395
0	8	754
66	11	7311
7	23	1606
84	24	5518
26	206	1913
2433	109	114
7	794	4561
993	286	1207
5	17	723
9	97	662
2087	128	2591
787	146	2659
796	8	138
3508	11	2074
0	65	538
9	238	5530
0	623	6163
7	8	885
0	273	2
9	17	4489
1188	24	35
7	24	444
9	97	2
787	220	3281
9	29	242
5	17	2180
2474	1556	11093
9	11	12
9	23	3049
810	53	7155
9	11	487
1345	64	3032
44	8	8356
0	64	82
173	49	9331
31	23	11357
0	315	1028
0	91	416
457	636	5704
31	22	222
7	13	1328
0	76	95
686	261	1295
156	119	1077
0	55	1482
351	19	542
9	238	10077
9	23	4184
5	24	5506
778	16	58
46	196	3869
9	286	1195
762	49	11194
114	131	3488
99	274	99
0	152	177
296	297	114
9	146	9041
234	373	27
2507	616	7166
7	301	451
31	24	4377
9	215	579
371	13	2105
9	85	11505
66	707	3007
7	1087	2227
175	11	233
214	461	1029
9	137	3285
9	688	6223
0	119	6112
933	295	630
0	1516	2575
9	269	3865
9	55	1404
9	8	8653
31	339	5425
9	313	327
9	196	913
229	24	8821
9	109	242
425	3	54
160	410	776
214	87	447
168	17	82
9	257	4264
5	76	1829
637	43	1182
20	503	4742
9	199	18
48	35	706
0	127	2966
1123	356	580
1398	24	3026
0	543	927
99	8	5366
5	11	1121
0	17	7433
993	278	253
137	152	8361
175	22	5490
0	155	10241
7	333	4110
1617	55	311
7	8	1004
175	11	9786
9	8	667
5	113	781
9	49	2313
7	8	3647
99	24	72
143	11	3661
0	28	4779
7	73	3502
7	12	13
165	589	1389
7	11	4335
9	55	7582
44	118	112
7	444	29
2140	2141	2548
99	186	858
7	24	66
2106	13	5571
9	193	4448
9	8	1836
0	53	114
804	19	10234
7	11	5874
9	27	1340
5	523	3846
9	19	2038
31	180	114
5	22	60
9	43	1589
694	18	1393
80	250	2047
940	3	11282
99	79	10060
9	3107	2758
9	253	2255
9	323	114
9	380	590
31	339	1822
7	11	390
99	105	5208
7	11	13
0	11	751
44	1466	2252
9	22	6066
7	8	509
156	603	1073
9	204	5363
9	43	5108
7	85	4510
175	302	593
9	97	488
2311	904	6334
99	29	2916
82	2461	10135
9	1631	47
80	503	114
451	22	9802
143	11	4998
7	927	138
168	22	3753
5	91	1052
175	55	5288
0	839	1643
648	109	491
0	11	624
7	85	177
3035	167	9384
674	8	99
505	1908	663
26	11	4238
242	147	744
5	17	7848
344	28	1228
9	78	10
9	8	1517
335	416	644
573	269	4368
26	540	1718
7	8	6936
9	49	3968
2320	23	649
9	15	5978
39	8	31
2121	54	182
1307	64	82
9	22	5777
366	102	2747
9	68	35
9	55	2710
407	356	2179
260	687	886
1327	11	975
337	8	1008
0	108	823
99	22	609
7	464	9718
9	8	9535
175	189	482
1355	100	67
2599	598	7475
26	495	820
5	128	723
173	49	522
46	290	72
31	334	3525
9	11	2960
156	8	5520
9	392	2279
44	38	1717
2450	28	2
0	8	48
5	11	4875
7	87	72
1299	22	363
9	17	2757
391	750	2252
7	8	871
9	8	9664
0	24	8434
686	22	1295
9	8	19
9	8	9682
694	97	723
99	8	5683
7	215	1726
80	336	5790
7	8	2195
9	938	18
7	1275	2670
234	85	9330
2975	994	657
0	109	611
7	76	495
9	68	1155
0	49	10235
0	3	54
175	315	5405
143	474	599
31	24	9603
344	28	2031
5	94	10105
5	11	2276
9	381	7645
335	636	6927
0	8	1187
31	336	440
9	8	7986
2021	17	887
9	17	9746
9	53	95
5	17	3148
9	19	10730
7	113	171
505	146	4046
0	299	449
9	871	6344
7	55	1296
25	24	7927
9	27	10299
692	159	9722
2573	292	7403
9	91	1053
160	384	4381
9	49	11433
2518	261	7258
0	24	11198
0	134	3682
319	1600	3612
9	49	11489
0	323	7005
1078	752	10236
31	204	1264
160	384	6450
2345	1793	6490
9	152	2130
1245	28	8580
7	8	8528
501	12	825
9	277	2580
0	8	4902
7	245	2397
9	206	83
1763	146	229
31	11	10818
5	11	943
1046	159	2386
2974	159	72
9	8	4926
0	24	2154
25	85	1333
682	119	1287
9	55	3280
168	564	2898
9	152	1346
0	79	2026
0	24	11206
7	142	10988
627	94	9881
9	53	4050
9	11	2074
80	935	908
151	152	7765
2674	661	1777
31	11	2151
1267	180	2648
9	2177	1457
5	141	1310
5	43	7027
151	152	60
25	24	2168
902	28	1295
7	115	866
2137	4	5702
25	24	6838
9	261	7958
728	8	2695
9	159	2148
9	109	118
9	13	8733
26	11	8260
0	8	11537
9	8	3675
335	24	1821
9	146	1932
31	106	7669
5	49	25
247	239	1694
9	137	9878
99	8	7668
5	56	484
173	41	706
3014	13	11215
9	76	5807
143	11	5264
642	11	740
31	24	4449
9	43	7036
9	95	6802
1929	3	4056
31	12	434
414	167	476
0	11	884
9	29	7838
0	17	1829
9	209	283
9	3	1857
7	11	3590
7	78	7865
5	141	393
1829	292	1683
9	206	3167
9	3	8654
0	8	3943
9	91	2312
5	239	583
378	56	585
83	11	138
9	79	428
99	449	244
9	169	350
0	139	11031
7	65	534
609	91	289
7	85	1264
80	23	1033
7	295	891
83	17	5658
9	406	776
676	507	27
9	6	301
99	259	817
114	131	72
9	13	1630
5	22	1333
0	49	45
175	8	428
99	8	440
99	152	1905
5	17	1099
536	145	891
7	146	222
796	236	3798
173	13	5240
1812	55	886
242	215	6249
0	13	1196
1547	54	10302
335	8	8888
80	12	298
9	43	4601
670	8	1243
691	8	1701
7	623	11428
524	17	873
160	421	832
9	22	9714
7	106	1160
1836	269	354
2313	8	6342
7	1596	113
9	61	4915
0	17	593
0	367	9475
1329	1058	2831
25	146	11263
44	8	263
9	310	221
7	315	2113
1397	189	471
1702	11	471
276	55	9887
7	11	1462
2188	381	5867
9	109	3095
31	8	258
9	601	706
7	13	509
7	22	4806
5	515	1630
9	8	230
751	49	301
0	585	8975
7	11	5599
9	146	164
0	55	2
9	23	5791
9	109	970
9	87	4108
0	43	67
7	11	11227
335	28	471
0	100	233
175	128	1643
1313	43	6759
1803	12	1369
7	94	1829
498	1493	1228
1922	24	4818
9	91	3560
31	119	1788
5	3	751
31	179	5201
335	292	443
26	91	509
82	19	6240
426	188	588
9	189	665
7	8	258
9	85	8918
96	19	293
7	73	1557
0	8	2966
99	11	326
242	277	1455
627	384	3009
1114	8	9906
165	55	3009
403	476	8999
5	472	2
7	28	1121
2021	3	10745
448	405	2
5	238	1414
9	8	301
440	22	58
9	826	1264
9	11	1517
1931	134	807
963	598	174
0	146	5896
0	8	9724
0	24	1649
7	8	7945
9	64	5998
9	13	3380
7	28	3184
3135	24	883
7	24	2352
9	17	223
7	2273	6814
175	17	781
0	474	185
3421	12	1423
448	11	1190
448	1680	2258
9	8	3621
242	297	229
7	119	6335
7	1285	807
1761	356	1423
9	100	43
7	24	4652
1716	11	683
96	97	482
156	55	5975
9	23	3577
5	17	10829
31	85	298
5	55	6656
9	315	60
2609	3	588
166	292	4876
7	6	4356
31	12	2556
1905	17	82
354	12	233
9	896	72
99	11	2637
733	919	64
44	109	7506
9	22	480
9	190	10895
0	24	1080
31	984	333
31	73	44
0	8	8963
1245	406	1165
9	186	3073
9	8	2427
9	806	132
175	8	151
516	22	2532
31	11	3832
309	155	58
1377	28	625
25	24	10473
9	106	9111
5	91	54
609	244	6466
99	91	7207
686	277	9582
369	146	5252
7	666	1606
0	209	2822
1737	145	385
7	907	10817
2260	623	253
744	24	727
7	8	1310
175	76	1008
0	128	155
897	24	213
9	8	5886
9	119	788
9	8	7635
5	64	4638
7	146	2288
546	113	828
0	1285	2
7	680	6191
80	64	54
39	24	8302
0	119	754
5	129	97
420	2016	2591
9	8	7524
354	12	7503
9	28	6008
7	54	3303
2520	405	247
1703	54	182
7	23	936
0	145	10658
0	109	10608
3143	306	667
335	405	8052
9	11	1757
9	22	7803
673	8	3005
9	507	10779
7	128	114
260	295	445
156	8	314
26	368	5758
0	177	7509
0	128	1630
335	35	1684
9	13	8558
0	65	136
7	17	471
31	137	5894
1114	8	2292
9	715	353
0	2866	3950
505	680	946
9	43	2
31	416	114
44	129	3
7	24	4245
7	172	1467
970	1776	10193
99	10	72
354	12	1540
31	11	1588
0	119	11239
9	3280	1135
60	127	7105
9	8	1611
5	11	1710
25	24	1123
5	8	9231
9	8	4179
7	11	3725
99	8	745
7	91	60
132	2055	1288
1649	261	619
5	1228	3290
46	1067	33
0	381	1517
9	348	5055
175	64	387
31	24	2078
369	121	9219
9	24	3080
0	113	1777
173	8	203
9	76	347
9	109	3480
25	400	72
7	294	19
337	8	33
25	24	3129
0	238	9912
9	1030	362
5	511	549
66	24	1718
9	356	33
16	12	1652
7	87	65
7	259	1025
153	78	64
5	17	751
7	574	497
2564	169	7376
153	356	580
9	100	5968
443	24	6158
3468	2120	11386
25	24	8051
0	8	1277
9	13	1794
9	8	132
9	76	5648
7	24	113
99	41	1394
9	55	6338
9	8	3294
5	19	2575
2145	2146	776
0	64	1517
9	49	7911
848	87	1967
0	315	538
0	91	11293
524	17	18
175	73	5089
9	55	3658
80	1668	10748
9	8	5849
7	43	883
982	47	11275
31	6	214
565	3106	1582
335	12	7723
0	778	3
0	726	4962
9	91	132
1852	24	10985
1277	24	2676
0	98	1206
0	22	1931
0	523	7534
99	17	102
165	13	114
175	55	10551
0	1932	10026
490	128	803
9	1994	2960
2398	8	1424
1085	3	4213
9	79	5573
0	324	9216
80	91	613
0	43	7682
114	11	7551
2234	1973	4684
9	1722	3787
242	22	3139
5	17	3600
96	8	5956
42	91	388
9	27	2239
7	274	27
1273	28	1191
5	71	62
9	55	8915
242	261	619
9	29	2034
5	17	102
2337	895	483
7	64	740
80	11	745
1500	707	158
9	13	2518
391	711	8715
2666	956	7732
0	8	5848
3450	87	7249
0	750	10614
7	206	4539
864	400	234
9	134	2366
175	62	1571
9	137	966
7	11	10892
175	28	6672
143	76	387
753	139	7109
588	71	72
7	119	9694
9	322	9929
448	87	2185
311	13	8971
374	8	1517
2280	24	222
175	406	9161
104	24	1355
1781	8	1388
175	540	234
0	76	7584
80	22	8457
9	8	1041
0	4	509
5	19	2820
9	179	1677
7	1023	60
9	8	10035
0	13	3685
1499	18	3308
0	2377	1897
9	91	197
2014	956	5925
7	11	3885
7	24	858
335	811	346
9	8	1638
9	13	11178
24	540	1164
31	310	507
46	1599	221
440	155	487
26	85	1025
9	259	1638
9	8	872
25	24	11403
0	159	3247
662	406	443
7	406	486
9	472	223
9	2957	630
9	8	10587
557	127	1889
578	579	228
769	155	221
9	17	7752
3172	708	10010
0	19	8500
234	49	60
214	358	1076
0	119	3210
9	64	289
133	11	27
446	6	648
720	19	605
143	91	730
9	19	2638
26	238	340
0	27	4586
0	91	10575
5	129	3
7	11	2093
9	13	7766
1531	1125	197
0	100	1864
9	19	33
9	896	381
9	11	10216
2661	131	600
9	8	242
588	238	4926
9	38	58
1425	28	8293
80	206	83
5	54	3897
706	277	1331
25	43	67
26	8	706
9	199	7350
801	124	1552
0	972	1942
9	64	7994
9	24	3477
3312	167	10639
229	146	1222
46	76	327
1304	24	7855
0	79	68
2801	23	61
0	19	4062
9	186	1099
1960	244	68
1980	8	1277
1720	113	61
9	196	1829
9	474	95
9	471	132
175	11	2116
9	55	6191
9	356	825
7	8	2720
175	3	2492
9	8	18
1299	8	2695
31	6	4312
516	146	10119
812	273	1653
175	558	631
31	22	306
31	146	26
175	19	848
1916	6	301
262	22	4097
335	215	2297
7	942	237
1747	11	4522
505	97	774
31	102	177
242	508	3744
74	55	1709
31	12	1477
7	76	1781
2140	22	27
99	49	1067
7	76	1316
7	35	9776
7	8	271
7	559	1766
9	8	610
9	100	9669
9	19	7141
0	8	2
99	11	975
229	400	11257
99	128	852
9	62	3034
7	113	1285
96	871	6344
9	22	8046
9	295	3383
9	8	3079
7	167	776
5	1441	29
9	450	706
762	747	1496
0	87	30
596	76	33
335	12	8788
96	155	946
9	1238	434
1058	75	3009
7	15	9027
31	106	624
1430	53	3107
46	17	1238
9	216	9918
0	3	2526
0	13	3935
3430	64	117
214	24	8808
242	12	443
7	349	112
0	507	780
58	97	723
774	76	246
214	24	400
83	11	2759
175	954	1895
1948	1333	138
1367	8	2406
137	1522	60
7	91	3410
165	209	2682
7	91	4204
9	87	2155
0	55	10398
9	28	515
9	978	542
5	11	5913
7	193	229
175	11	2
5	127	322
7	8	688
1972	585	1711
340	8	5315
7	24	2984
99	277	1234
0	128	3712
9	8	8855
175	17	4222
306	2912	2210
9	8	7227
7	206	8933
9	54	10409
9	43	6045
0	13	3764
0	4	1568
2771	155	11397
175	128	1662
0	76	6038
0	477	54
762	119	107
9	8	1281
9	100	7235
26	145	2530
9	1589	7122
0	13	1667
0	257	1534
9	8	10152
26	11	95
1700	22	1076
1363	24	7445
25	73	6720
1363	24	600
9	8	458
9	119	18
0	238	208
0	22	1333
1676	17	54
686	22	2092
175	11	280
9	564	8347
7	24	5337
757	129	1457
7	28	61
9	28	387
7	55	8993
9	269	997
7	384	4150
9	379	335
26	65	1629
3162	129	497
156	155	3940
9	227	304
5	2180	497
242	24	516
9	8	2621
2709	13	7926
0	297	1917
9	322	723
311	43	1633
25	24	8399
99	8	713
165	169	4703
7	528	4115
0	1406	1053
0	353	4287
0	444	253
31	8	10926
137	129	58
25	24	5231
46	17	8250
0	511	10706
694	636	723
0	24	3598
9	292	11226
2528	128	1287
82	4	208
31	24	534
31	11	11017
173	13	8121
374	8	289
0	43	6310
9	19	1912
242	159	498
7	128	996
165	8	9419
7	339	8731
2942	503	138
344	8	482
86	8	7870
7	257	335
66	24	56
7	269	114
5	95	95
9	19	1965
9	109	1127
242	348	60
31	349	538
80	356	551
9	54	6558
2865	85	891
7	206	1881
5	8	258
7	41	5461
9	137	6920
0	8	1617
7	64	0
9	8	1334
168	17	10749
676	405	114
7	76	9796
9	129	577
262	636	7246
505	97	363
9	19	6097
9	269	781
9	192	2035
175	17	2527
9	495	577
5	19	2448
9	53	7721
7	1268	6811
165	13	3246
260	11	3744
2696	28	7835
9	564	2014
9	206	5819
7	22	5532
0	13	4485
5	106	104
5	215	253
309	24	58
7	159	921
9	11	1175
0	129	2158
7	8	9347
7	8	1694
7	119	648
82	76	2574
7	15	3273
83	17	679
9	406	72
5	261	362
46	336	60
7	488	471
9	43	8014
7	560	8411
5	128	9484
104	17	8437
2470	261	363
7	28	868
5	159	1616
9	495	27
0	13	2790
7	24	10690
175	146	1137
0	11	1310
7	11	866
9	474	1348
165	146	8295
9	55	8721
9	570	625
2964	94	9062
46	707	1335
9	190	8532
126	113	532
0	206	7164
9	13	54
99	8	4573
137	55	11043
9	8	44
0	356	9150
7	65	3
276	470	1074
9	1058	2173
1614	128	600
9	24	764
9	12	1305
1385	400	841
448	54	114
781	109	8686
46	78	151
96	1675	482
58	11	11070
627	292	29
9	35	807
5	8	3412
26	11	3399
7	54	5941
2468	770	6942
516	146	857
1245	119	327
99	3	387
446	488	10110
5	73	1366
9	8	5416
2806	22	456
0	97	242
262	18	8566
9	24	4071
165	209	213
5	8	8451
104	11	54
7	177	2130
423	11	5146
31	59	1964
99	13	168
5	108	8243
1321	292	2796
1505	147	29
354	271	1135
165	8	1840
7	139	157
46	11	138
2541	6	58
5	323	11513
31	1405	3048
9	12	5876
3492	193	866
212	896	44
335	78	825
5	128	5300
9	8	9576
0	128	72
31	55	11493
44	55	132
398	73	509
1621	3	10775
7	24	203
2976	13	970
242	76	10
213	8	487
7	261	5723
7	76	2484
82	76	77
0	8	2901
143	11	723
9	919	613
9	11	9055
7	11	1055
3440	167	416
340	8	2823
80	87	10582
26	55	6579
9	353	2213
99	49	912
214	8	6749
9	935	7921
7	87	7569
319	320	2336
0	73	6829
0	49	2914
7	24	1202
7	259	2272
1505	54	1099
5	64	0
0	79	5126
31	119	168
1883	11	309
874	49	1099
5	8	807
9	28	625
506	85	81
7	1104	8541
724	76	2786
7	1850	58
0	109	2466
7	172	113
5	106	484
0	76	2400
160	91	9182
344	215	7410
9	76	1554
9	985	2510
2401	2402	13
0	1501	555
648	55	557
9	472	744
5	406	551
44	43	2056
0	155	576
9	261	3288
25	461	734
0	236	458
1826	193	4425
0	137	3020
7	85	72
678	544	1121
3066	1406	26
2207	22	5913
46	8	9586
0	8	10879
9	19	435
7	109	346
7	339	701
575	159	9305
9	134	11259
1704	91	3967
99	470	3685
0	339	1882
44	6	5335
251	24	6007
9	100	3041
25	49	1080
7	22	1557
31	79	1517
7	336	2825
9	97	10810
31	339	10143
9	17	727
1458	89	450
7	43	434
5	8	4671
1547	28	2
319	770	9727
96	444	482
84	11	3141
9	87	2858
9	400	4581
240	13	3178
7	8	4510
7	11	4473
7	85	1025
0	583	72
3116	8	9783
1635	24	3727
807	540	2059
9	79	298
9	109	72
2118	43	7336
9	2531	526
0	141	2534
7	24	3258
9	8	11069
7	1920	54
2985	109	6223
7	137	2488
595	11	263
99	286	234
0	11	208
335	128	443
9	13	327
31	106	1736
9	19	5172
5	206	718
9	8	9923
641	116	4684
31	8	140
448	28	1662
9	91	104
0	152	6853
448	28	3308
214	633	29
2186	321	5856
31	91	1766
2142	28	5706
0	13	1642
9	11	9040
9	128	7050
9	8	437
498	261	2528
852	853	1674
99	87	4494
46	421	3539
844	139	8759
0	8	3810
9	24	4188
448	238	1121
9	8	5142
9	482	1729
7	87	9295
7	22	1853
9	23	2306
7	737	60
9	406	1518
369	8	284
0	11	5987
229	22	1026
0	49	2061
7	11	188
7	22	582
0	8	3514
9	238	839
7	468	1237
0	129	331
0	13	10220
7	65	7593
104	3	387
9	109	11066
7	8	189
9	8	3201
99	348	60
0	17	387
2725	244	7993
229	146	6931
422	8	782
5	152	593
9	345	187
26	23	825
9	43	298
5	693	2625
7	119	158
0	6	1155
26	94	8583
104	17	120
7	508	443
9	8	8586
83	3	10448
0	381	509
5	11	1780
9	49	2157
0	128	892
0	1268	67
31	53	2022
9	23	6253
673	169	4444
306	8	959
9	19	3928
7	8	1944
940	3	5788
9	599	1786
99	128	1175
3258	55	6303
9	8	37
7	87	1446
0	199	2
448	471	624
9	8	3759
1469	196	8884
9	8	4954
80	261	3673
628	629	362
9	11	1108
9	109	11412
738	55	809
0	91	5640
9	189	13
1984	55	809
80	53	221
7	977	613
25	24	1081
9	13	1327
31	35	2179
7	339	9613
82	76	4711
5	1054	152
1442	119	9362
9	108	10
9	11	721
46	64	807
9	97	1119
253	152	10207
451	452	271
9	1104	821
9	105	110
9	23	4873
9	43	7213
7	11	4728
93	54	27
0	4	9126
0	55	67
0	76	593
9	8	2417
20	11	397
260	11	242
0	19	4719
5	19	2360
214	24	9838
910	45	36
2972	49	744
7	384	9366
9	152	221
26	85	4375
31	24	8934
184	919	10585
0	152	1470
99	11	4923
7	8	6542
7	315	780
175	120	7854
5	474	515
372	8	1664
9	8	1252
2138	2139	652
9	8	783
9	3	7422
694	22	1295
0	8	126
7	119	2937
0	237	321
9	8	1886
9	172	534
774	199	10943
9	8	5082
7	22	1333
5	17	8942
1772	23	306
7	64	10517
96	286	234
0	468	4957
1296	24	600
9	13	27
0	180	780
505	978	2448
44	55	1476
0	3154	27
1158	11	2382
9	55	388
1949	11	7989
0	152	416
0	55	4695
354	12	1551
5	85	10550
110	199	1183
46	64	625
995	24	7712
9	238	332
751	181	1875
7	13	3155
7	794	10804
7	919	599
26	11	8573
7	24	177
1363	146	107
31	106	538
9	24	8782
5	485	368
2723	87	605
20	17	9086
0	146	611
9	22	10735
0	73	10336
25	24	4963
7	11	1954
7	131	10422
0	146	248
9	73	1207
9	11	1780
99	19	8893
9	22	10305
168	1652	72
7	11	4793
335	87	2185
31	8	3811
104	3	54
9	11	2699
99	55	9919
225	159	302
175	17	1829
565	97	44
0	11	186
5	24	1641
156	65	35
9	8	1382
0	82	6685
242	472	1451
9	8	3213
7	190	188
7	12	6735
7	339	5319
662	964	6783
9	2131	12
80	880	1732
99	24	4776
26	474	37
7	760	996
31	523	10527
2226	119	534
0	8	3164
9	11	5732
9	523	315
492	261	5237
5	79	2928
0	55	6005
7	3	781
7	87	1533
258	8	7627
498	22	2528
0	56	13
9	472	3267
168	13	754
7	106	60
9	17	11572
9	109	5131
31	507	2491
7	22	214
25	24	5796
7	13	970
7	146	6812
7	146	440
0	13	1949
0	22	780
83	55	4849
9	8	7126
5	127	0
0	2488	1008
99	215	4384
5	134	7563
9	643	5013
7	24	2072
0	137	7340
0	91	233
9	8	625
110	11	563
9	24	555
0	55	8894
1710	444	3990
9	8	306
183	24	1250
440	129	3
1281	731	2687
5	8	9449
0	19	1107
0	216	6235
143	1669	185
192	169	4422
766	747	5301
7	15	3076
175	333	3746
2233	55	11341
185	152	922
242	2369	7057
7	206	151
26	616	1008
7	13	3555
9	1874	1944
175	8	2920
2874	24	8636
262	22	2756
9	76	1106
9	227	54
952	668	1892
0	129	7029
25	24	11573
31	11	5879
662	745	10477
0	15	54
418	1887	27
335	59	493
7	85	2491
9	105	9180
0	53	1286
9	55	74
83	64	82
9	55	883
99	11	2074
25	956	11554
96	277	54
9	109	3353
9	127	9821
2875	269	396
9	585	1264
31	11	2469
0	109	414
1291	503	138
7	186	2041
0	649	374
0	95	1787
0	8	5371
9	13	10260
26	97	2713
99	109	1160
26	11	8147
9	411	7315
7	373	9350
7	339	5349
168	128	513
844	24	4913
1118	24	11391
110	6	2958
44	11	9206
864	27	18
7	146	6011
5	24	4631
1010	13	508
7	1258	679
423	8	7550
2451	250	4769
9	24	7746
9	8	11369
258	13	7049
175	3193	182
9	633	1165
5	121	54
5	127	139
9	8	5458
0	6	10524
9	17	1301
44	22	58
7	119	11514
168	1067	104
7	488	10300
0	237	7293
581	18	5189
403	12	625
676	43	640
9	449	7243
242	22	1123
9	1080	480
7	315	1260
1312	129	35
0	12	10
5	17	1703
505	919	825
143	128	1630
168	94	4408
133	11	5041
9	76	1237
31	12	13
262	97	13
9	24	194
125	128	4825
0	113	7464
787	179	30
2119	313	381
9	564	381
1026	238	72
0	586	2902
0	853	2045
9	3	751
7	23	1995
9	79	780
9	238	10987
9	49	5418
1521	693	7108
0	65	2113
1474	19	3948
242	11	421
0	155	2880
2982	128	1662
0	8	3421
2286	17	82
2851	406	471
7	495	488
99	146	1264
7	91	3518
97	244	8762
7	705	11014
9	55	8902
9	113	1540
31	476	9261
9	8	9297
448	11	624
9	119	5341
31	22	1348
0	559	1206
9	8	3556
369	362	566
46	900	2748
654	76	9097
31	35	480
9	24	9087
175	468	54
9	128	745
7	43	72
9	8	9038
9	146	1125
5	87	10130
1065	3080	9611
46	24	5447
7	155	4227
682	8	5042
44	109	10807
7	28	745
83	3	54
9	11	7275
7	119	2559
9	8	223
31	76	10890
48	79	165
9	238	1829
175	97	1739
9	8	326
165	109	883
214	91	619
332	1666	6757
9	339	6449
168	2658	7699
0	17	2
9	55	6970
0	91	44
9	24	9920
99	8	9242
398	24	10838
9	8	902
7	1133	6365
9	8	2551
655	3	1292
7	152	5085
344	8	6995
143	544	7910
99	19	5487
899	900	1777
1607	109	3634
168	206	1099
175	11	483
3261	41	74
7	119	114
0	206	60
9	564	7332
1855	11	975
175	159	10758
420	356	744
7	22	1731
80	22	1526
168	73	7224
2123	334	5627
1245	65	640
1232	1037	35
335	12	961
7	24	9841
1372	19	381
9	49	1564
498	406	95
9	23	9801
31	22	7685
9	55	7185
168	690	208
7	17	3625
0	22	2953
0	11	3710
423	286	665
143	76	64
0	22	2174
9	22	6160
7	128	7745
7	904	4737
9	137	1457
7	1151	2372
5	22	5272
0	19	5506
7	622	5928
1278	24	6574
1705	167	6502
7	24	1503
31	193	1
260	491	6612
0	8	600
0	436	1160
1229	356	588
699	134	3325
0	141	2560
9	55	557
0	55	1955
31	11	10074
46	206	1920
7	747	497
25	24	6227
7	159	471
7	128	5887
242	11	6290
2305	76	151
31	507	648
3506	113	11551
175	140	10654
662	145	9267
7	206	242
9	192	634
7	292	298
1289	313	1517
9	43	11449
1705	1233	197
0	6	10669
9	381	74
9	56	471
9	152	3448
7	1225	2945
5	79	718
9	295	509
0	55	1332
7	11	8504
9	2415	2
2202	17	54
9	43	1469
9	128	597
44	24	5801
7	22	3735
9	415	3904
5	19	9658
706	3375	29
2078	896	60
498	119	107
1852	115	887
0	38	1677
175	11	777
74	134	70
272	64	588
9	904	9598
9	49	9639
175	11	471
332	206	971
0	109	1333
175	11	11539
1972	91	60
0	137	214
9	134	5547
31	23	6583
7	2986	9158
0	87	3216
446	167	183
7	11	2783
0	503	509
641	116	4106
0	134	5852
143	617	2586
99	11	9221
9	27	7634
9	22	5353
0	13	2054
31	416	1228
9	8	9990
438	1455	1187
9	1593	4941
419	356	4760
9	1447	3
165	8	706
1627	540	2161
9	362	515
9	43	8153
433	1039	8470
0	169	63
99	134	212
0	8	6096
5	1190	7228
48	273	706
0	55	680
99	76	740
7	2160	4715
9	76	7265
837	8	107
3049	24	9889
9	87	4520
9	100	11222
2893	139	9194
9	134	7611
99	79	83
2565	644	561
9	55	63
0	13	6400
1335	65	214
9	19	5629
9	109	1388
2723	11	2
0	55	4744
2189	152	253
7	339	6211
1046	55	10766
5	17	2371
1227	470	1137
9	24	1272
7	206	107
7	8	2824
242	127	1237
0	100	1163
7	245	1032
5	2408	29
258	146	588
0	65	3
662	11	390
5	13	1091
2617	75	197
9	55	1466
5	109	99
9	73	4937
0	113	4392
5	64	4277
7	8	1180
9	189	3890
7	8	6246
9	43	767
7	65	4731
46	97	8148
9	11	2720
7	8	1489
9	41	6120
9	3256	10482
9	236	2096
2747	570	915
5	17	11
9	322	631
9	11	532
9	13	1548
9	13	810
7	22	780
306	22	9995
9	2493	60
751	8	640
501	356	70
9	8	855
848	8	151
2080	485	3126
0	11	10957
5	17	27
682	43	8660
229	24	1217
402	11	44
9	155	1871
213	128	9601
0	53	33
812	8	132
642	1164	132
7	339	8050
5	8	144
832	91	820
175	8	326
168	2204	5907
662	113	4282
52	8	3216
260	113	376
9	8	416
9	8	3148
7	24	5408
44	146	2
9	54	887
344	79	1237
213	208	611
7	8	7498
0	43	6671
31	188	777
9	8	6797
448	321	4399
31	24	10947
46	64	54
682	134	104
0	79	5319
9	8	930
448	128	2
7	76	783
859	65	780
498	24	3848
923	17	82
31	934	3813
9	1406	221
9	8	8829
7	11	7212
9	560	1333
1026	55	1118
160	159	5115
422	8	802
0	17	781
7	85	4219
2489	761	8943
9	49	630
774	17	289
9	907	8029
0	55	6668
9	29	611
82	4	132
433	19	837
9	73	297
198	269	3281
0	11	1964
44	19	9383
31	152	26
7	106	232
0	8	1355
1602	12	3623
9	8	1081
0	8	2577
7	146	68
5	11	1310
104	64	393
9	8	6408
9	8	1932
31	23	416
31	11	9433
7	53	3411
5	109	233
99	651	1216
31	73	3704
7	119	183
44	8	10543
9	109	116
9	17	33
9	474	72
9	186	1341
165	19	756
5	159	11322
7	91	4278
7	384	2
9	85	6676
7	8	67
9	64	8646
175	8	8435
50	223	3816
9	8	11362
156	13	3393
7	227	706
66	24	213
2771	1182	8215
99	238	2234
9	238	662
0	49	11038
7	64	376
0	134	4985
0	49	8965
0	206	289
7	106	4787
9	55	1452
391	2412	10158
1574	53	3549
7	85	509
964	302	10754
175	43	6800
133	1773	606
2990	146	2659
9	152	2758
7	55	7673
359	503	246
335	12	744
9	8	369
7	23	11529
749	750	1437
5	17	6341
9	511	1077
595	802	65
31	119	3374
9	238	251
7	15	2422
9	134	6388
5	11	3883
229	400	1811
9	8	10790
143	358	2169
5	17	306
2449	146	229
80	128	72
848	8	534
9	907	3150
1103	856	727
5	1078	2577
9	491	1582
335	24	8357
58	11	9904
1597	180	114
9	24	2390
264	28	382
175	8	1662
31	43	72
2344	8	1264
1261	8	11177
9	17	1668
5	146	6039
175	206	1709
99	8	4975
9	636	126
9	250	383
0	794	883
2115	228	306
9	24	4592
742	24	4132
26	336	72
9	2531	3413
210	2315	30
7	1436	635
9	472	4367
9	202	2636
0	8	10831
9	43	7596
242	585	2652
83	3	0
123	124	126
99	11	8384
0	41	3627
72	405	6902
7	100	103
0	197	2927
2116	310	3178
175	491	1919
138	105	625
9	647	3947
5	8	5787
7	15	6642
9	19	2408
7	3447	440
83	17	54
175	109	2474
595	985	1990
0	76	1739
31	22	745
9	12	597
870	113	1706
0	8	8170
80	55	8637
9	95	8332
9	257	9492
83	128	1662
9	41	988
0	8	388
138	3	54
9	8	1829
9	55	10625
9	19	3685
607	47	1091
0	73	7810
7	11	3178
1450	49	4669
5	8	1411
31	942	2893
0	19	1133
0	24	790
335	238	443
521	188	865
168	128	2786
7	64	516
99	806	18
99	24	6527
5	1810	208
2678	463	7790
99	22	1295
335	12	1353
9	128	5352
9	8	6144
7	22	4847
9	238	10
175	11	5881
1860	1285	4534
5	146	7120
156	1507	4646
2502	464	18
213	8	828
9	8	3669
1693	97	233
281	79	152
2427	479	6819
0	87	509
44	64	229
7	633	4838
9	1080	1057
458	11	3009
260	11	223
0	128	4368
7	206	706
9	76	3226
498	566	4756
9	8	4157
7	8	7476
99	11	858
9	38	3151
5	119	613
0	8	1964
7	108	706
5	1125	138
1422	707	2
9	23	6404
99	17	82
7	23	783
5	22	317
9	8	5767
448	11	381
9	108	311
0	22	10374
9	896	6492
184	54	6080
9	11	3625
50	49	4945
1009	8	3188
114	131	257
1710	444	29
9	177	1094
234	19	10141
9	55	11456
9	100	1147
44	109	2973
7	106	280
7	91	1689
9	73	6086
5	169	63
0	8	8126
7	76	2096
0	55	1546
742	1773	138
9	11	383
7	155	10914
9	19	3993
0	13	10470
505	1406	515
552	356	1042
547	23	1576
335	24	1042
465	11	387
7	8	630
9	17	7
410	76	35
1984	477	5043
0	49	67
9	43	7429
44	49	2562
7	43	706
0	13	8245
44	49	2914
812	92	63
0	13	631
974	76	3871
138	238	5093
156	155	11221
31	24	3174
31	1122	2815
1213	411	951
7	245	151
31	186	1289
7	8	2762
5	95	497
9	199	105
1998	11	5266
2212	406	117
9	97	1540
0	259	92
852	13	2412
2788	8	8285
31	85	100
0	8	1870
1905	76	1540
0	13	9517
229	131	280
306	1271	8630
0	257	2488
1095	146	18
80	128	2229
165	13	580
335	416	3587
9	137	9498
7	11	2065
31	297	3852
26	598	11398
9	570	434
9	11	3363
99	261	963
0	400	5268
5	559	60
3292	8	58
9	23	534
609	146	44
9	19	10565
7	205	3891
9	49	744
9	137	1778
9	481	2960
0	17	1517
175	22	391
110	85	1665
7	23	1638
1187	24	3073
9	146	6976
7	11	4854
9	41	242
96	297	234
31	1124	5983
31	11	2955
0	137	6406
7	348	10247
403	636	625
428	193	744
9	8	3176
889	55	487
9	87	7954
9	13	4565
0	470	10043
950	269	1889
0	3268	9879
753	43	9745
9	17	662
7	750	10700
31	24	1525
9	223	640
1954	559	4935
0	24	7253
2029	22	487
0	109	10125
9	8	30
844	24	8916
7	119	280
7	159	640
2795	129	7844
9	55	7850
7	159	1147
9	17	35
1102	22	2262
1312	6	214
9	106	1308
738	715	27
7	172	2505
9	238	182
0	444	1777
160	321	4281
7	1067	3280
7	269	3958
7	11	10563
26	11	3011
7	35	33
2474	17	6959
812	4	611
7	809	1137
9	140	7607
1819	45	4412
0	91	3717
26	28	2096
5	8	953
9	118	64
31	12	2902
1407	13	9583
1043	22	182
0	1061	5281
1416	322	856
9	8	3044
0	152	1202
9	24	9692
1458	159	2426
9	755	7151
175	17	1845
0	8	1489
7	292	72
0	15	2683
9	8	2980
448	11	10759
44	137	214
9	13	4543
9	55	4318
9	189	471
9	17	5352
99	215	1936
516	8	6248
0	108	3916
1303	209	2736
9	8	11366
9	8	10394
1235	583	138
9	13	8
7	333	107
852	244	5241
868	85	391
31	11	963
175	204	2111
5	22	5457
7	159	619
9	181	648
0	495	3923
0	11	1219
104	3	0
229	146	6033
31	24	2981
9	64	33
24	583	183
7	3	718
9	495	5069
9	1593	1829
9	8	6204
0	8	107
9	890	3438
9	591	787
9	464	6494
175	11	1665
44	76	1121
9	137	182
9	55	9867
2887	292	10776
1197	224	4756
7	91	104
25	24	8428
7	23	5456
565	109	3110
411	1865	593
0	8	5007
9	12	9157
44	24	9483
7	159	1285
9	8	2220
5	2455	6912
0	1244	35
7	24	4599
9	64	54
0	43	829
440	155	2075
0	2314	692
7	11	1992
553	113	4801
9	73	887
31	35	5205
7	55	557
99	109	10100
1404	152	2251
7	464	5768
160	216	185
0	400	2519
242	97	482
9	55	5769
31	54	1998
7	24	2612
44	146	5994
1134	196	35
1120	55	2424
9	8	4912
5	495	92
2600	238	443
9	8	1006
160	1068	2810
1134	19	1099
31	1061	4435
7	1080	1766
7	8	4165
175	11	4495
0	38	3199
448	238	35
7	49	10362
9	119	3687
9	119	3374
1816	11	35
26	11	1310
5	1849	8612
31	495	9621
335	24	1702
9	55	99
2672	79	2723
1072	421	1672
9	2936	114
9	97	114
1933	693	253
242	11	683
7	55	44
0	19	1410
2024	28	868
5	8	10805
662	3144	776
0	92	92
25	24	887
0	137	221
0	8	13
2923	2128	1928
0	129	838
0	128	483
344	28	83
9	22	1407
0	238	2096
9	43	7864
31	137	4309
7	152	8983
377	943	61
5	38	1717
354	1137	1620
1568	177	27
7	23	306
9	91	1766
1043	507	301
5	11	4457
40	3	54
9	853	1187
709	261	5469
1491	119	1470
670	55	11229
1171	76	5273
7	406	7840
9	131	3743
580	113	8555
7	3211	33
9	128	1416
1363	24	306
9	55	6569
156	157	183
9	189	4
40	22	32
233	54	1407
31	41	1430
1096	24	197
83	3	82
7	24	8892
144	410	1004
1245	68	28
1585	461	416
462	28	640
31	85	1264
0	8	4930
777	55	806
2480	484	7700
877	28	197
7	12	915
262	998	29
0	145	619
9	13	1328
7	17	107
1394	110	191
7	11	11046
9	100	107
0	79	11182
9	1054	18
9	49	3027
9	119	1305
7	24	5927
9	783	515
742	131	10327
0	238	72
0	76	7762
80	503	11240
9	269	1121
9	49	10989
9	134	63
93	292	6858
337	41	60
947	585	1029
641	1314	2774
0	159	6741
0	15	10913
2176	261	5840
0	257	4080
9	1462	640
9	6	3
229	24	258
7	3	2941
0	8	10285
31	24	11052
0	22	6791
46	146	613
9	349	7739
9	128	4138
9	19	4214
99	22	76
2078	239	5454
1461	470	298
9	109	542
9	23	10725
7	206	1327
160	515	10668
9	11	821
0	53	1001
160	159	3247
262	315	1383
9	55	3800
505	1801	443
9	55	1863
31	737	2971
9	109	1339
5	139	92
2888	2084	2314
0	49	2898
31	24	6896
7	152	507
99	8	1388
31	28	29
58	202	7316
25	24	5359
5	19	1540
2220	75	5948
686	277	2902
7	76	36
0	8	10127
46	78	8690
3425	28	11119
7	24	500
5	186	790
104	3	6002
1786	11	233
7	24	3998
99	41	434
0	11	8599
26	11	7314
1096	2828	68
5	348	1703
0	24	1282
570	115	7395
1900	22	428
9	64	35
662	11	471
7	802	10
9	155	901
9	8	3589
9	209	258
80	1319	3280
2337	1090	483
2873	472	2006
9	1182	4897
311	13	462
9	8	111
9	190	633
26	19	4965
99	269	4167
26	128	5987
58	159	723
7	17	1930
57	146	591
7	53	1333
0	365	333
9	8	10510
9	8	5236
5	193	1940
9	55	8230
9	8	4036
489	2156	886
99	55	99
9	206	9668
796	22	3150
0	989	6944
2927	11	8868
5	24	10930
7	22	177
99	11	1780
9	11	2920
9	789	92
0	474	471
229	146	2151
446	339	5918
766	1030	8305
168	22	1848
25	269	577
195	3198	1042
9	8	3472
1750	131	4133
9	2340	829
7	71	1211
96	24	4528
99	109	1118
1846	290	10710
5	23	625
80	128	1175
40	239	330
2306	277	1234
5	73	368
9	76	13
0	3	387
762	3	54
9	1370	387
242	277	7661
9	109	8645
0	853	8276
9	238	366
3017	356	1042
175	474	471
7	24	4929
175	23	10972
148	146	229
182	136	151
498	444	29
2030	159	3470
0	4	208
156	155	1147
9	55	5276
242	11	1055
0	22	1421
99	4	8082
9	28	7014
0	1302	67
0	17	83
31	11	1767
7	167	114
46	685	374
7	647	1199
7	22	5725
9	43	1894
7	98	114
281	17	54
9	8	650
0	73	4676
63	64	54
31	24	11067
9	250	27
192	13	346
3242	146	10402
7	159	3247
7	295	2858
184	146	837
9	472	7918
7	8	1294
9	11	2362
7	32	1519
291	24	6732
138	17	516
242	22	4464
7	495	67
2814	113	443
1729	1122	1348
2081	113	1540
1085	368	5605
354	645	1276
740	3025	9336
812	109	99
9	43	60
1322	15	517
7	119	3623
584	155	3214
764	188	668
25	24	3349
44	488	788
5	1178	27
2976	8	6266
2246	76	6055
9	17	1774
2401	2782	1928
7	17	2888
214	54	4932
0	205	5850
0	3	1253
150	11	2305
262	54	3666
165	109	1185
7	55	1058
7	11	11223
165	29	3532
0	11	1520
7	8	6013
9	8	820
9	4	222
99	8	4374
9	54	114
7	64	2838
335	570	625
7	102	9186
9	13	3939
1259	1260	1778
80	116	182
5	85	7987
7	8	257
7	269	5036
7	24	5325
7	8	1704
14	8	263
160	159	497
99	8	1294
99	598	6919
7	544	182
88	1068	2
25	24	744
175	202	2826
9	8	6223
9	55	393
9	8	345
3346	271	72
7	339	4863
5	55	7254
1680	22	1956
9	306	60
9	64	2448
0	119	1777
0	192	107
39	59	1
1547	91	839
800	55	809
0	79	727
7	127	563
648	8	8603
213	384	4673
25	24	6260
0	8	9996
1412	28	392
0	76	1106
25	11	4042
0	82	5303
5	17	3132
35	261	3270
1597	566	7967
9	11	188
9	8	4832
9	470	280
688	507	9559
31	73	4738
46	152	10188
9	55	11195
46	2356	197
2844	2845	6567
9	27	5060
9	41	54
214	1305	6124
9	8	3548
9	8	7486
175	91	177
3427	55	11137
5	8	830
9	73	817
0	8	175
9	13	1333
7	152	6780
0	8	2361
44	8	221
3126	1145	9815
2717	576	1013
0	38	5399
0	8	27
26	24	9444
175	43	44
448	904	9941
780	22	32
1339	129	7714
137	1104	10991
7	601	1446
3125	356	9812
9	1434	306
5	22	9539
947	155	399
7	91	2815
0	22	10705
9	49	1987
9	8	5958
9	8	9119
407	278	629
80	17	4544
1115	1830	4460
7	11	82
7	41	2036
44	49	2790
9	109	450
3221	79	2
440	22	4863
9	1611	533
588	17	33
195	181	2958
3466	97	11375
46	22	3023
9	24	168
5	17	4725
1866	973	4541
1641	11	8128
2802	129	496
80	8	9025
99	261	635
7	24	2089
724	145	207
9	17	1230
0	141	1005
175	523	44
7	24	630
5	8	538
31	11	2620
1500	76	653
9	13	325
31	11	10434
7	495	114
448	11	2586
9	190	1547
9	159	3256
5	1817	362
173	109	1009
982	1862	35
5	564	1726
9	8	9994
25	24	10577
0	24	10179
1249	128	269
9	564	1654
48	8	60
5	146	381
7	137	4312
422	209	883
9	17	562
9	22	9540
9	8	27
99	586	1230
1245	22	6795
80	1522	1848
7	97	13
0	8	10435
7	102	1160
173	8	3302
1415	22	7259
0	19	197
5	1968	6423
9	13	298
9	146	8093
5	286	751
7	8	92
83	11	1159
7	17	6162
0	488	1517
9	29	2066
9	8	2552
0	261	1181
25	206	1672
1425	37	2885
9	28	514
7	12	10714
584	245	13
7	155	7931
1239	687	2031
251	503	2798
7	146	915
974	76	766
3014	302	7337
0	22	1557
200	129	259
9	15	3833
0	43	4178
7	159	2922
9	53	1766
736	495	29
1363	131	6329
9	12	341
5	238	1100
2799	87	464
7	507	648
175	659	18
0	119	2528
156	778	182
26	540	61
99	17	5138
26	128	11216
9	19	7949
344	22	567
5	8	8671
173	8	1425
242	11	8552
46	128	549
72	3	54
9	109	660
1198	119	11327
498	3	4752
260	147	29
9	172	5242
3455	131	11302
9	484	1369
7	24	10931
9	128	225
7	98	7274
0	55	33
44	601	67
0	3	470
575	576	1013
694	3	967
234	470	3571
1897	24	4668
9	41	3881
25	206	68
335	239	493
5	43	9430
0	82	837
5	24	3242
9	169	6599
0	49	6425
9	500	182
0	8	2588
733	76	4079
168	907	1848
5	11	1380
210	972	233
2070	17	8175
9	11	2929
1687	105	3888
0	8	242
354	12	662
9	8	2252
516	167	10429
0	55	7965
83	3	68
0	55	9280
7	2534	1777
31	129	176
0	514	9675
9	24	10823
9	55	509
0	1455	4961
175	76	33
0	73	3128
7	109	54
1040	356	9137
516	24	8849
258	794	1514
9	113	988
3030	8	807
9	13	280
31	22	58
0	269	497
5	238	1049
0	79	10157
2794	24	7790
1697	186	5141
7	3	138
7	15	8408
9	76	1965
44	8	1932
921	991	298
334	24	492
5	11	9739
1299	8	11161
0	13	3599
5	4	1930
26	470	1967
9	43	10946
2328	146	3685
1670	22	776
2098	146	229
5	79	258
110	97	5545
3092	2281	9660
9	199	132
2800	55	8329
0	8	67
7	146	611
1043	137	7149
7	19	8169
0	8	1579
7	406	515
631	8	2386
9	109	983
44	55	7462
2595	313	7463
214	8	1554
2034	76	487
31	32	26
7	8	4458
99	8	4351
9	17	9715
0	43	1118
25	24	9181
9	11	3886
9	2301	6291
9	23	1100
9	87	126
9	19	5047
165	13	9389
0	109	5644
7	1452	785
335	292	2
133	11	555
249	1793	354
9	8	3654
175	188	9965
31	11	3886
7	12	6028
7	167	28
25	24	8916
168	76	669
9	11	421
9	345	6039
1546	87	6229
0	935	2
9	8	6703
7	11	631
1212	146	2502
5	250	1281
9	969	65
7	356	1883
7	1190	613
993	97	2544
7	11	7119
588	8	2
0	146	11400
99	55	387
678	76	1121
800	8	99
0	23	1214
1494	94	3293
5	238	54
7	969	4271
7	141	4898
99	87	3511
9	53	597
478	677	2942
1056	224	491
7	8	2516
7	146	334
7	22	8413
7	11	4317
9	8	2182
0	43	780
7	94	7916
7	159	1015
7	406	1829
5	3	2991
99	11	471
516	189	482
0	49	3767
80	13	1509
557	277	886
44	1755	4155
359	75	1042
168	528	138
9	49	10717
5	24	296
143	11	10232
5	64	2265
0	6	7565
31	186	60
0	13	326
9	102	416
7	23	493
214	206	83
0	223	140
9	98	4912
263	1244	6475
0	3	1018
143	76	33
7	1006	54
7	189	95
930	137	1837
422	8	11210
9	3	387
281	11	54
9	6	114
44	8	60
214	85	4977
7	11	440
242	8	9632
99	8	54
344	28	1237
7	76	651
9	167	2432
44	17	588
492	261	33
5	64	132
0	17	2884
138	17	35
31	55	6063
141	2917	8815
9	180	1470
451	129	214
156	155	7860
0	79	27
0	92	4246
692	54	1662
5	23	821
7	907	3965
2166	1525	5803
5	159	4968
150	998	185
132	238	13
872	11	10679
0	129	35
9	53	315
44	129	1870
9	373	10086
335	290	72
258	2491	740
80	8	1264
562	134	3022
1043	73	8094
214	152	6528
7	411	1992
9	8	6279
492	261	233
7	69	3240
175	2809	1919
44	6	6795
9	43	1771
114	115	27
2932	358	2
9	172	5360
680	12	1266
9	113	3635
9	2230	29
31	241	480
5	134	5062
9	17	5566
26	324	11135
420	919	2591
31	1552	3491
5	3	3163
5	17	6782
0	68	35
7	24	183
104	17	555
0	726	11018
156	2062	2819
5	8	5567
7	11	4563
7	140	1375
0	601	2914
9	128	1259
1015	484	1369
1118	400	2304
2275	146	9440
9	12	10345
0	107	263
9	105	1118
7	127	769
796	11	11325
0	238	7306
7	22	4473
5	334	1025
0	91	2683
0	91	185
153	146	525
9	27	3521
133	11	8182
26	24	5874
7	146	3956
0	204	214
46	119	253
9	8	11237
80	141	4889
781	145	2155
175	471	10634
1287	54	2421
175	79	516
946	622	367
1102	1133	8006
225	8	326
9	8	10341
9	8	4602
0	495	5451
0	2816	4864
31	11	9205
99	128	1662
31	87	1384
242	215	4368
2922	685	1527
9	24	2686
1715	24	769
9	59	6798
168	540	2639
44	8	1369
0	17	667
9	73	72
7	8	306
0	15	2058
31	339	2369
251	146	376
448	896	1677
340	8	4890
0	22	1594
229	24	2800
5	87	513
156	53	58
9	128	5872
9	11	534
0	73	657
97	244	3055
175	91	8520
9	853	2548
44	27	744
234	802	1299
3054	136	9464
2079	1584	234
99	141	114
335	12	3037
46	11	723
31	11	7154
5	95	1787
9	180	114
0	38	2386
31	1061	5417
156	129	9054
143	144	160
1428	37	2479
673	128	225
0	8	295
7	73	177
832	19	9820
9	1849	1517
7	11	532
7	602	513
9	8	6023
9	23	915
7	24	8406
9	22	1381
0	91	3015
9	19	3192
9	28	3308
175	159	1070
9	11	5811
1008	199	4913
5	24	4195
7	53	440
242	11	416
7	91	53
3247	400	58
0	22	1470
7	49	10986
0	38	6524
133	11	11517
9	6	829
7	55	8060
80	789	440
5	11	9710
9	17	9594
31	49	60
9	400	7695
5	91	29
9	49	7601
9	238	7720
498	94	567
84	24	8348
9	8	7748
168	238	7733
9	41	5588
873	28	4967
7	22	10534
1024	159	253
9	11	666
9	55	806
9	181	1505
26	11	6885
419	147	781
9	24	4001
0	91	1264
26	474	7847
25	24	10916
9	109	60
366	904	197
40	11	54
2681	3472	5580
1018	22	17
9	17	381
599	8	5657
26	119	509
104	17	4489
5	1067	8015
9	65	6381
9	49	5542
1026	1027	1606
1318	49	2790
7	356	551
448	644	1190
7	64	3086
7	146	72
2959	290	3840
133	11	11331
7	91	105
46	464	230
0	97	381
175	238	183
9	49	1014
88	785	1519
335	290	61
2790	17	8292
335	292	2961
9	109	1715
7	11	4202
96	854	774
283	146	421
99	97	9562
552	53	4514
7	11	1310
9	79	68
2274	24	3891
9	2820	9843
9	381	6459
44	64	0
5	789	13
9	49	60
7	17	387
9	91	1519
7	8	430
7	55	72
401	324	183
9	8	438
7	109	2035
31	8	760
80	41	6487
0	49	754
1240	24	2589
50	49	7802
410	11	1238
391	392	608
2518	707	18
0	43	1998
7	55	5450
99	8	545
31	106	60
7	324	475
279	119	776
5	76	5191
31	55	1597
1400	179	8875
1852	24	7474
26	11	723
7	3	7431
1456	19	3192
9	523	953
9	49	5044
0	13	1264
9	91	168
1363	400	4531
2889	17	4302
0	159	3307
31	11	2346
338	78	35
0	842	2
7	259	9397
9	19	10352
1579	1580	3565
0	8	1535
9	109	2427
9	11	5262
82	19	11312
198	22	1063
1363	131	6016
7	155	72
3208	345	2
1748	8	2
0	19	373
26	11	3447
9	623	1536
0	127	1018
3345	645	6395
99	22	5526
31	73	1001
9	8	4834
99	238	117
335	666	723
7	8	1029
168	54	5806
505	261	9625
337	1005	6719
7	22	221
9	43	3984
824	825	1619
9	601	4044
7	8	1930
175	24	2346
762	3	0
9	129	9825
0	76	625
9	339	309
686	277	886
1433	64	54
0	8	9513
0	85	2488
9	146	132
9	8	3751
9	134	9301
7	8	102
7	238	6309
9	27	10267
1612	17	82
9	137	2468
505	28	9518
99	49	3018
133	11	10461
0	108	4451
7	244	851
31	53	1446
648	109	4232
5	49	5608
9	8	3892
1716	24	4005
7	530	2815
808	8	1571
448	322	284
99	474	144
9	78	915
7	8	4
2981	22	9133
9	124	1606
44	24	1623
9	43	29
9	8	5245
7	64	1125
306	306	781
2298	8	11180
5	54	43
9	17	1851
25	24	767
9	336	858
9	13	1185
135	1145	625
950	127	8040
9	599	1175
0	22	1058
9	278	1775
7	8	6300
7	152	4964
679	98	6375
31	169	785
0	8	1928
229	237	7173
9	8	5056
31	35	2291
7	384	1718
3332	24	10711
0	24	10184
9	53	2672
9	55	1955
3098	731	9691
99	8	1009
1851	75	890
673	43	1248
0	13	1643
1997	488	222
9	216	1677
9	345	1682
0	49	706
2077	737	5448
5	12	1787
2890	687	8695
1246	1247	2604
9	22	65
337	8	388
776	24	35
9	1025	3462
9	54	182
9	55	6022
5	22	30
7	11	3901
7	65	780
80	113	10652
26	8	7290
9	15	209
31	35	1
178	209	3296
44	1149	60
524	24	82
9	566	27
84	24	3336
686	97	81
26	11	1121
46	261	27
9	22	4210
9	55	1333
0	8	9991
9	141	1161
1905	109	2
9	8	182
9	134	883
9	19	903
184	78	5799
25	24	4746
9	2205	243
7	64	5847
0	87	3066
7	159	10115
9	238	515
175	998	9784
861	19	1688
31	87	9749
3371	11	9565
882	146	3117
5	8	152
0	137	1155
25	24	4291
510	2269	515
7	23	6911
7	11	33
9	91	5964
9	142	6139
9	206	718
0	507	3
184	11	388
9	269	827
1231	167	2577
160	11	509
9	11	7292
291	1020	1455
5	11	5933
3293	3294	10591
9	8	4521
7	13	508
609	215	4260
662	59	515
0	216	248
9	87	1094
84	24	5513
5	3	99
9	17	505
9	13	5247
0	13	3161
9	13	1694
7	3130	7047
0	6	29
7	94	1391
31	139	2932
7	23	1259
9	11	1396
9	43	7599
9	43	143
596	159	241
7	406	471
9	2420	497
160	119	6153
7	17	8213
175	3	54
9	8	4611
913	159	769
5	100	233
0	55	8597
335	1596	443
31	11	10149
9	713	1358
0	564	4864
0	49	8664
335	113	443
9	8	1424
1754	8	2
99	129	4582
31	737	112
9	559	3587
335	238	922
0	79	4600
7	2933	8912
0	1268	114
31	85	817
80	1690	3896
9	55	7851
583	146	1024
2497	179	7112
99	2255	2032
44	2680	7796
175	113	33
7	94	107
9	8	4215
1758	28	83
7	8	440
7	2114	471
272	847	7366
9	622	2858
0	116	322
455	116	8454
9	8	4357
7	24	577
110	139	613
80	23	11187
7	24	5773
3226	633	229
7	91	90
7	11	1780
0	43	5135
1043	747	72
110	91	5763
9	55	3153
5	239	54
1410	1778	7087
1477	131	3257
2233	73	6456
175	348	9446
9	2860	619
451	119	26
7	245	99
516	8	10356
9	49	11497
175	159	10611
0	79	718
9	8	8972
7	23	69
9	1644	1014
46	159	65
7	11	7357
335	3351	706
9	23	1606
137	593	60
1115	186	2564
9	356	11477
0	91	509
168	8	807
0	507	6042
5	54	7359
9	209	1170
9	109	1100
5	1005	2
31	11	9144
748	159	3221
832	85	3057
2080	1593	839
7	76	1309
0	147	29
3300	783	10605
46	155	667
0	237	175
7	286	482
2302	900	6294
83	11	555
9	216	8833
5	323	1642
175	336	1787
31	17	4094
7	15	9523
9	192	6681
143	919	64
2893	470	362
9	24	8424
0	8	3651
80	8	5079
1824	102	4419
7	495	391
83	3	2786
96	97	1540
5	76	625
9	55	32
9	273	387
7	127	631
9	277	4319
9	53	2314
9	1533	4861
0	1190	3748
185	113	2341
7	49	456
9	55	1287
7	333	8141
565	87	1475
9	55	4228
0	8	8511
401	217	68
104	3	588
2577	12	72
5	92	7738
31	137	136
5	8	7005
9	12	1638
9	19	339
31	152	593
1551	215	4535
7	29	1123
50	49	60
2323	124	6367
9	8	3070
7	11	138
9	13	1206
25	24	3632
2335	146	2151
736	495	943
9	244	241
44	92	1173
9	11	1658
0	1129	5181
1905	345	4741
7	373	571
178	8	217
216	217	296
686	32	2
9	169	63
198	8	60
2187	1384	297
44	78	10133
9	15	3648
7	100	949
5	22	11408
7	38	1057
5	3	1496
9	22	1099
344	2584	7442
9	140	72
0	41	10845
131	24	1264
2322	55	176
25	611	1442
9	73	6839
9	79	2751
58	11	667
448	18	1170
5	11	10146
156	22	284
1890	2064	580
9	227	7997
2298	1305	6826
9	127	1207
0	8	7097
31	8	905
377	12	197
9	13	508
2331	8	6415
5	139	9486
9	13	4459
25	24	1244
9	172	6941
31	292	6195
0	22	294
498	3490	471
335	484	443
9	8	11209
46	147	132
9	11	683
9	11	3228
9	323	347
175	322	3215
84	24	233
909	55	1796
9	1343	2898
7	2728	1264
26	8	233
9	8	3665
2811	196	1137
9	261	1755
1043	226	2314
2559	106	7362
143	238	185
9	128	9127
31	71	1158
130	128	669
9	22	182
80	87	9415
25	22	4097
9	11	176
9	8	4592
9	146	538
7	139	60
642	11	114
9	12	649
31	85	7142
1571	8	3539
9	24	18
251	24	1466
0	24	292
448	468	4729
2015	68	182
2243	24	297
9	109	1287
242	97	54
1093	8	3159
9	12	1323
9	23	306
516	916	197
143	141	460
9	8	102
5	916	9899
99	127	266
7	95	2333
1121	1122	7585
679	8	4065
3373	215	10897
335	302	27
99	8	221
1480	146	74
1121	1122	2311
469	3	54
9	65	10447
323	1054	152
0	87	1264
7	206	2653
7	24	1703
7	82	3890
9	79	8459
175	19	5369
1651	1652	624
9	152	1210
9	109	508
88	3481	1519
9	145	780
9	8	4958
9	8	829
0	470	464
229	22	7416
1518	24	3562
1105	12	233
9	8	4496
242	11	10363
1345	17	54
0	285	422
7	137	648
2867	144	298
9	17	549
80	43	4473
104	3	470
48	76	36
9	12	3491
214	85	44
3498	55	11516
516	24	18
0	13	10704
694	22	5817
9	152	1905
26	119	3715
9	54	4454
80	11	54
1766	725	4187
9	918	809
9	8	10244
7	79	11541
0	16	788
7	55	1327
5	1452	3173
5	11	4060
498	8	2474
796	471	191
182	488	4115
214	24	4590
99	2878	4312
31	192	107
7	8	11201
133	11	10120
0	384	72
933	55	11343
505	146	2092
0	315	5129
9	484	434
9	8	72
9	645	6448
0	8	2161
9	134	1208
9	97	1004
9	1351	2915
0	789	1517
800	109	2982
1547	3336	8091
9	464	138
5	8	9461
7	35	4325
872	11	3328
1043	152	507
9	727	27
465	11	1237
26	76	3700
7	23	434
0	109	1054
2595	85	807
7	570	593
5	22	10337
3250	159	1703
9	78	6304
9	79	718
9	55	2228
0	73	139
31	278	4833
7	41	30
0	8	2914
5	109	1099
9	8	52
7	106	2270
7	238	92
9	19	542
7	13	7443
0	8	1103
864	503	5398
9	190	7358
797	43	2785
448	89	3518
0	13	2148
114	24	561
175	11	2048
7	17	878
1245	1233	653
1769	76	1121
83	24	197
83	339	82
9	778	5664
9	106	64
31	137	2421
9	896	18
31	35	1414
50	598	176
80	109	263
9	11	3583
0	8	374
26	17	99
9	55	5333
9	8	33
335	12	10646
694	146	2080
9	586	9239
99	292	3678
9	1310	5222
9	336	10809
9	41	11361
9	1178	27
7	339	537
1502	64	4930
25	146	298
80	19	545
26	147	29
96	24	1540
44	87	1206
31	24	4538
242	1194	4260
9	278	5372
7	55	1517
7	323	2705
99	1472	29
0	11	326
7	155	639
9	91	1109
7	43	954
80	76	625
9	269	345
7	127	7826
9	23	6013
9	13	10547
335	468	387
9	206	740
262	238	1383
557	19	5632
9	8	9679
9	139	1703
1040	292	1964
9	41	3173
9	179	1083
565	336	60
7	159	9121
1065	24	9575
9	8	11015
9	128	5876
31	12	72
9	159	982
132	76	662
9	189	27
7	11	6209
9	2950	9006
0	134	11414
0	49	6036
498	261	383
422	2947	132
31	45	507
766	24	197
165	55	8675
1294	49	8976
9	11	723
7	8	108
9	146	2114
9	137	28
46	59	4714
9	28	2394
42	356	551
5	134	8303
9	8	1720
0	43	1861
31	53	534
1851	850	7116
9	8	271
1082	1083	2214
0	43	1176
5	94	1602
99	105	54
7	269	1076
156	22	2880
9	8	6874
5	3374	10898
9	238	221
5	1669	7367
980	444	2877
9	24	9135
31	8	2356
9	13	242
283	146	4344
1131	17	54
25	24	2869
7	11	8678
5	677	1830
1093	97	8221
681	76	2161
292	159	1209
173	55	2914
26	302	1109
7	206	967
25	24	2797
7	8	33
1612	17	2
9	17	2092
84	24	504
377	12	443
9	146	7113
7	302	2548
9	152	1083
9	172	1957
93	113	246
175	17	7204
9	19	1927
31	11	188
99	100	2850
9	12	3906
9	12	6654
208	227	1836
0	1336	4617
9	76	251
1941	35	717
0	11	656
7	91	3271
9	109	7161
83	3	387
1705	24	11076
132	313	6898
9	1151	6305
0	43	9299
422	109	11101
2925	24	8857
31	53	4505
448	97	1190
0	13	4972
26	11	3625
9	19	756
9	623	497
9	12	936
182	12	625
9	55	1862
1010	13	883
7	92	5098
0	8	124
99	128	1707
592	3	1046
1847	76	4514
9	345	5072
9	8	8692
440	405	3
242	55	83
2245	239	1080
798	167	1549
699	8	1099
9	55	10797
229	146	6210
9	24	1423
9	11	858
0	152	6100
9	8	10665
7	22	9530
9	19	3770
9	49	4069
9	211	10121
7	2253	2255
0	4	222
402	11	624
9	8	430
371	13	1300
213	54	114
9	381	1294
5	3284	4005
7	73	3250
7	269	327
736	22	858
0	8	7760
766	159	5910
7	11	1947
7	55	637
2170	120	132
7	278	776
773	91	29
9	8	3368
1681	8	548
31	37	10765
9	23	8959
5	1268	3298
505	113	1119
9	323	937
304	76	95
44	41	271
7	11	5844
2688	24	74
44	119	776
0	13	883
104	17	7456
156	129	8163
9	274	491
0	162	8306
5	43	8962
7	91	6263
344	269	223
7	11	799
26	139	613
933	53	72
7	159	27
1740	8	60
7	109	1328
9	109	2135
83	11	11027
1257	683	9700
1815	43	4402
26	206	2
3185	1129	150
9	38	464
694	24	7533
168	300	3768
44	12	72
9	11	3852
9	43	9850
2967	223	9078
7	540	2863
5	64	913
9	8	7676
175	8	4604
9	8	1580
184	322	1720
83	11	1238
7	109	5672
9	55	132
7	384	6325
9	8	2518
838	3075	9599
0	8	1460
184	1154	9434
25	24	11003
2808	495	943
2324	322	877
1551	22	10934
5	78	2234
7	2017	1191
5	134	1517
9	24	5531
80	406	1342
9	11	973
7	159	4486
9	85	1025
7	24	7089
7	32	774
0	134	2366
185	290	3778
251	131	1340
862	159	3673
1245	768	9308
505	13	663
9	339	7923
7	8	10340
9	12	233
1131	11	4121
9	1080	9999
7	12	246
7	24	10567
872	119	6462
99	8	2504
733	76	3523
192	79	404
26	8	1642
31	137	7065
335	12	2112
7	323	887
0	56	289
0	28	33
156	137	10174
9	8	4610
9	49	7177
694	97	13
44	24	578
175	292	640
99	128	1251
9	15	4640
57	8	1187
340	747	7868
80	206	718
9	23	113
498	244	6050
857	79	2425
0	8	471
26	468	1008
9	68	28
9	17	9898
3079	128	362
9	19	984
9	8	6750
175	1507	1259
9	224	1933
9	321	1083
7	15	221
9	108	509
2633	3	679
80	78	33
9	79	886
7	24	3999
72	8	18
7	181	60
9	49	5919
642	275	5010
0	760	64
9	49	4501
5	76	1562
9	55	182
0	55	8619
7	11	4523
9	79	234
2121	919	7623
1095	297	2250
99	87	60
262	28	471
7	24	8648
0	109	197
5	512	1642
143	91	411
9	41	616
9	8	3466
905	3	387
298	11	448
44	129	10009
9	6	648
0	59	4225
9	13	3513
242	146	13
9	8	3763
7	87	177
0	750	1540
7	64	4177
132	54	27
31	507	3377
0	24	297
31	2041	182
9	146	2288
9	55	8907
1984	8	1264
1387	8	72
7	666	827
5	8	593
132	18	6611
882	356	1042
781	91	2155
25	24	10288
0	6	1775
1066	11	392
2434	687	1295
99	24	11415
7	774	1648
5	87	60
0	76	4096
9	97	3958
165	109	223
9	62	7073
184	87	132
0	53	1927
1518	8	132
397	295	617
9	496	5957
9	54	221
9	24	10661
31	11	1446
31	85	8138
175	935	1630
505	269	891
80	64	3631
9	79	651
168	155	785
0	76	7390
7	22	1407
44	13	10900
9	146	3115
251	24	4995
1717	155	4010
7	1090	8409
31	244	997
0	129	2017
9	65	539
9	18	221
0	998	11399
0	13	2419
1065	6	1931
9	28	18
9	8	7158
99	8	1259
9	257	6866
618	24	5369
0	155	2380
771	358	1480
5	1295	624
31	17	225
3072	145	2
31	180	6859
0	128	33
96	91	47
7	64	458
0	27	11512
0	313	207
9	8	1800
9	13	182
448	28	8274
7	91	2637
178	8	1007
9	199	5236
31	206	223
1643	1644	713
1026	1116	27
7	24	4826
31	49	10929
31	8	240
9	8	8474
9	13	11120
7	49	4196
411	239	5805
35	131	4463
0	24	254
9	8	4171
7	19	2448
9	13	1959
7	106	7299
31	259	3948
5	8	3147
7	100	5582
31	294	19
1399	3	3029
9	8	1447
160	55	185
9	8	1328
0	140	6297
894	155	61
99	8	497
1115	24	6351
9	152	2571
7	368	54
7	269	577
9	12	7544
0	8	6754
7	100	9140
5	8	541
175	11	421
335	12	4936
9	8	745
9	28	1331
9	129	4646
150	559	509
362	1756	131
9	470	1065
31	8	2766
7	24	83
0	87	3919
0	507	1053
9	28	223
31	507	1522
7	109	132
31	12	8750
46	991	745
9	24	635
0	916	776
7	1061	8293
104	94	821
0	38	6285
0	22	9459
2530	11	54
970	24	4943
0	102	60
9	400	1118
234	601	8091
9	747	8704
9	87	151
552	91	253
0	17	3608
9	109	2607
862	1776	8134
25	131	7192
9	470	758
201	49	10990
2249	277	878
44	24	1247
31	87	6352
9	41	6602
2432	702	6828
242	28	723
9	19	9142
1772	97	207
5	259	44
440	181	2
781	11	6207
1108	1109	2289
505	261	363
26	49	327
44	159	10417
0	206	9457
0	8	2785
7	604	538
0	119	2542
234	2588	1536
9	261	378
0	167	509
184	215	253
9	238	4739
31	53	630
7	8	2891
9	11	1938
9	24	701
479	113	10206
0	8	3934
96	54	1540
156	22	2020
766	28	11504
9	488	9106
0	76	1829
396	28	2
7	333	744
0	17	379
99	91	619
9	22	277
557	97	471
7	353	102
281	17	0
7	24	2914
9	483	789
31	181	9534
9	919	1010
175	17	911
7	11	1207
7	167	27
9	13	2794
7	1301	2732
7	15	1100
9	8	6699
31	85	845
9	55	7179
9	24	1364
9	277	3233
9	79	393
9	27	5512
133	11	4009
9	17	5828
0	8	2439
9	8	9536
0	64	1610
214	8	6389
7	28	5483
9	209	5995
9	79	5730
9	11	1310
5	102	263
7	196	61
641	54	10192
3026	8	9338
1929	3	54
5	64	4591
9	79	6731
96	97	54
9	286	1851
133	11	891
25	24	7729
7	503	4341
9	8	5302
1911	411	2092
175	49	60
110	28	3312
0	8	719
7	11	7483
420	356	662
168	12	72
0	155	4356
9	116	322
1290	13	243
9	139	1264
332	128	878
987	11	388
1356	324	95
251	131	6308
1997	54	114
173	8	2130
99	24	362
9	128	72
7	56	1083
99	109	223
7	8	9548
25	24	6551
9	55	8510
9	53	434
99	3305	381
923	900	60
9	32	3
7	339	2567
26	659	2542
7	87	363
31	12	392
9	76	1430
0	13	396
1287	8	4284
9	11	120
141	76	2161
1245	406	3476
2659	64	54
448	91	1677
2840	1238	8511
5	106	416
26	11	3894
9	128	35
0	1067	7619
0	55	2826
83	17	208
99	622	72
9	8	8811
7	8	10067
0	73	10865
469	141	754
9	401	11238
7	11	2563
1812	611	7612
9	87	7437
0	73	6482
408	129	630
3003	155	9265
0	76	8620
319	320	35
7	64	54
9	24	1568
0	119	2720
242	11	471
0	24	182
1312	137	807
7	22	5063
448	321	868
9	322	284
993	17	4275
26	474	471
26	8	1514
9	8	3284
662	591	2865
319	320	10703
31	24	1648
9	146	780
505	261	963
9	13	3992
720	269	1378
2501	564	61
9	87	177
9	113	10286
9	2180	1456
31	137	182
758	152	1459
9	94	182
9	3	308
0	159	723
9	127	471
160	196	1829
80	356	580
335	886	922
7	13	266
9	22	7972
0	119	509
448	11	5718
25	1305	43
9	79	11382
7	400	1908
433	76	387
1245	731	7484
2317	238	3522
0	8	6308
168	367	2086
9	8	736
306	8	8824
138	11	10992
9	209	2036
950	269	727
5	239	9251
7	24	9373
9	238	69
9	24	1517
0	8	11033
0	668	1333
906	146	613
9	6	58
143	87	503
9	623	1261
138	64	82
9	938	5985
679	636	298
9	28	1500
31	41	4285
0	41	4795
9	24	1016
378	22	585
9	23	400
742	134	2147
26	612	1008
0	55	906
0	24	988
455	54	278
133	11	434
9	119	2448
25	24	334
7	11	7545
0	8	203
5	1939	4878
46	3494	11487
2640	55	393
5	927	322
1185	1186	2442
9	826	9082
2110	146	2448
9	2327	9185
9	12	3200
0	8	7052
2848	28	545
175	146	4773
7	24	2189
9	53	891
335	179	2511
678	76	487
9	8	1022
9	2184	95
475	261	2655
99	23	1576
1057	3	2751
309	310	461
5	11	7976
1339	421	368
7	8	640
9	87	8485
99	1182	1135
1915	286	10233
9	11	3786
0	64	8633
306	8	751
1906	687	1295
1621	19	3696
838	789	4350
99	17	8070
26	100	68
9	19	4570
229	24	5788
1205	336	2494
3517	94	11603
133	11	1628
9	19	120
0	12	1638
44	177	1355
214	59	60
338	322	35
1355	8	289
110	22	7288
9	1152	2578
5	73	3057
448	23	72
0	17	6601
143	76	2234
0	65	33
7	12	3210
175	87	4734
7	129	4312
66	35	7290
9	8	2402
7	11	905
0	55	806
595	601	11305
0	146	2967
0	55	1617
9	11	4124
9	381	9311
9	119	7664
31	11	182
539	238	908
110	760	44
9	11	132
1085	3	387
9	100	138
0	73	6900
26	43	5874
175	11	2392
0	491	330
153	119	107
9	261	5274
2987	19	837
242	22	3350
5	11	79
7	55	5870
175	1945	10449
5	134	7680
46	87	197
7	141	8895
1056	224	383
838	315	3897
1890	269	4644
0	1434	5456
99	109	2929
9	19	164
9	8	5720
344	3	2031
0	76	2
31	24	2785
5	1068	27
1156	13	10919
9	12	10738
7	53	10647
982	239	4380
86	87	85
9	816	1596
229	146	656
160	22	1058
0	152	10372
0	29	1178
175	19	5631
9	152	8616
9	152	351
7	8	8139
428	128	114
58	11	744
9	8	8401
0	8	5747
132	11	4647
7	94	766
9	28	1477
912	188	1802
7	137	2751
1053	97	2165
448	28	18
0	4	2838
5	8	5703
96	55	482
175	152	534
0	64	1774
251	24	2119
7	190	633
9	55	11311
9	8	10864
0	152	221
1499	18	81
1543	636	551
99	109	99
184	358	2815
9	1619	619
5	400	1497
9	146	2575
335	12	9420
1245	365	1475
9	406	6343
3218	11	225
9	220	10752
236	55	1333
9	215	61
9	444	132
642	1652	1928
57	2097	177
9	8	1421
44	12	10
9	172	7817
742	24	5227
175	24	1333
9	59	836
83	11	68
2465	23	434
44	41	3576
25	24	9374
26	113	6228
9	8	1274
9	49	11392
9	91	997
7	71	10803
9	1061	5281
7	209	883
1171	1172	2410
44	2092	381
0	11	6357
7	109	82
0	55	9902
0	22	182
7	3	9036
99	12	233
46	145	1181
0	8	440
898	358	1775
9	8	8817
9	1388	4748
7	206	11567
653	1302	2815
0	76	868
0	6	55
5	1305	68
709	261	619
26	206	213
9	8	1196
148	1414	744
7	8	2929
9	8	1938
694	687	7330
9	8	3009
1262	313	2637
7	76	54
874	76	625
137	129	214
7	11	1004
9	13	4182
7	28	8376
5	134	10293
9	1030	27
0	22	221
7	119	534
859	180	402
229	11	6894
80	8	10159
1802	17	54
9	12	875
758	685	744
1383	1384	516
642	11	6207
1363	24	2047
31	22	9197
7	12	7382
9	237	1591
0	8	6378
9	220	807
0	24	5939
31	11	3228
175	91	102
9	87	443
44	137	1155
9	8	6865
440	1507	3348
7	8	1699
9	55	2
0	1667	11145
175	155	820
242	11	1518
7	22	7908
0	152	3178
7	3	152
9	8	1514
0	89	1717
7	245	471
306	8	6757
9	1258	555
31	155	788
80	55	809
9	11	1767
787	54	8890
9	55	2782
9	3	152
7	49	2718
9	8	233
5	405	1586
214	24	7361
9	64	588
25	24	9953
242	11	5287
9	890	1662
46	155	1732
58	11	656
31	328	484
9	8	5874
9	137	2421
9	146	168
99	11	3619
96	76	868
9	13	6713
9	17	1656
848	477	282
9	8	9566
5	315	4183
141	22	221
99	190	233
7	339	1475
9	71	7305
2592	179	9948
9	29	6469
26	3	1253
0	24	2
31	11	3633
374	3362	260
7	24	8587
31	1535	3463
0	13	4393
0	91	5065
9	79	258
9	22	8071
175	6	365
173	49	2896
0	644	753
3454	55	809
99	28	64
335	12	532
3380	215	723
7	356	580
844	1025	4530
1846	356	126
9	29	68
909	49	5559
3064	137	9503
9	91	10076
7	139	8869
9	189	2025
99	8	313
5	64	5408
31	180	183
516	146	346
9	507	1438
9	146	151
0	43	1517
9	1793	253
9	76	4002
0	1067	60
114	55	176
99	189	471
7	11	2647
1344	2350	2
948	13	18
753	13	7491
0	8	104
234	49	7978
9	53	5797
9	11	13
1093	225	362
0	109	8557
5	11	1427
7	15	739
0	12	443
1724	159	2113
9	384	611
9	12	4088
0	55	356
7	196	4248
9	8	1180
9	49	2190
9	11	8656
638	227	1184
7	152	1905
0	13	1417
9	55	5175
764	2532	1480
0	1	0
642	28	95
7	6	3178
2081	113	727
0	95	72
448	313	658
678	1194	545
787	94	6509
9	101	104
627	267	1196
7	22	3222
7	119	5350
332	206	2987
7	238	669
9	8	6785
7	8	2960
800	3150	9916
9	22	2355
9	8	10610
662	28	61
7	206	781
0	24	4868
9	401	2906
9	32	4555
9	778	2198
9	23	2525
7	11	708
5	85	373
0	22	6834
1854	149	443
995	598	5675
7	180	5034
679	8	27
175	261	2
31	11	799
110	91	7660
26	339	7458
9	292	197
9	904	60
262	1068	1106
0	11	555
7	622	44
0	79	8518
184	919	5104
2620	120	7560
684	22	1292
9	747	114
20	11	7171
31	23	1237
83	11	516
2672	8	1701
80	53	1030
262	919	640
0	55	10968
9	8	4571
80	2453	6906
9	12	443
9	8	11097
7	1762	4172
7	64	96
9	8	4972
83	17	899
762	11	345
9	470	373
46	227	346
99	152	280
44	8	487
44	159	72
82	2461	6926
0	24	301
391	1596	4098
9	109	233
489	49	727
5	227	7326
0	76	4533
44	647	943
9	17	1636
7	128	1175
7	783	2997
9	152	6906
57	13	1597
7	3	3163
0	91	1099
0	1675	3861
165	13	970
268	119	214
99	79	18
9	8	403
82	76	107
7	22	242
2916	95	72
0	146	4197
7	8	3912
9	28	593
5	470	912
99	8	428
9	202	5915
9	22	136
335	24	7027
1420	17	3078
114	11	27
9	85	4021
99	55	5051
175	8	7234
99	636	72
7	24	891
7	22	8385
0	209	883
970	11	6350
1558	24	327
990	991	2006
5	3	4763
7	49	4159
7	109	5351
0	27	6988
9	11	346
46	239	1121
7	91	29
66	24	82
764	238	54
736	406	1042
1665	11	723
7	159	1560
80	356	1042
175	76	11332
0	17	27
2151	358	3476
26	11	3234
1021	13	4984
9	91	102
9	141	8781
9	24	1929
5	11	631
0	238	1206
84	24	4879
676	146	11277
3000	38	776
7	206	4173
9	8	11538
5	806	1694
0	23	11114
229	24	11413
143	474	7081
9	11	8218
378	113	69
999	78	488
9	406	656
114	461	2554
9	162	458
0	81	1121
7	8	19
9	8	95
1344	55	289
31	11	1018
138	17	5038
0	43	3944
1033	24	2126
7	271	922
0	13	10474
201	11	2735
9	152	5923
599	128	225
7	91	7784
114	1285	476
7	8	6283
0	8	1848
692	76	4463
1157	24	6820
2945	1067	8957
0	24	2185
9	3	99
0	8	7384
7	2009	625
1232	12	2579
9	890	60
16	12	10
9	146	591
7	128	1638
9	65	55
9	8	3927
9	24	83
9	13	2035
9	11	11130
9	8	710
143	28	185
7	406	5094
614	22	44
588	8	102
1115	28	1619
0	15	565
9	55	2884
187	146	229
9	297	781
9	75	1837
9	146	1228
1339	167	197
0	468	151
0	76	3006
3216	11	10257
5	146	3060
0	28	4836
7	271	640
31	65	2893
9	8	7327
9	134	7579
1010	13	107
9	106	1099
214	19	542
2157	23	1995
9	23	1638
2710	216	27
0	41	9616
31	11	2876
9	128	4207
2333	24	516
9	55	280
448	474	4901
9	8	3003
7	85	440
0	64	2
9	6	9489
2240	919	5485
0	8	4631
0	141	3286
800	109	387
24	8	258
9	12	4992
5	371	568
7	339	8480
9	436	362
9	146	47
5	8	1648
9	13	970
1606	146	1752
234	8	3692
9	564	7990
9	1493	383
7	11	10955
9	85	619
9	91	1924
0	53	484
99	19	2448
9	22	2528
9	79	4758
667	24	1316
7	55	5340
9	8	7730
7	49	81
9	55	727
0	73	368
557	97	744
0	49	8819
7	245	9046
2264	11	727
7	1080	72
5	106	1044
0	73	3931
3370	11	381
0	62	677
7	323	667
7	373	8628
7	295	445
7	13	744
31	65	1964
7	189	1049
9	41	1394
1446	28	443
0	82	80
662	28	8777
9	141	10411
0	1133	8804
80	11	5432
0	8	6014
9	8	9151
0	134	33
669	8	60
175	55	1347
0	11	4327
175	3	1018
0	24	126
7	17	3501
0	41	1394
31	24	5602
0	146	3685
7	1797	513
175	28	3661
0	2199	5895
2637	13	10209
1153	127	13
5	2979	9113
7	159	4838
9	2184	72
1526	1527	1228
50	8	1422
7	8	203
7	11	2041
104	17	82
5	64	10635
9	109	9851
9	12	6057
31	24	4373
5	127	3539
667	139	278
151	152	3073
0	109	1355
0	677	3010
654	11	624
9	8	8177
9	49	18
335	1589	7570
5	64	1662
7	24	1846
9	43	11401
9	507	4618
80	8	1187
99	141	6504
1502	22	7339
0	24	5709
2527	585	6395
9	8	256
9	64	488
3240	336	440
9	177	1315
9	22	10951
7	49	2543
99	8	6895
9	8	4352
20	11	16
354	1305	10214
7	216	107
2909	128	8774
1545	179	7077
135	136	151
689	491	1357
7	333	2
99	238	72
9	3405	60
0	8	7967
9	128	996
2858	11	8571
5	286	1946
7	226	303
0	109	430
214	152	10656
0	900	4252
7	1030	182
31	11	8896
9	313	4698
9	11	667
9	17	8391
9	8	2051
9	128	1841
9	8	7172
214	24	8313
1426	1427	3092
9	13	6418
5	4	222
0	159	5756
5	24	1188
5	17	175
7	206	68
31	495	391
1001	59	1057
2178	167	368
31	91	65
7	998	5960
631	159	1156
60	61	50
1400	24	6049
446	155	7351
9	49	5116
354	3071	35
584	2648	9785
9	109	988
31	139	851
9	209	883
9	8	911
7	315	8159
7	146	1513
9	1817	443
7	8	222
9	8	5782
7	3256	1189
141	515	513
0	507	471
738	19	2793
5	8	11596
546	873	3476
9	8	878
7	11	3731
9	295	7290
7	8	9985
9	713	29
7	11	916
5	8	2912
9	8	661
7	666	723
1729	2954	2130
25	24	10482
9	19	9198
9	873	92
9	23	2919
229	24	504
7	8	7044
0	8	81
448	11	1373
9	49	662
1852	461	68
7	76	374
7	43	8441
9	55	9114
44	8	6487
9	22	8609
168	64	781
7	24	440
1134	1086	1137
99	22	5194
317	22	4656
44	19	2779
99	261	5101
0	477	1938
378	12	4
9	8	10172
7	11	2929
7	15	203
7	167	233
20	17	396
447	514	3566
0	79	5505
425	17	668
678	76	1630
175	41	11475
9	8	1767
9	49	8859
0	8	397
99	109	616
1843	891	1905
1123	919	783
0	321	2293
9	8	3261
9	22	11094
0	79	2
1958	137	3386
9	8	8199
96	286	1049
26	206	7311
968	24	138
9	24	8265
229	24	67
306	306	107
168	979	72
9	17	5590
9	8	744
175	8	417
9	680	8899
9	49	1995
1756	1757	599
9	295	47
192	193	243
66	292	1191
175	146	491
305	76	54
46	685	1294
7	11	44
0	8	1054
0	358	1517
44	152	1240
7	13	1542
7	24	8744
2446	1894	6882
9	73	10069
9	27	5742
0	64	208
1057	11	934
9	206	9049
529	98	880
9	97	2055
9	8	8516
5	95	44
114	24	9096
0	8	102
0	91	3631
9	56	353
562	76	4096
498	22	36
99	129	3178
175	11	3766
0	585	81
0	8	8625
7	64	4479
117	2412	6762
9	146	1517
2102	24	5544
1518	348	4114
9	12	5888
1412	78	2234
175	11	6225
7	113	832
9	23	6815
7	64	4257
5	109	35
9	49	3736
7	73	4387
9	8	983
0	76	8214
9	794	213
679	8	72
7	206	35
7	28	6395
9	8	278
46	238	197
175	19	2092
9	100	6438
9	8	5649
7	76	1829
5	916	29
99	336	744
229	131	4406
7	381	605
9	567	992
5	474	513
66	24	2205
1809	3	400
9	599	151
9	315	114
9	45	5574
133	11	5970
7	8	1542
9	11	8838
0	300	92
9	19	866
80	373	440
99	128	1630
9	41	2951
44	73	1864
7	389	10522
31	85	10218
3461	28	11328
7	6	2491
7	11	1237
1245	68	648
7	111	11387
7	85	2813
46	76	2510
7	8	138
448	128	4207
9	43	4980
588	1204	2485
25	167	82
242	508	1619
156	745	648
2124	10	3377
44	146	4057
175	87	5409
1024	22	2185
9	8	31
153	523	114
0	356	241
175	11	5030
9	8	6179
175	76	322
2704	179	7905
9	2369	11438
7	321	505
873	55	8311
2579	206	7426
1976	13	5023
9	8	11441
9	8	5671
9	238	5833
9	23	662
7	3111	100
9	8	6546
9	1917	10562
0	8	5233
7	23	11587
0	11	1237
168	380	487
554	97	964
9	76	3871
80	12	651
5	19	384
383	24	594
156	507	648
7	152	11458
1265	22	2641
25	24	10007
9	119	1077
0	2515	117
9	8	8739
9	12	4558
7	180	182
9	1631	6573
99	8	3470
9	53	4855
31	35	3
9	211	381
63	1129	99
99	59	72
448	544	229
5	209	233
332	206	3972
31	49	577
1705	167	225
7	12	8612
9	97	353
9	853	898
5	17	1583
2643	43	1281
9	17	158
0	11	18
5	238	1238
46	64	82
9	186	11235
0	24	10996
391	1025	229
5	204	322
229	503	8382
0	680	7153
44	155	1155
31	646	2713
7	22	2880
44	109	1118
335	730	486
99	11	887
0	106	416
414	24	214
31	11	5230
448	1090	4399
0	106	29
9	146	6313
1046	55	10320
736	22	577
83	339	10784
9	24	3073
670	1243	6185
9	49	2785
9	107	8909
9	8	9757
7	155	182
9	8	3815
110	146	1099
9	8	3604
9	76	7693
9	345	4220
7	3	99
31	196	1137
7	64	82
0	8	480
9	53	11334
9	19	221
9	456	4683
9	190	33
0	342	309
2714	55	499
403	2407	35
374	100	1514
0	209	2844
0	23	4163
5	2504	471
80	81	76
9	79	4966
7	24	233
7	142	3756
9	325	4622
99	109	9399
46	97	2849
230	231	72
9	8	4973
175	13	7234
1583	1584	3567
7	339	5083
44	488	2528
262	97	662
9	8	1884
9	8	4100
26	32	2
9	43	1406
9	1406	26
9	11	5030
242	28	13
9	24	1025
99	146	591
9	24	4031
432	76	673
99	105	588
5	297	3753
7	49	3136
0	2363	3919
114	24	3118
25	24	1614
1504	2281	6200
7	261	72
7	49	4912
694	22	567
2398	79	2
26	43	4953
9	559	114
1056	224	4756
5	64	784
0	139	6518
80	28	92
31	109	132
165	109	346
9	927	400
282	13	508
9	8	1
26	102	2296
1889	139	280
9	91	1720
0	24	8527
7	2749	8103
9	146	534
26	146	854
3089	339	2023
9	8	2418
7	106	10854
9	109	1626
9	41	6437
2931	28	4514
7	8	9393
7	8	34
7	159	943
9	8	4418
9	8	7903
7	24	221
5	91	3127
133	131	149
7	206	241
9	3214	10251
165	8	640
5	8	11034
9	13	3488
775	55	7568
358	559	10910
5	64	82
1748	18	427
9	8	1408
2991	140	616
9	128	1070
0	8	1105
0	8	2786
0	43	11598
0	292	253
9	50	1969
2777	76	8240
7	8	431
31	109	4960
0	68	136
178	450	508
9	127	769
923	59	6922
391	322	6637
9	623	33
1358	22	2925
0	43	3776
3352	3353	197
9	11	2590
9	12	4529
9	1581	9734
168	12	7007
9	17	1845
0	8	4073
362	504	776
0	41	6589
31	11	7787
9	11	631
7	206	4449
5	17	3356
0	64	10078
175	11	3597
175	87	774
557	215	8192
9	17	2012
99	54	9091
2052	11	5311
7	269	3623
1608	199	6571
160	1308	497
46	17	4099
2002	406	5117
428	227	476
335	109	60
5	8	203
9	19	3953
5	49	5913
7	59	613
0	22	214
99	297	234
7	927	1831
0	55	3065
2015	68	28
1339	1025	197
46	78	515
9	55	1067
3404	8	11010
1313	24	3700
505	155	5447
7	11	1238
99	449	1394
26	515	144
595	680	1421
9	76	2133
11	115	257
80	1455	9423
9	677	2100
7	22	7226
0	8	8860
0	24	158
332	491	112
448	28	625
31	1507	136
25	24	342
80	943	1718
229	400	2934
0	76	387
175	1370	667
2195	97	2299
5	128	825
0	43	8567
595	11	1238
99	8	744
138	91	33
9	8	11208
9	11	2094
184	474	513
506	514	9675
584	371	454
9	1129	2318
7	43	1001
9	8	2683
0	64	487
1113	43	434
5	24	11521
96	538	774
9	1530	3438
9	2131	132
31	85	2287
9	98	1070
7	474	95
1858	1859	2662
50	109	8952
0	146	334
214	11	4701
5	17	387
2160	267	9686
46	109	225
165	73	9252
7	3	2600
80	37	7515
9	87	381
31	22	44
84	24	82
0	137	55
175	22	11460
7	8	1253
1788	1789	4324
40	41	3314
0	193	3282
769	76	0
1703	56	1982
83	342	0
838	348	5190
489	8	10833
9	783	4906
1705	223	5235
5	23	72
9	257	95
2900	700	939
9	11	2972
9	238	1968
391	392	1008
9	8	11236
1235	24	3887
9	106	7140
26	238	1287
31	8	7884
9	934	7009
58	94	1228
1672	1673	3613
9	269	908
489	109	886
198	97	807
9	199	2
168	8	132
1852	113	962
1287	238	9840
9	55	318
7	23	2400
1708	109	4114
7	11	9848
31	91	3631
1085	3	781
40	274	5980
9	11	7168
48	8	706
53	1600	27
5	73	754
9	76	985
0	623	1143
478	495	177
9	55	7041
99	315	2664
9	216	29
9	53	9578
9	196	208
1290	206	1070
9	55	8307
25	24	7311
9	79	1207
7	54	58
26	127	1253
31	13	6863
9	356	1042
0	13	7472
243	8	336
26	436	4604
524	17	82
588	45	1038
3272	22	10514
0	109	99
66	24	1767
5	17	2650
1949	969	208
46	97	744
1748	1145	4755
960	23	35
7	71	8318
9	109	1620
0	55	7628
2887	53	13
0	8	4696
9	261	233
96	1611	533
258	275	1008
9	27	7061
9	49	182
1203	22	2479
9	91	18
7	78	3392
1929	3	6328
627	1666	5380
9	223	1333
0	13	4111
96	189	781
3019	11	9321
0	49	6111
1781	49	11288
5	29	3564
99	295	445
7	53	4264
2300	24	1333
9	69	18
9	542	5884
1208	113	5270
7	11	1658
9	8	3214
0	328	4745
0	24	4392
46	468	2838
31	55	176
9	188	1480
9	78	237
852	13	7448
5	109	9110
9	540	1807
9	22	7811
9	43	1773
9	11	1237
0	384	132
0	28	1042
5	491	3540
31	35	1998
99	134	4900
9	11	8384
9	28	6846
9	76	868
9	27	7956
648	1742	9496
2627	24	7587
9	49	4476
5	206	107
9	3063	613
9	43	4493
99	269	8499
3450	11	383
222	358	1319
0	13	754
9	11	9272
753	18	3121
2994	87	241
9	8	3724
963	964	1912
242	11	53
80	17	1118
58	11	83
1044	406	4313
448	11	72
9	49	7549
44	1005	1264
9	76	5938
9	23	10
9	24	1264
212	109	132
9	49	9925
7	54	2885
800	13	1119
72	91	3636
0	1279	263
0	8	508
0	2741	509
5	109	1237
9	22	3518
1471	131	3243
542	702	10923
3264	167	197
25	24	6103
165	27	280
0	507	221
3259	244	416
9	76	6728
0	8	2886
26	142	478
5	27	5402
265	116	383
185	186	228
314	131	381
1304	24	10662
31	269	44
74	11	1709
46	2785	5911
7	227	1944
7	28	13
9	13	1310
7	2908	8772
9	49	3541
0	29	7099
3195	11	1022
2630	3	68
3227	128	448
46	406	1135
2467	28	37
3149	82	9914
64	17	8468
335	12	2341
7	680	234
99	8	8022
7	464	3512
7	24	122
46	17	3667
5	685	6102
0	8	1881
99	17	10101
7	113	1121
138	11	223
9	8	5166
99	450	5181
1764	24	4182
114	1522	7178
9	8	3539
0	511	1626
262	278	1448
7	13	138
654	11	10332
99	128	2118
2697	55	7892
9	11	9751
0	53	4797
168	979	4116
7	8	4096
80	22	2347
7	199	233
9	128	3858
9	113	289
1187	23	8853
83	11	9167
9	8	1417
335	24	1683
0	19	6112
9	8	551
9	172	4041
9	8	5393
26	8	9943
7	687	1295
5	49	7250
5	22	10255
9	464	959
48	315	2148
0	1067	10178
9	8	1256
9	24	2322
9	24	10533
7	11	2541
9	191	241
9	109	255
614	22	829
9	28	1258
366	24	82
9	19	10019
31	24	8381
650	17	381
561	748	7439
156	19	837
9	128	2
0	8	185
9	79	5292
9	2184	5851
1330	13	2834
852	55	387
44	3438	11212
7	64	5711
2161	747	1099
175	106	5575
2824	761	673
9	1182	1106
118	71	10682
9	41	3974
9	155	639
283	24	1806
9	45	9102
9	113	4368
7	116	640
9	8	3616
7	11	10905
25	43	4140
9	8	1930
9	507	3
391	711	1354
0	645	509
838	19	3958
0	8	4604
31	227	476
9	55	4747
143	11	6647
0	6	10701
522	729	3346
455	54	951
9	1657	3807
1746	129	939
0	24	5506
138	236	27
2025	964	2
344	11	482
175	91	600
99	49	6585
185	23	13
9	13	7788
1267	146	2092
1381	8	258
5	106	253
7	76	8509
7	12	625
5	464	8663
335	95	10240
7	155	1333
1836	159	9528
25	24	9467
9	241	2235
0	8	3326
9	19	2285
5	8	18
0	13	5153
46	128	1175
1026	24	6311
7	206	656
83	17	6117
44	49	3856
229	146	2053
1085	3	4150
796	94	3214
175	179	4964
44	92	8713
31	24	1264
9	8	5424
9	8	11377
9	24	7998
5	17	9066
9	11	378
0	38	3126
7	64	221
7	128	208
9	69	60
5	2463	497
648	8	4588
0	339	82
31	24	11092
31	1348	5670
9	17	6424
7	43	1357
104	55	516
9	113	10378
31	8	1081
5	336	8243
0	65	7283
160	128	1175
7	275	65
7	339	11436
80	146	210
9	683	3110
99	8	271
9	188	783
1043	145	353
5	8	2222
0	17	555
46	2642	667
335	167	3700
1156	23	434
9	24	54
26	3	751
99	189	781
9	1917	253
9	468	1237
5	11	744
682	196	1137
332	277	1295
175	11	3625
9	339	662
5	623	600
104	17	588
9	137	154
7	24	6613
0	11	3617
9	3	470
7	3	2966
9	24	11108
7	8	428
7	8	8953
0	273	263
7	73	11054
7	11	2865
251	131	1582
7	109	1967
175	128	4260
5	8	67
7	13	287
440	155	1333
1504	128	3330
0	3458	513
0	97	761
7	65	2958
25	24	9634
5	64	68
0	55	8659
7	488	114
7	24	1333
3465	729	11374
9	64	715
9	100	5479
9	22	2015
44	79	9148
7	257	92
57	381	5641
7	79	9365
0	19	1189
7	368	1184
2232	19	6890
9	141	4090
9	356	488
7	8	4650
0	8	1752
7	238	1026
26	22	3735
5	128	1175
535	236	887
175	1184	2
9	55	7552
2639	295	7637
9	91	1640
7	91	1237
7	206	2699
82	76	3871
0	105	33
2286	2114	1175
242	11	332
0	826	10794
192	8	458
478	152	1333
1103	1104	2265
7	22	1348
5	11	185
7	8	970
7	1023	68
0	238	4114
168	109	152
7	315	2189
83	146	54
7	12	493
9	43	5155
83	11	33
7	11	8116
9	647	3137
7	11	2266
9	79	5435
2573	292	3555
383	8	180
52	623	2601
9	43	10965
2495	3	743
5	348	536
7	1056	114
2591	11	10416
9	8	3380
736	495	3448
9	55	6104
5	3	3620
1481	508	1196
99	65	538
9	119	7650
1488	1454	3279
9	17	3114
0	1151	1253
26	238	6013
0	8	3713
516	43	2147
7	778	780
9	8	6277
0	76	8981
1057	11	54
9	17	83
7	23	4088
242	193	886
7	488	3
26	598	1068
7	193	9208
5	137	639
58	277	1234
9	55	11071
9	19	4692
7	566	182
448	358	4207
5	315	2113
46	491	1455
626	8	1150
0	55	5635
7	134	1239
9	79	856
7	119	788
2653	28	471
31	23	936
2419	257	44
26	11	656
168	22	4863
80	1192	2041
0	223	3520
9	336	745
25	24	1394
7	15	182
9	238	1728
80	97	126
1521	19	4860
7	8	6600
44	76	837
7	17	72
3124	8	2668
9	76	10733
9	8	757
7	11	5470
5	24	8184
0	24	11080
9	8	8602
31	55	611
31	65	60
7	109	11600
184	128	4077
20	22	588
9	159	9098
5	871	381
0	38	1043
1555	24	3505
26	1421	1777
25	43	8719
714	1370	4451
7	102	6020
0	17	9795
403	215	3210
9	119	613
9	778	60
1197	224	723
156	49	1333
2048	380	5284
9	152	7077
9	43	10538
166	1626	1397
173	109	233
9	11	280
9	13	458
0	152	8194
0	8	4351
306	8	2467
0	495	114
9	8	11218
0	8	1595
0	8	7231
7	238	1189
1617	94	1367
2175	356	126
80	8	10439
83	11	679
25	206	588
5	196	887
9	8	258
5	106	2815
9	8	5898
80	17	9116
0	11	9343
143	11	280
9	585	2464
9	113	3428
9	871	222
84	770	197
52	381	185
9	128	2898
31	137	2944
469	11	2590
3395	503	138
1065	1685	8279
0	23	821
9	8	2799
9	186	9380
9	49	1082
9	13	7045
26	94	2019
9	55	6451
9	23	2782
7	13	1175
5	406	1175
9	8	4858
44	192	107
2265	461	7617
175	19	158
7	106	415
9	65	60
547	23	9344
377	23	1662
143	515	513
872	269	2
1885	76	92
175	195	963
9	8	341
175	134	104
175	11	8873
0	8	875
9	8	1054
5	127	2966
25	24	1018
5	55	5917
9	109	7018
359	360	554
182	12	387
229	400	6386
9	22	809
3499	1479	2275
9	8	1099
9	129	1457
9	49	11252
5	41	1515
9	64	6371
9	11	1230
9	8	10622
143	146	9581
2834	244	1766
679	8	4527
9	13	223
7	49	5723
9	134	301
31	269	4556
0	79	362
7	315	43
422	169	8932
506	129	507
9	43	8948
0	19	984
9	109	10122
9	13	856
25	24	8164
642	530	881
9	356	5162
9	11	1184
214	306	1099
156	405	271
9	11	2703
1794	8	197
569	3	588
9	479	4175
478	11	233
9	8	1700
9	155	1316
0	8	3178
5	128	524
0	227	10145
378	23	6877
143	76	2161
7	238	625
9	129	11267
448	1023	9210
9	8	5054
2345	11	1889
96	124	1049
669	566	3736
822	559	1228
9	85	440
26	155	182
31	8	4471
2675	3280	10529
2898	179	8740
9	11	3756
9	1463	3214
0	129	8442
80	500	18
9	137	2652
9	470	381
9	261	7995
80	238	440
815	1605	298
9	323	6143
5	1423	3087
9	726	9230
0	35	11121
7	106	4163
2578	297	233
838	3	679
614	24	6173
9	78	3382
122	85	133
1402	128	3043
2976	8	10226
9	8	1148
9	55	60
0	24	8166
0	64	628
5	43	233
3155	622	1987
9	55	4877
0	24	9640
5	17	4887
9	503	630
1115	239	613
31	11	555
993	11	421
9	22	33
36	500	3573
9	11	5243
99	43	2170
923	275	306
9	78	1228
832	152	9774
31	137	1202
812	79	706
3076	53	1252
1480	470	7807
2601	109	132
9	227	257
0	49	1284
9	12	4740
0	2692	4755
44	76	2184
383	131	2476
0	43	409
80	8	33
46	91	411
7	206	845
595	1279	11294
9	13	9709
562	563	989
9	91	390
82	109	132
132	1298	2730
7	11	4054
7	259	11062
9	23	151
7	206	3259
7	106	1099
459	11	728
0	8	10613
9	904	3548
26	119	5570
3027	1302	2096
3056	85	326
86	209	640
1419	943	1076
9	55	11461
1033	119	345
7	1268	5786
498	24	383
9	269	982
0	273	54
7	49	5182
9	622	298
25	237	8700
70	28	8973
864	24	2011
9	8	3642
44	49	2310
26	11	744
5	64	464
9	8	3706
31	1765	4912
1155	8	6118
1043	295	630
114	15	751
9	28	471
7	339	5723
9	8	9255
9	1810	18
5	137	7340
970	75	1215
1235	131	10311
9	622	11044
5	789	5891
642	11	1238
242	115	4462
340	209	4940
7	24	516
0	22	2626
2386	2319	567
2203	400	5904
156	129	4813
1741	1742	534
0	119	29
0	13	9976
9	24	8246
9	8	2806
7	8	5430
44	79	706
46	145	27
168	238	1121
214	325	1175
787	11	1909
2275	23	1606
9	8	5177
9	142	100
9	159	7720
5	119	114
9	94	94
0	11	1745
7	159	138
5	128	2861
9	13	1098
7	193	60
251	24	8673
175	3	751
7	89	27
9	109	3253
168	64	54
1653	24	1971
844	24	3700
9	1370	2979
2558	24	138
20	11	5832
7	64	4638
165	8	6149
815	49	1592
168	64	1552
26	196	208
5	17	9192
9	11	656
165	109	3009
2825	3	8436
332	470	6554
553	959	1054
25	24	4920
160	128	187
9	8	980
787	11	1100
7	15	1001
0	119	1605
0	8	3442
7	8	1656
31	76	387
422	8	1765
0	55	177
9	159	783
344	286	744
7	169	4268
9	19	8917
9	49	798
25	55	1597
26	677	33
31	65	3
7	11	721
31	12	298
9	109	3887
0	19	11013
46	199	619
266	267	384
7	15	6046
1147	410	3526
84	29	1621
175	116	383
0	209	5809
7	19	72
0	141	1392
810	585	745
5	11	8850
175	78	8322
627	384	60
972	85	2171
1091	8	120
7	11	2501
5	162	9505
7	24	11360
0	55	9088
9	8	4755
9	11	4796
175	128	1070
9	345	1967
185	12	443
9	13	4153
262	238	35
150	24	1587
335	12	1423
5	94	515
44	238	6861
99	8	1626
31	270	3
0	238	1517
0	38	754
5	8	7159
9	22	7511
25	24	7591
31	12	7219
7	794	1538
5	277	751
9	23	5094
0	22	68
7	68	1505
0	199	253
0	206	2071
1063	115	2181
9	55	46
7	49	744
648	13	234
606	152	1083
26	3	1118
0	1125	54
2389	137	648
25	85	1063
5	623	248
7	204	1778
175	1182	1259
9	76	551
9	1678	3864
84	24	5937
46	8	257
681	19	837
1587	24	3581
9	8	432
25	24	6602
262	54	68
3012	196	29
0	64	4389
0	683	362
7	24	4722
5	53	83
5	155	60
31	11	2567
9	76	151
9	38	776
889	11	624
5	2097	837
44	49	2785
5	239	1008
7	434	1384
175	139	3229
7	91	177
46	19	1018
0	139	5159
9	109	2668
9	2606	72
44	78	1829
99	8	1121
105	64	3878
420	356	4403
9	49	11593
0	64	10548
5	38	776
96	76	2510
1545	22	9799
83	11	10598
9	91	29
0	119	776
478	19	435
9	601	168
9	53	11402
2920	24	8830
575	702	624
175	1965	243
165	109	9789
522	8	182
662	28	1662
1780	411	4280
9	11	362
31	1061	136
7	2339	3661
9	55	5971
7	49	9951
0	599	269
0	13	435
262	275	108
25	24	1652
0	8	10628
7	1472	9782
25	24	10516
175	78	7536
7	11	8123
9	8	5397
0	91	1080
9	237	8867
44	22	972
9	13	7118
7	155	9322
3408	8	1264
1229	22	588
5	11	4495
800	245	33
9	789	2246
9	193	213
31	23	151
448	1090	7190
5	73	2739
433	8	99
9	261	36
7	189	1228
9	8	2864
9	3	7068
298	11	2810
7	8	781
5	8	4503
7	24	1
0	471	11155
1885	8	2130
9	8	222
242	22	2869
80	278	723
923	22	2871
242	322	723
1412	97	662
143	11	9980
44	134	1951
865	43	1696
0	22	7967
26	386	599
7	49	1294
0	82	1355
46	345	363
403	12	443
0	11	68
133	11	10906
9	55	1401
46	55	3753
213	128	487
44	6	301
7	24	1264
9	128	2821
0	24	1247
9	488	7405
3321	24	10670
133	503	1123
5	11	44
31	24	8333
83	11	4383
80	851	5998
9	169	7091
9	91	600
9	373	4470
680	28	915
2158	24	5745
0	8	3582
9	85	1228
362	2466	754
9	8	9409
9	19	9404
9	19	2862
1206	24	8101
208	8	132
800	8	1659
9	1589	3590
192	19	158
214	996	368
249	250	348
9	19	2359
1015	159	7792
9	24	19
820	65	214
7	1660	3818
72	28	915
5	59	6982
9	17	68
9	564	1245
0	119	648
1909	194	2790
0	11	1247
0	236	615
1120	11	138
9	55	1517
20	11	1436
7	56	298
9	109	7640
31	6	1333
7	879	10756
9	244	29
7	139	1777
9	76	2510
156	22	1727
0	17	102
335	290	3217
0	599	33
797	919	1809
9	591	625
7	24	132
26	17	470
1174	11	8701
0	13	263
0	8	4298
9	55	458
7	43	1196
175	54	1058
0	2194	5883
99	23	2782
9	109	9846
7	2014	233
153	2250	6067
0	13	1780
9	8	1283
0	109	988
9	49	9641
9	129	145
118	2594	1384
2334	22	1456
0	17	10436
5	324	5141
0	13	203
7	737	1788
822	11	1237
0	4	2714
26	1275	591
3500	43	11524
9	12	10
0	8	1526
7	159	613
0	155	7289
25	24	1115
0	292	787
669	17	82
99	172	72
168	1887	487
31	55	72
9	224	233
9	24	10904
1035	356	613
653	145	1212
2882	49	8677
9	19	3794
9	8	11179
451	22	58
344	159	482
9	119	1573
5	49	8606
2234	239	471
655	24	1218
26	612	11266
9	3	588
99	159	5480
52	8	1517
133	11	1123
31	278	11565
9	177	2488
5	76	6130
178	131	1625
959	24	280
9	1006	837
7	64	8727
2159	85	5752
9	139	1285
448	87	182
7	11	132
9	2477	652
7	918	27
178	945	1394
0	11	305
609	358	471
9	43	11492
7	134	10921
9	180	36
0	275	10847
207	12	493
175	127	2094
1009	108	203
0	24	67
5	8	3261
7	11	2023
9	998	280
99	12	72
913	22	567
9	100	588
214	76	1121
99	794	3289
9	8	3083
9	206	10764
7	8	3469
9	1243	3957
9	91	182
1064	22	6025
1085	3	1049
679	8	107
1431	24	95
7	139	3895
1523	8	18
959	17	82
44	109	6521
9	238	9325
3151	54	182
9	76	126
9	45	411
524	444	29
7	24	8728
923	17	1099
0	19	158
9	292	7708
5	11	8032
2013	708	2810
5	8	5380
9	19	5334
242	11	223
0	1887	4746
99	8	5533
7	91	1726
0	227	8766
9	8	577
9	53	168
2231	1423	599
7	11	10619
44	169	5022
44	17	120
0	24	2858
9	24	8611
9	559	1456
309	22	7541
258	24	5918
9	1901	18
3484	113	4
2603	598	7495
5	102	807
9	11	471
7	190	7804
9	540	234
83	11	82
9	24	1
0	64	890
9	215	390
9	8	2421
2370	55	611
2058	477	5332
9	76	761
2660	28	11077
0	3	588
1583	1584	1493
7	11	5224
229	11	9246
9	747	3766
9	17	1539
2229	2230	5978
9	12	956
7	8	883
175	11	4595
2190	2191	821
31	159	7890
0	76	35
9	24	5508
7	11	6081
44	105	1014
0	43	45
7	1177	951
648	8	2567
391	1596	126
175	236	1840
7	155	28
7	196	617
569	3	3148
9	13	2952
2763	155	221
7	495	177
787	321	4264
25	24	1124
46	159	597
9	8	3277
74	109	70
0	8	4709
7	17	54
0	470	4012
7	22	5192
2175	356	3573
9	24	8281
2667	64	225
5	65	10312
9	13	2572
9	22	15
1539	1540	1676
9	1348	26
410	3121	362
7	4	3460
7	13	1125
9	622	5797
0	49	5046
9	55	10291
498	224	2528
9	8	7606
0	19	8064
2904	159	4066
306	13	1426
9	636	72
1011	3340	10744
1044	3153	2767
0	8	4777
0	64	677
388	389	605
9	8	6713
0	2593	1229
448	11	1556
9	1182	95
83	3	1237
104	17	443
9	8	2185
7	78	322
80	64	2
9	1464	744
156	137	9932
5	192	2610
0	8	10835
9	3	3032
7	1965	1964
9	8	3692
0	707	1333
0	82	208
44	23	306
182	128	2130
2487	977	233
31	106	1731
9	15	3552
448	2934	624
7	181	2488
0	13	10123
5	8	2258
7	11	1919
147	81	5799
44	8	421
110	91	44
9	8	4265
9	23	783
0	15	416
9	76	7979
9	41	379
9	8	2651
9	8	5
5	206	2
1142	1143	2348
9	8	6228
9	49	5630
9	19	7694
7	140	745
766	333	11310
7	41	2045
25	15	6835
0	17	458
9	13	4855
7	570	434
9	8	4930
9	8	3880
156	129	9345
31	91	1263
556	227	8216
9	24	10452
7	8	3430
9	589	1168
9	8	5430
5	76	545
335	292	649
7	566	878
5	13	2170
7	75	114
143	358	7942
1130	167	2321
9	49	5202
175	11	1251
1025	139	9339
46	139	613
1760	22	289
1245	22	9600
0	6	648
1723	169	4035
3271	177	10513
0	24	5234
9	245	6561
175	113	6228
7	127	1237
448	18	381
354	113	35
7	24	4204
9	8	6788
5	24	1421
9	215	4558
344	472	723
44	559	509
1019	22	6488
676	119	9350
9	91	2491
335	392	68
7	12	2961
82	24	297
9	55	3420
9	802	237
99	216	513
414	146	1694
7	1619	3673
2425	722	6813
0	11	497
0	24	4636
251	131	2399
2766	28	107
9	726	2986
46	11	3506
7	8	3014
99	76	117
9	8	6479
7	81	7823
9	91	7891
5	79	107
31	137	9232
864	24	7432
662	59	6876
25	24	236
0	226	3876
0	155	67
9	24	9587
2773	22	8227
46	275	397
714	267	2622
31	302	327
0	919	1809
0	22	82
0	55	584
9	22	391
0	128	2316
175	373	11103
401	217	233
7	11	332
0	49	6468
9	134	138
9	257	7862
7	128	99
9	511	860
9	489	2950
7	41	7828
9	55	4667
104	17	2135
77	11	8043
173	13	10874
9	8	8617
9	97	551
7	24	44
25	24	10970
251	24	2711
7	12	35
31	73	233
9	102	177
156	19	2294
26	11	820
9	348	9034
946	22	9067
9	24	11132
9	100	706
7	23	35
9	23	95
9	109	6023
2458	17	6921
31	49	2295
80	177	4723
0	38	3435
0	193	1247
7	206	9701
9	1080	11258
9	87	11020
2329	146	229
9	8	4095
31	146	4093
9	17	163
9	11	3062
0	19	205
0	91	7515
7	11	1022
498	261	4752
9	2739	1238
9	11	11418
137	152	58
832	146	222
5	54	6834
1060	11	2178
7	87	132
9	91	3522
9	13	6497
132	313	3306
7	261	393
9	140	102
9	250	72
0	8	18
282	209	7818
9	622	92
7	297	7218
5	56	2093
0	76	5906
516	146	381
3357	13	706
7	11	1787
9	79	907
9	356	2720
46	121	132
175	17	54
77	78	73
7	49	10821
0	13	4655
678	76	5053
569	3	7461
251	2005	5134
9	141	4997
9	13	10361
9	43	4443
9	49	5680
31	76	1121
2268	2269	443
99	8	8186
5	11	720
5	238	251
9	8	1694
0	155	401
1929	22	82
1287	1288	2705
31	12	625
31	302	1687
9	24	3333
9	8	7849
7	3	3251
9	53	630
335	356	10882
359	730	138
588	2167	18
7	109	6774
31	137	60
25	43	10073
0	8	405
46	64	662
5	322	3518
9	17	513
335	12	6828
374	43	456
291	24	871
9	64	129
229	400	8790
7	49	10259
25	24	2369
156	8	1865
9	227	476
26	196	11523
7	35	2050
1785	244	4294
80	286	1718
426	1801	345
9	27	4930
0	17	10723
7	190	3400
9	261	3828
9	141	11604
306	306	673
80	601	4131
213	206	718
175	91	1109
5	22	9001
0	323	6524
5	64	2081
7	172	72
9	11	744
2645	76	2161
0	137	182
138	17	6701
20	11	4430
9	109	6098
175	11	383
9	55	4690
631	4	208
229	24	8565
7	24	2585
1408	1409	3061
0	826	7894
9	109	4572
0	8	2608
9	22	3139
0	2348	6337
553	11	7884
0	29	706
9	106	5725
138	13	930
9	349	3274
9	406	54
9	49	7361
596	11	6436
7	339	4880
1015	12	5822
7	8	2117
7	76	653
981	159	5235
728	11	35
9	85	378
9	255	744
0	507	538
654	313	4043
31	6	2491
844	24	2120
214	11	291
7	91	1565
175	356	197
1355	8	2917
99	43	7996
1754	23	1638
9	3175	10022
9	43	3020
229	400	5485
596	11	1517
1015	140	61
84	131	233
838	24	11396
505	159	4732
9	87	104
175	54	10589
7	2741	561
0	91	9160
9	275	6867
44	22	1926
775	3	82
7	2405	740
0	444	3189
9	1080	4282
175	22	3588
337	8	9510
0	190	203
5	17	3758
7	35	208
9	261	593
1846	146	4502
7	87	1839
168	87	7164
641	321	5456
99	11	1238
31	55	6247
9	8	10109
1621	292	649
66	24	10484
595	8	414
7	23	625
498	687	1455
7	8	7967
0	8	3945
262	113	3787
9	8	3929
9	97	18
335	128	10390
448	28	33
5	91	1910
160	87	132
9	323	182
7	238	2544
7	11	10
9	238	913
410	147	257
9	24	5331
9	190	428
9	328	2807
9	55	7011
0	152	3351
9	622	1136
7	24	5156
9	134	7951
0	4	2
3234	152	10355
9	1061	3178
7	11	6009
3432	140	7642
175	11	7728
882	290	471
9	8	1866
133	11	897
175	76	1554
31	11	1237
7	11	1123
7	196	1829
9	73	233
7	8	529
1219	8	2531
595	109	8657
9	11	7039
9	105	163
44	146	3408
175	3	99
9	11	10542
7	87	3280
9	113	2548
9	87	1485
7	345	27
0	373	10321
0	8	548
2360	129	35
316	78	10053
0	23	1477
9	49	5514
1046	73	2142
46	261	233
5	8	374
26	11	9915
7	55	751
9	918	5215
0	55	3417
5	227	2065
7	55	4775
9	8	10027
410	17	54
0	523	67
99	186	7764
31	1650	233
2910	28	1662
498	357	4109
31	24	2424
0	449	1281
0	155	177
31	23	625
1958	507	10782
9	152	280
0	19	6252
175	54	182
5	87	132
557	215	723
9	129	3297
9	503	1189
498	261	723
418	683	645
9	119	10263
7	76	2459
7	3	656
9	411	593
2352	2353	1408
31	11	8102
9	64	387
9	27	5688
7	102	8496
31	297	1269
0	55	3403
9	43	9227
9	97	545
7	87	182
83	11	353
25	24	10520
0	146	887
31	297	1076
9	8	871
1065	358	2186
0	747	338
9	53	1121
1239	277	13
5	64	208
25	24	3852
0	770	2891
31	85	114
9	146	1638
0	22	1517
0	19	837
0	8	3185
175	8	2117
0	43	9008
505	109	132
9	238	2865
7	19	1107
0	119	131
31	145	730
9	488	4
516	49	2914
25	43	4897
7	826	563
1118	24	6349
9	24	8607
214	146	390
2554	109	132
44	373	1766
44	146	5436
7	206	5788
9	384	595
2265	13	11419
557	11	138
143	11	6357
198	97	3685
1517	11	225
0	43	1271
9	100	4078
0	87	3460
7	356	1042
9	8	2695
728	729	1397
5	41	362
7	3	10511
7	333	362
195	78	233
44	209	883
7	227	10708
9	55	2538
133	11	7684
0	8	5268
9	55	1938
31	24	706
184	11	9499
0	53	497
0	23	443
9	1310	3297
0	91	10855
9	22	3991
7	661	203
3411	6	58
9	474	5352
44	49	9131
0	8	271
9	8	669
7	65	183
0	134	4983
9	1238	1083
9	27	6026
9	8	898
0	507	2893
489	8	727
7	91	723
9	35	33
80	199	4339
0	13	25
80	54	3290
2059	76	5339
0	27	744
1826	511	5587
1175	22	58
9	8	1881
0	155	2198
5	22	5141
7	1141	2346
5	134	177
0	100	44
2691	22	60
5	49	667
0	896	713
0	1319	4199
0	13	10828
7	8	223
5	356	5162
9	28	2035
9	43	1498
2970	507	1438
2116	155	60
9	73	6829
335	24	6158
9	357	11536
9	49	2533
31	59	7379
46	17	4549
335	12	2
25	24	151
99	938	257
2095	345	776
9	693	9884
9	224	774
833	302	151
9	819	2245
9	645	839
175	87	302
0	1631	411
0	17	481
9	8	11566
5	8	7449
9	8	34
9	8	11427
0	100	4392
0	853	10722
3103	87	9729
9	139	9105
0	8	6834
337	199	1042
156	53	221
1239	11	744
44	79	54
9	11	3557
9	109	3980
5	8	8826
0	8	2162
5	24	1597
736	128	1643
595	128	4857
7	43	289
9	668	6472
25	2871	8631
2393	136	443
7	127	1518
7	64	72
9	238	1127
0	43	11440
88	321	471
0	216	651
9	11	101
9	4	1568
7	11	683
9	277	8870
9	55	1542
9	24	9360
7	11	35
0	55	4420
7	599	60
31	22	2528
242	91	723
3344	55	10774
258	3	82
309	22	8556
7	98	100
80	45	2155
1043	56	26
0	82	9538
96	97	1367
9	85	6205
1963	707	27
9	368	33
7	24	8228
9	211	393
354	113	10383
137	13	6106
31	155	1778
2428	179	2902
44	109	5671
26	22	7349
31	22	6805
805	146	229
1852	11	4333
25	3296	2246
44	65	214
26	91	10604
7	384	2035
165	22	499
0	349	1777
31	11	2006
0	24	1429
46	8	279
1055	585	769
7	128	7489
83	11	7400
7	41	33
175	94	138
359	730	554
0	15	1492
595	128	591
9	11	4960
9	898	9120
0	8	11339
0	13	5045
901	53	891
0	49	3220
5	1119	1777
7	94	6949
9	8	7928
335	136	151
864	24	1207
25	73	3444
350	113	1369
282	22	3718
31	37	3486
9	261	951
0	238	54
5	8	798
9	8	7688
99	8	3433
234	238	7504
5	159	393
9	23	625
80	17	4809
99	8	37
5	64	2898
9	8	588
2434	754	1295
0	19	542
9	55	667
7	24	197
9	105	132
0	13	2105
133	11	9145
9	141	8958
9	269	631
0	102	193
2963	8	27
44	831	10256
9	43	2279
44	24	4715
0	216	9630
7	11	2074
83	3	11491
0	19	1948
0	24	657
374	216	593
0	8	8960
0	129	534
2014	75	586
9	22	99
175	495	177
7	1182	1554
9	109	3159
83	3	3527
3475	152	507
0	85	67
7	570	1638
9	477	387
0	8	856
0	8	1636
0	8	10450
0	8	11035
0	38	1517
1984	55	99
648	49	11481
366	24	222
359	730	1042
800	55	3943
9	100	749
9	22	5983
533	336	745
1416	873	225
1794	13	650
0	22	10333
7	3449	1080
58	11	9880
9	8	1376
175	707	18
9	137	3923
609	159	7761
9	3	8826
31	11	773
137	155	2174
9	43	3611
9	11	376
7	8	54
787	1285	662
0	113	988
175	373	60
7	507	9094
5	206	883
9	19	8287
9	22	6276
0	223	6137
9	8	6399
479	113	197
448	315	1109
165	79	9228
9	49	8095
9	113	368
258	8	373
7	120	132
9	1466	827
448	206	458
5	137	182
173	109	8375
9	85	2758
0	8	5618
46	76	1627
9	91	453
31	8	1131
260	491	516
0	79	7133
9	137	5090
44	8	7251
7	778	443
165	169	1704
1395	768	10969
82	24	222
99	22	1848
7	24	9463
428	139	1777
9	55	611
0	853	5397
2589	2590	7447
5	680	306
48	323	6862
7	113	346
2355	91	326
0	13	3400
214	131	7321
1474	919	3244
31	24	1720
3249	1025	225
7	97	1207
903	904	1167
9	188	8269
7	22	1109
7	215	3722
0	43	639
9	55	8239
595	85	263
9	16	4428
9	15	158
0	76	10982
182	24	4367
0	1615	513
7	495	10180
9	159	387
9	286	7286
5	146	6787
2744	566	3736
7	238	1626
3309	55	3935
1645	8	257
9	146	613
7	56	3876
7	15	3648
9	109	7208
7	22	2832
9	13	9318
7	1588	3584
1037	95	29
0	43	8647
5	11	1496
7	49	177
99	488	513
5	4	3460
1713	11	9804
99	109	1535
428	8	6243
738	134	99
1621	12	443
1705	583	9942
1654	367	3491
422	8	784
1424	747	233
0	13	712
31	11	4137
48	79	1009
0	119	1517
0	43	10868
2699	17	54
572	97	1004
9	13	5400
9	11	905
332	206	471
7	22	820
214	24	6990
0	64	138
5	22	723
9	23	3769
688	199	640
9	1388	3004
609	28	64
1748	1454	5097
7	55	54
0	8	5461
0	55	11098
9	24	450
9	128	9173
9	55	4346
7	55	9773
9	8	4241
9	128	1643
1224	73	2547
7	137	586
694	472	1295
9	401	745
9	159	8407
1589	146	4189
9	22	3030
31	53	10407
3386	1207	301
99	8	499
974	76	4711
31	22	284
3078	13	9608
7	315	5405
9	29	10112
7	8	326
1107	3	2180
9	8	4447
446	181	2488
9	292	29
31	159	440
9	19	3283
99	87	183
184	11	9957
7	146	1676
7	24	7427
7	11	233
354	12	1550
9	245	1093
31	8	1420
9	141	4829
46	24	1524
9	119	4008
9	238	7199
9	106	177
0	152	136
9	28	347
175	49	5397
889	271	4814
2900	68	1984
9	1501	555
99	19	158
9	436	5922
0	1133	107
953	76	54
9	139	4188
83	3	1123
7	64	4869
9	3	3683
31	49	3808
31	8	3538
229	24	5482
80	17	5536
7	13	2277
292	250	723
0	85	3955
9	27	68
0	28	593
7	406	488
9	76	92
403	356	580
7	368	82
498	97	1228
1729	159	764
175	286	234
0	69	742
505	330	488
156	307	459
987	28	1999
1624	24	3700
3456	76	4088
324	38	6156
7	64	8826
5	239	742
31	11	3756
175	17	0
0	146	509
25	24	1099
9	8	6994
9	22	216
213	292	1121
448	1194	1121
31	155	7917
0	2615	1394
9	119	6965
9	91	8852
531	209	883
1131	8	1626
5	134	104
7	85	11550
173	22	1944
0	137	60
9	134	191
25	24	326
7	11	1735
0	139	527
9	2316	1
0	19	10761
1986	1987	1944
951	18	3369
9	87	7249
340	13	508
7	13	72
1449	22	91
565	55	2093
9	49	9956
9	8	1185
99	1631	1121
7	1791	1467
9	13	346
7	11	326
505	28	9477
7	79	223
150	216	185
857	13	5535
9	8	8847
7	91	2392
2944	215	723
7	8	311
80	269	1137
0	2336	384
5	278	1880
0	24	6460
25	24	5751
31	3268	744
80	22	1642
843	146	221
9	8	327
9	1593	6343
9	100	1485
9	8	4053
0	49	3812
0	91	4484
1458	1459	2317
0	64	95
2374	1894	600
2093	2094	368
229	24	662
505	860	769
66	24	2773
9	43	3262
506	514	3305
7	564	6013
5	275	3600
332	333	10578
9	54	1537
810	488	5026
0	11	600
156	1822	10644
0	1783	2161
9	55	11148
0	4	6382
448	87	33
99	11	3458
391	8	930
99	238	13
448	196	913
80	146	8080
7	13	4431
714	128	6661
662	76	1121
332	94	679
0	141	10366
9	17	9254
1003	152	7167
165	8	3500
31	986	1196
9	13	994
5	216	8197
762	17	54
9	76	10070
5	238	5562
99	85	1264
448	1067	33
31	139	6458
5	8	1486
5	87	7023
0	8	2851
262	919	9022
214	17	2004
31	11	507
0	79	7203
7	1557	9520
9	3	8001
7	8	10
9	19	2
175	97	234
3061	3062	2464
0	24	4283
99	87	326
83	11	99
7	23	3801
9	81	197
5	8	1575
26	3	54
958	507	6704
229	24	2630
9	8	2334
2805	76	151
2318	297	491
31	826	10891
5	323	7005
7	503	3288
235	236	320
0	145	60
44	49	6075
9	141	9579
83	4	222
9	87	1013
7	215	11474
0	22	2898
9	23	2803
9	8	3792
337	17	3212
9	11	4563
9	8	1584
0	186	1121
5	54	3164
5	17	152
5	196	1829
44	19	834
0	15	10427
674	444	27
5	17	225
1003	313	1967
9	12	5207
99	11	7101
80	55	5560
9	19	2294
9	468	7364
31	137	10329
9	196	6304
5	772	1482
440	129	329
0	3	3767
9	108	72
31	8	1431
7	333	667
7	41	9769
0	24	222
242	685	3297
412	17	54
0	76	54
354	113	443
99	49	5433
7	15	1638
2403	269	6466
0	8	10757
0	8	131
7	155	5890
7	97	744
7	8	285
9	49	72
9	8	10763
7	8	5624
7	495	11196
7	486	72
7	261	744
5	292	1630
175	900	8877
175	24	6225
26	105	1692
0	43	203
7	24	10964
0	485	1775
9	109	5715
2437	17	54
80	17	82
175	147	29
7	495	4204
306	128	1175
42	3229	662
9	87	4112
3474	55	11411
7	259	1690
0	55	809
9	119	237
2351	43	7336
26	64	345
0	8	6539
408	129	6520
9	64	625
0	8	8667
505	8	13
198	76	251
9	348	10088
26	612	263
46	97	1095
0	55	1413
9	28	421
9	339	33
1846	356	2948
7	6	2468
2122	215	723
414	109	9565
9	11	975
9	79	962
1807	3055	197
9	1192	2455
5	24	11496
0	23	1638
344	3	233
7	24	1750
9	8	10532
9	109	718
48	238	1054
9	106	10254
1929	11	54
867	11	1702
9	238	1739
5	1768	2185
9	55	6960
1085	286	346
99	53	1525
0	24	312
9	636	10
46	904	1422
335	570	662
733	292	64
80	76	348
9	172	1456
9	8	1100
5	322	1720
499	523	60
9	216	221
117	53	7801
5	38	60
1846	290	839
1754	22	58
9	128	1517
184	1652	2
332	206	516
1991	22	5077
7	3200	10167
0	64	2720
1851	729	10364
9	339	221
7	87	5306
7	64	10
9	152	335
5	24	837
5	109	5228
9	206	3983
0	223	6421
25	583	3257
0	11	7111
9	8	3745
31	1714	4001
31	22	9256
1097	321	600
478	91	6483
9	315	4706
99	24	6817
1278	24	706
31	106	1099
9	8	7106
3131	13	482
982	411	35
263	345	887
9	472	723
9	238	151
9	24	222
1264	113	8105
2677	149	532
2275	54	3144
1065	3330	3
31	76	400
0	146	1503
99	3	751
9	97	1807
7	64	11457
9	8	3641
7	22	2642
175	3	2587
9	24	4852
3365	2868	44
3041	297	5605
448	24	5545
420	356	1475
0	55	9039
25	24	656
9	76	3531
7	78	1137
0	1894	497
31	119	1470
9	8	5404
99	13	3326
9	261	1920
0	8	8026
0	657	3570
99	119	60
1269	85	2660
9	19	2881
9	102	2453
0	599	497
2855	2009	151
175	450	35
0	24	10488
9	59	411
7	6	8545
0	8	4297
9	55	3365
9	523	2868
52	19	3857
99	400	27
9	13	1187
175	215	723
0	1285	807
0	356	580
959	1059	2175
229	146	1099
1508	76	1575
168	2204	208
7	11	3640
9	761	640
1809	3	54
505	907	1119
0	842	68
9	8	4608
1711	1712	2155
80	199	807
7	91	6834
9	356	391
0	53	1517
80	45	783
0	49	1206
7	512	440
31	24	3614
9	22	577
1011	128	1643
9	43	2847
3390	8	54
9	11	793
9	500	712
0	750	509
9	215	207
769	17	345
170	8	200
873	24	8966
9	49	3009
168	28	471
1245	768	6174
178	24	9011
0	79	807
293	91	26
9	2316	11454
99	19	1109
9	13	1009
448	11	4054
2943	177	8945
588	91	1076
557	24	7618
31	22	9407
2494	13	8298
7	1088	35
5	23	488
9	8	5558
9	55	27
175	471	1535
7	24	1626
0	29	5591
0	139	509
9	989	3845
7	41	1333
9	8	5722
9	43	757
7	159	72
0	43	3708
9	19	10518
5	8	54
9	237	706
696	528	54
662	1077	600
7	11	4254
9	719	1369
9	139	92
0	95	158
9	2635	82
766	28	13
31	8	5014
99	128	434
7	85	203
5	259	4800
7	8	99
99	11	13
46	277	1367
9	8	5307
2216	18	363
262	275	1013
26	11	913
9	100	233
1248	24	953
9	107	1416
2234	239	7028
9	1965	257
175	11	4342
797	189	9426
7	421	7004
0	8	1929
9	190	186
9	206	72
7	1861	1908
42	789	4590
0	55	8317
1594	8	3602
82	193	4178
9	8	10227
7	11	8386
680	238	2283
0	137	3585
1261	336	3918
362	95	72
7	444	10553
9	109	698
7	206	985
31	73	10080
31	137	58
260	3	242
263	215	6273
0	53	11577
775	55	4695
25	24	4194
99	24	6609
335	12	10958
83	11	718
7	11	577
175	216	381
9	109	381
9	8	1337
1064	22	1726
7	11	1518
31	11	10466
2011	43	5169
9	55	10973
0	22	6963
838	78	2902
7	349	2958
7	137	1505
229	24	8467
263	97	471
517	65	859
175	106	1422
9	436	132
214	3512	132
31	1406	3
9	43	2085
2457	37	1076
714	159	8949
808	2091	10860
9	890	2528
9	238	208
7	102	820
9	73	5716
31	24	4267
2555	24	7353
9	109	2281
138	3	99
9	8	4453
9	16	72
9	109	652
9	690	1281
175	238	625
662	17	588
3514	43	11589
3145	113	2544
489	2050	567
1836	113	5569
50	43	3195
9	802	3653
5	17	4445
9	854	440
9	24	1597
1737	28	385
0	8	8928
99	22	1814
9	49	5638
1601	292	197
9	43	6359
1504	405	11153
2067	113	5387
0	109	7060
662	18	7460
7	8	11287
31	11	8927
9	49	1153
143	109	83
9	199	807
0	715	1299
44	8	5984
2325	503	138
31	8	458
2690	768	126
242	59	2507
1904	2843	29
99	17	3573
2440	2009	2
46	238	222
9	49	9138
9	12	8796
7	11	64
44	373	7137
9	128	743
9	1631	8035
0	1	634
9	3	237
0	8	1310
44	146	10496
428	113	10007
9	12	542
0	32	1703
9	507	1506
9	8	114
7	49	74
99	778	182
9	8	3605
99	140	1638
0	17	89
1307	295	4147
31	1921	1777
9	55	2339
2332	471	5402
25	24	9290
9	693	92
26	23	434
9	22	8473
46	275	766
0	22	944
229	8	104
99	8	2036
335	636	4208
9	109	4026
9	13	10544
7	22	1970
565	87	207
1885	979	1540
1934	24	68
82	76	138
7	17	679
9	204	13
0	55	7003
9	11	4839
31	22	60
31	411	963
0	8	2558
5	8	248
9	64	4638
5	169	6307
9	43	9340
9	381	5433
5	1675	5873
7	11	997
214	24	27
9	146	611
7	261	8099
26	227	1733
258	794	1804
44	146	2958
9	1080	1135
7	339	72
2382	8	1099
0	19	3318
207	12	281
9	49	9285
447	87	7381
0	73	67
31	24	2712
1545	129	58
7	87	3876
5	1333	138
9	1778	18
9	64	5724
5	196	5463
9	345	4384
9	19	4765
9	11	7121
0	8	4600
2154	55	5735
9	8	104
58	11	11434
1330	928	1095
0	55	6845
58	11	471
175	78	2804
7	1348	8342
1453	188	9292
9	978	1963
306	193	5157
5	474	95
60	24	8044
31	339	138
251	24	1119
1416	196	35
99	8	1829
7	8	1394
7	87	237
156	155	58
7	216	549
7	13	4768
117	152	177
742	267	1196
21	22	17
25	24	9401
99	79	346
82	113	11059
40	41	32
0	106	1044
9	41	7106
1701	1074	6760
1748	1455	4755
31	24	233
31	24	1421
0	13	8118
251	461	10359
0	134	820
0	1507	3752
0	559	509
420	356	151
7	24	2858
2192	85	6552
0	91	374
714	1023	68
1812	900	1283
26	17	2180
9	19	4717
143	3086	326
46	411	207
9	8	6563
7	35	767
0	32	2713
9	8	1512
864	400	1278
156	53	7266
9	323	1802
9	8	11495
9	109	68
282	8	2400
143	55	99
9	115	155
753	8	1657
104	24	297
1774	28	2810
9	17	208
214	109	3736
0	87	1257
1208	78	306
9	55	6170
9	8	9684
80	17	3212
9	8	6630
26	141	2848
0	8	1319
344	55	10590
7	11	11371
5	348	213
505	8	11476
378	456	724
9	11	3425
7	8	798
20	11	1099
7	261	1295
9	8	8652
781	11	723
31	24	509
168	3256	10454
0	38	131
9	778	182
0	8	1175
9	146	4931
676	155	182
9	78	241
1045	11	2140
31	24	2391
9	238	1994
31	190	1207
9	193	8982
185	24	36
7	85	817
420	128	653
0	129	11160
96	898	1049
2452	760	6901
9	8	1294
9	29	233
1868	196	35
7	507	3
80	8	6493
5	17	72
9	43	1094
9	13	1867
0	593	751
99	11	32
9	109	27
5	128	1829
9	345	531
5	11	3404
26	2731	8018
448	1067	284
0	49	301
63	3	54
9	180	8412
1570	128	183
223	24	605
80	109	132
9	27	8136
9	19	3583
31	190	383
354	2881	35
0	792	60
9	8	208
9	17	588
83	339	0
5	11	555
25	24	11256
0	64	35
2752	41	1865
214	49	5697
9	17	6410
143	146	76
662	78	2713
79	131	6588
3159	677	9954
9	8	9455
2921	540	611
83	339	10410
0	8	8405
165	109	8591
58	11	5483
0	267	2785
99	8	132
9	92	9767
9	106	6192
359	85	614
31	495	3694
242	28	471
1120	269	997
3278	261	8886
7	16	10385
80	146	2659
5	315	5129
192	79	381
9	339	60
5	49	68
9	8	9988
31	8	3453
26	257	44
9	139	613
168	2033	5213
1568	76	4711
5	24	6745
9	12	2842
618	216	2086
7	238	743
2605	75	7496
9	55	5061
9	113	387
673	134	4305
694	11	1237
26	127	1421
2959	28	593
1363	11	197
2079	24	11464
0	24	7619
9	3047	3305
433	324	6088
7	94	913
168	109	2327
489	8	6083
175	28	263
9	59	6084
0	8	3082
82	8	843
872	11	44
0	49	11373
354	292	10
0	8	588
9	8	11546
0	64	588
9	238	2634
7	11	7187
0	464	9000
5	87	464
143	760	1630
175	146	1568
3439	1333	138
2395	248	151
0	358	1864
7	159	1676
9	8	10908
9	8	9817
7	64	718
46	97	233
165	726	603
1993	19	837
7	76	7950
1024	87	1475
7	76	9016
1375	206	727
44	8	11606
2530	368	54
31	71	64
419	356	6772
0	11	683
0	8	2021
9	924	1819
3094	27	11129
0	85	509
9	19	2921
175	141	2121
7	13	2577
44	119	138
160	128	72
9	8	7852
7	11	5548
25	400	2241
99	190	188
7	85	269
9	79	381
9	8	10519
229	24	4918
1134	47	1137
26	11	44
99	55	744
5	140	745
7	339	346
175	11	5696
455	2662	10812
0	821	10457
214	8	60
9	49	7059
7	12	1620
9	295	445
7	78	486
1046	22	463
678	544	1175
1842	259	4580
9	8	6133
5	17	68
99	55	9885
910	149	7720
7	11	6753
9	76	1008
182	12	443
9	8	4565
182	128	9304
377	12	740
31	269	640
156	43	18
138	85	9068
2702	17	54
0	119	5321
5	8	8253
7	503	9187
9	91	2035
1694	544	624
7	15	4910
80	515	513
7	731	625
0	1236	1228
99	8	11330
0	2099	5634
234	43	8087
31	12	7776
941	24	1856
9	152	820
9	472	2049
340	41	883
2162	476	883
5	128	11388
9	8	8167
0	8	3781
0	348	7027
5	13	9558
7	693	64
25	131	908
3196	24	4644
143	113	10993
5	315	538
9	633	630
2025	356	197
282	8	580
0	55	6496
9	108	1411
31	91	5086
556	261	7886
359	261	580
7	24	1059
0	28	868
584	472	1393
1085	127	27
31	257	6874
44	49	3193
31	65	538
7	245	5362
738	109	4209
133	11	11384
2876	1348	8650
3343	3	99
0	8	60
9	591	72
99	12	517
7	11	786
987	3429	1121
175	109	2
9	3	7198
9	269	1042
499	76	27
7	8	9202
0	87	2780
99	109	4124
9	22	6743
9	8	1160
7	189	27
1807	159	509
44	134	104
2388	28	6660
44	384	3305
20	17	1703
0	81	1878
1489	979	3280
7	11	4137
3051	179	3687
0	8	3923
7	1319	7356
0	109	807
9	76	1137
96	189	95
1465	127	1018
7	16	619
178	13	2529
262	1315	392
99	238	5636
260	3	8639
9	8	4604
291	292	114
344	277	1367
2665	1302	7726
9	456	3825
46	13	1175
0	22	30
0	400	497
7	29	8676
26	11	1665
618	24	3126
1092	471	2243
7	64	1290
0	152	114
9	8	244
1097	472	723
31	119	5639
0	468	92
736	495	887
242	292	233
9	78	488
31	622	3400
714	267	68
1232	12	625
173	22	8325
80	8	362
0	2200	5897
46	17	68
7	8	182
7	339	82
9	190	107
175	24	2493
7	333	4109
9	8	4144
0	19	435
0	12	625
31	444	1481
0	8	82
31	87	168
9	11	225
9	56	4147
99	17	5930
9	139	327
0	119	183
7	91	511
344	538	744
9	8	8323
83	11	241
1629	76	37
0	76	878
5	659	2542
7	405	10392
44	180	353
9	22	7572
371	603	3150
9	53	10834
1395	290	1100
9	406	2629
0	41	2215
955	956	1896
25	24	1063
26	11	2
99	8	306
44	585	81
9	43	5967
2394	238	152
7	17	458
9	401	3030
1085	8	611
9	85	2727
433	339	9124
229	24	656
0	91	411
99	491	3809
0	79	1617
7	8	1531
9	78	4539
9	8	3578
9	11	4969
319	24	278
9	339	575
0	3	751
7	109	3918
1167	2164	5793
133	11	7602
175	11	8779
420	209	883
276	11	233
9	49	4697
3504	24	11549
168	715	2184
7	28	5382
31	22	182
7	97	532
1359	100	706
175	41	9472
9	356	4181
0	495	7522
1043	295	580
0	22	114
0	43	11409
173	43	1
2853	91	1099
175	11	5011
422	8	1704
9	206	7614
0	28	6669
9	128	10106
1072	250	1076
9	17	231
96	286	99
0	400	1236
0	8	10266
184	269	2
1629	353	37
9	8	4333
5	17	7074
354	215	72
31	406	306
0	73	3767
96	97	665
9	919	9606
1465	127	3219
137	146	2421
0	22	1801
175	78	11490
31	75	9725
165	109	396
9	244	4034
2010	76	3871
9	109	107
31	155	136
143	474	95
9	28	8463
83	55	516
5	491	667
2583	124	7109
5	128	3843
80	275	662
5	358	31
168	302	455
7	11	8546
110	37	3558
9	119	404
9	3091	3635
9	23	2566
403	292	10066
2018	24	5184
9	1080	64
2227	400	211
621	119	787
0	424	619
465	11	482
9	8	7216
812	120	1568
751	8	8789
137	270	26
9	13	11079
26	11	4698
9	76	178
9	19	9924
583	24	2369
1551	22	233
9	106	222
282	1874	4575
867	2171	2092
14	49	60
9	119	2528
80	124	551
31	11	3419
0	100	706
9	13	10800
0	55	8851
31	65	5348
344	28	138
9	601	72
932	261	1840
260	24	13
3203	73	2577
1528	238	362
808	8	1928
26	92	63
9	141	2383
31	85	1147
344	22	1295
922	250	1076
9	24	2858
684	1138	5900
787	11	1829
7	11	9185
26	11	8709
0	109	6632
234	100	2424
9	8	10397
1106	119	648
9	49	7814
213	94	94
0	559	497
7	27	8242
3060	13	242
7	152	766
7	49	260
147	22	1576
7	127	9360
31	137	1457
9	43	1215
7	11	11156
0	313	569
2571	1125	68
9	55	1768
24	297	482
5	24	7295
9	76	5008
5	22	216
80	8	7937
7	8	1281
1518	900	60
96	1406	95
0	19	1031
7	23	7247
229	24	5726
561	3368	10873
7	464	138
581	18	2172
5	8	414
44	24	1522
175	76	183
262	24	6070
5	269	44
229	24	1976
9	119	1121
9	43	1319
9	17	4708
7	8	7380
0	100	6323
9	540	8754
2614	2615	718
781	8	3698
5	17	9013
9	472	8649
242	11	2094
31	152	1777
9	146	2669
9	113	4068
99	17	6850
0	55	7561
9	206	5123
9	8	10283
175	56	10927
9	8	2035
0	8	3474
5	17	6327
596	11	613
5	3391	2
370	3	567
0	49	1956
1043	373	2077
7	339	4295
9	1512	2587
1853	286	482
7	339	6454
9	8	2027
0	22	1061
9	1151	817
817	11	1608
175	128	381
168	22	593
9	49	3400
5	155	718
262	28	10003
5	1258	80
7	2996	4005
7	8	60
50	227	1099
9	8	5533
151	152	177
7	238	4721
26	17	1008
9	4	3476
133	169	27
913	687	1455
473	238	766
0	206	68
9	41	5493
26	907	2253
0	19	6010
31	12	6393
9	322	2512
20	11	606
16	12	443
3140	3141	58
44	540	11499
83	17	9269
26	3	346
31	11	8710
7	172	60
910	371	589
9	17	242
7	275	3958
0	8	783
354	49	2914
9	8	213
3109	339	9748
9	238	3249
77	8	3415
0	17	4914
1261	356	151
31	472	2049
3366	809	10870
7	680	1207
9	8	2950
0	78	306
5	8	7583
7	8	7177
178	15	7490
0	91	301
31	11	5921
5	8	27
5	11	1025
335	113	7604
31	11	2414
7	11	100
9	24	1490
1453	8	3182
31	53	4587
31	22	1109
335	136	920
662	140	776
9	23	4148
214	167	298
0	152	9680
1566	1567	3529
26	91	820
9	193	107
2792	24	8309
7	15	2999
7	339	7566
7	76	207
1043	1522	515
9	100	6891
143	1164	2619
9	109	2026
581	28	640
5	121	64
7	55	4894
7	11	6827
0	109	5970
7	8	878
9	73	11561
7	3088	4114
86	11	1098
812	79	1319
7	24	1294
263	345	776
5	128	982
9	8	5396
0	55	8001
443	131	11358
9	141	1962
7	11	10296
402	11	5987
7	94	5700
872	772	744
104	3	68
9	19	3266
31	24	4897
7	1647	1295
335	245	443
7	8	8353
1280	3	2685
9	105	6107
0	73	6401
46	17	11450
455	8	713
0	8	7709
993	8	5605
0	19	164
9	3	9732
354	12	10672
335	1201	10057
1547	11	2810
7	49	27
173	8	6602
26	87	1395
5	8	289
1015	290	64
96	297	482
3180	1125	10055
0	22	1355
7	24	6270
31	8	3103
9	17	117
2086	17	1882
5	106	2702
9	24	7302
222	223	301
0	53	1049
0	85	2491
9	715	652
1821	278	2
9	19	837
9	257	1057
25	43	8608
133	11	10726
9	1271	651
1349	1343	387
7	8	11219
31	43	3413
5	8	6703
1569	129	2421
9	1945	4895
9	8	10980
9	8	10331
7	570	72
3215	1793	2454
31	269	487
9	436	8493
306	55	4967
364	248	4674
1576	79	27
44	100	5461
9	2839	8506
31	145	2454
309	488	1629
7	43	11032
9	850	6888
3031	64	9361
279	280	412
7	11	306
0	470	8790
0	747	3518
31	488	6065
9	890	1952
9	24	2969
1661	169	11315
9	13	266
0	41	11483
7	106	1211
182	12	1423
9	8	4606
1239	11	13
7	6	221
9	973	1950
160	488	509
7	35	8339
409	209	438
80	18	662
175	141	4070
9	53	456
9	206	1070
2325	43	2113
0	789	3432
340	188	6059
0	87	8738
160	53	1121
7	11	9896
9	384	10883
9	8	5543
5	127	3317
584	11	723
7	6	1407
9	78	1679
0	91	484
9	13	3700
25	24	6596
184	128	9093
9	8	9652
9	8	567
31	503	44
9	8	482
138	22	138
0	11	5345
31	292	5221
2859	54	1058
837	8	0
96	97	99
80	313	151
9	286	6986
0	55	1327
678	28	868
82	64	54
80	1086	593
9	2096	2018
2768	109	1517
0	55	9903
1062	3	54
44	100	67
547	196	7731
9	17	2299
7	705	471
1050	11	2160
9	12	298
133	11	5612
242	145	2116
7	1675	132
337	91	4135
173	43	1784
1377	8	480
9	43	871
446	137	214
9	87	29
143	2460	289
1439	476	3140
7	23	3860
5	159	10072
9	244	4226
99	436	8544
9	73	5160
80	55	99
9	778	6374
9	188	230
2981	22	58
3220	76	600
0	69	60
9	2741	1514
9	27	107
9	190	6000
3213	106	5822
0	108	2785
304	43	8267
46	8	4487
423	286	482
31	22	1314
7	11	6298
376	128	471
44	1104	151
5	406	6567
344	322	631
1322	28	915
5	693	2894
9	24	4820
260	28	4390
1836	278	18
335	136	493
9	8	9723
143	128	9152
9	8	2368
335	334	6158
31	129	9661
0	523	2912
3018	119	4105
31	11	4504
0	119	6577
0	68	6935
445	12	443
66	24	3915
0	121	132
0	17	754
9	55	536
0	315	9635
751	313	624
0	91	3410
168	78	35
44	8	9247
662	54	8360
7	76	985
9	8	4263
99	238	54
175	238	7621
9	206	985
498	687	2528
46	85	416
0	8	11253
7	109	11030
7	8	1486
66	24	2357
9	64	82
44	128	2817
7	8	5403
160	196	35
2969	78	35
0	49	6556
9	770	44
7	19	253
9	76	54
905	3	82
9	19	1326
0	357	29
662	76	879
680	292	8930
272	3	54
9	468	54
156	24	2275
1847	28	4514
5	78	322
9	23	532
419	747	4760
9	261	9196
9	13	391
9	549	950
9	41	32
0	1058	2906
0	64	54
0	55	233
775	41	32
114	685	5297
5	11	1829
332	333	737
214	2929	92
0	85	1053
9	206	8814
7	106	5085
99	141	6540
26	206	4235
0	91	613
7	907	3150
9	8	4955
156	49	58
0	108	140
114	24	229
143	617	132
0	91	5412
2375	152	1407
31	106	112
874	140	1582
175	141	2172
1616	292	95
9	24	2943
1313	11	1055
63	3	6017
5	87	222
31	6	6860
0	137	4435
262	211	182
1795	49	6870
0	29	68
25	24	4699
7	13	883
1136	97	3898
7	13	7654
9	896	9485
7	11	3499
31	1025	2785
0	79	381
1523	76	2
229	24	2842
0	22	4105
1155	13	10853
680	1833	4466
0	8	6501
168	64	72
9	300	72
9	8	1253
31	11	567
1812	2442	6855
0	8	5143
31	401	7710
7	17	9328
5	17	54
0	8	136
796	269	3851
1134	17	1568
9	49	1672
2124	1366	10650
465	277	13
3290	772	2092
5	64	4770
0	8	5668
0	94	1121
2856	2857	233
306	55	886
498	224	723
5	323	8910
335	24	297
0	186	5105
9	253	1167
0	41	4660
5	11	7326
9	79	1138
7	17	1107
0	73	1693
5	102	713
7	79	27
0	8	29
2238	85	306
1948	22	4097
7	64	625
9	871	5705
83	3	107
5	3	1319
9	141	5656
7	339	1490
9	55	4849
0	97	7527
99	8	2117
0	43	8508
99	322	783
99	78	6343
0	13	8476
132	18	280
46	23	233
9	13	614
838	8	497
44	119	3
175	59	2096
626	8	2
7	59	7830
0	1302	515
7	146	9687
184	113	64
350	421	9312
175	356	8863
2211	43	1215
9	8	547
642	11	1954
7	11	744
9	2973	9101
9	778	780
44	17	82
9	53	6144
0	381	1938
340	8	1765
800	1818	4410
242	11	4354
80	87	10576
448	677	2810
5	22	6620
83	11	10271
5	286	10659
229	24	6803
31	22	1407
1836	416	1420
433	24	387
46	406	233
175	238	5821
9	24	6042
9	508	2615
9	17	1115
466	11	747
7	141	9005
374	8	5441
44	55	280
2192	91	619
31	310	1837
7	76	10310
641	472	723
2319	239	6353
7	22	1336
7	199	9139
1417	1418	1682
7	119	538
2398	79	7375
7	206	7310
7	1675	8501
9	87	3406
7	586	8278
9	43	9765
7	238	400
5	111	497
9	19	7516
565	943	2093
0	238	3983
7	8	1572
99	322	482
7	76	1499
498	871	3191
681	17	82
168	1652	208
80	421	3365
99	509	381
0	49	924
662	1104	10674
63	3	5774
642	8	280
9	128	5357
9	49	7085
627	231	107
31	172	2463
48	43	6831
9	501	825
0	336	500
9	49	3012
7	206	213
7	286	234
99	2918	132
31	256	4605
867	11	482
175	11	7555
262	269	280
7	23	4366
5	23	915
0	8	10531
234	1119	7573
258	23	72
733	76	1714
2258	1593	5987
2019	169	4
110	119	3016
440	1268	5534
168	979	6261
26	128	1829
454	8	712
5	474	37
9	146	214
46	227	1277
9	19	9260
9	109	784
7	11	1702
9	127	858
0	8	393
2701	12	443
7	3075	838
1216	146	229
9	43	450
5	11	9706
1360	131	72
9	65	780
7	35	11576
1590	106	7482
5	8	9735
1551	12	723
0	8	1049
7	24	6473
7	1666	1517
1759	13	8614
9	109	1118
175	491	470
7	339	1880
1623	368	54
5	134	2524
2354	315	1502
9	128	3707
1836	1455	4171
0	8	3684
0	119	6010
779	292	1499
9	28	1218
5	238	2184
0	2941	8939
0	85	6403
9	11	2860
9	8	2465
7	15	1873
369	1350	4900
5	8	6906
44	8	6427
1089	128	2240
9	1080	298
340	8	883
9	55	3397
0	179	5896
7	23	443
9	693	4859
1565	1525	253
948	585	4
5	12	72
844	167	6560
462	636	1423
9	113	35
0	8	10799
970	131	5317
5	128	440
0	137	2488
258	8	1008
25	24	516
184	515	1517
812	79	1705
175	17	243
9	322	1021
5	1793	667
9	17	542
420	472	9662
420	81	7047
492	37	72
1235	24	2
1131	8	2326
184	515	144
1222	91	2540
653	722	5352
2014	6	301
1235	24	6566
104	444	1565
80	159	769
728	313	3918
2414	1683	6764
2287	18	5293
692	146	1606
584	13	3416
2077	95	1355
7	17	2527
0	928	11250
31	6	6044
0	495	1083
3128	91	9819
7	19	3914
7	238	2131
7	11	135
5	54	4454
7	11	3287
1938	54	182
0	76	667
498	76	1228
9	128	7980
9	278	408
9	97	3723
905	11	387
9	204	1570
7	17	3167
1885	11	7713
7	11	4323
9	49	10
7	8	3149
9	141	2838
800	8	458
9	8	8866
9	145	18
7	8	2906
0	315	1989
192	27	775
9	8	10270
9	79	362
959	591	3701
9	54	5667
178	261	2045
7	159	2099
9	8	299
0	237	866
505	269	1530
9	128	1075
9	23	4488
1197	4	1540
7	8	7303
742	24	10326
3202	49	10175
99	128	847
1107	3	54
150	384	1928
502	75	1059
175	19	7430
229	400	7478
156	152	528
46	12	1739
1144	8	2353
7	11	2
9	890	1175
31	24	2649
1355	476	5606
7	238	72
9	11	242
137	119	4105
9	22	2846
340	13	1394
272	8	393
242	32	2456
0	24	764
9	12	951
2148	959	10539
173	357	5729
184	159	8920
7	12	5978
0	998	2795
165	169	5996
25	24	9416
26	215	2713
26	85	5319
332	333	491
168	339	1900
44	49	2423
874	149	1582
31	24	7220
7	137	639
5	206	1099
31	512	8244
588	8	114
7	13	5767
9	356	8341
9	13	9913
1504	128	4025
9	8	1175
9	8	841
9	27	3973
9	76	10280
304	8	54
2147	141	533
9	27	10413
1026	11	8991
0	3	0
1937	8	4874
44	8	132
0	8	387
9	259	375
9	73	9083
0	19	11006
9	55	8589
7	55	8048
31	118	2090
175	159	35
7	11	4749
9	495	5162
5	491	1052
631	79	2035
7	238	1259
335	136	715
7	53	630
9	23	3455
5	1595	751
335	729	748
0	49	1721
138	64	208
9	43	10197
84	167	197
0	180	1189
2206	109	182
7	577	1475
7	1049	5980
9	1664	1187
7	22	1278
7	8	2274
31	35	5936
44	109	1575
9	2521	600
25	24	5427
44	256	440
9	216	18
9	216	8610
970	92	359
575	159	2699
7	6	496
797	189	482
9	356	5013
9	215	114
5	11	2472
9	244	233
7	209	4552
9	146	463
5	707	2
306	585	2210
110	495	820
9	1102	1167
242	793	774
7	35	72
7	12	233
7	137	2468
5	8	755
7	167	33
20	11	751
9	1348	3840
2128	11	185
3007	24	9279
7	22	2549
9	1667	6807
7	49	5148
9	1884	1135
7	8	96
0	76	80
7	19	714
66	3363	2464
7	43	871
2628	55	1955
9	11	4728
0	17	3056
9	2618	1070
9	8	673
5	94	379
3274	11	1630
5	8	2291
0	8	3201
242	278	1786
9	27	3489
0	8	3688
947	76	624
5	8	242
1003	560	7232
3445	11	18
9	269	65
143	321	114
9	79	493
9	269	635
2914	13	5017
1775	381	9017
680	22	4097
2894	78	825
9	8	10246
26	23	1143
2715	140	7942
9	19	1109
192	193	5188
5	8	6796
9	137	3
953	23	1893
7	119	578
5	55	2802
9	495	6649
9	55	6761
44	17	132
9	8	26
9	8	2425
25	131	280
9	53	6999
133	11	3938
5	275	1099
0	38	8372
5	95	3126
676	155	221
1701	585	253
7	119	58
9	109	362
9	105	353
9	152	507
9	8	6301
694	472	744
7	22	138
0	43	8775
31	23	1638
7	261	619
2937	71	8923
7	261	1755
2071	28	868
565	313	2464
680	238	5244
31	11	2984
7	274	289
31	146	1922
153	62	1662
31	35	1099
31	41	60
229	400	621
9	91	185
0	238	613
0	400	67
26	8	4604
7	76	2528
787	275	3629
31	2041	9168
9	76	1540
96	76	54
2213	324	613
9	13	7026
1719	28	2252
7	651	1766
599	8	4305
9	199	5256
9	109	2428
9	19	1107
9	400	499
469	11	138
7	416	182
0	13	2360
9	146	5692
0	17	6966
182	811	2887
9	91	2931
7	512	44
99	238	9730
0	468	487
7	64	3214
9	339	5824
7	8	11005
1729	2954	1293
31	8	134
9	78	3069
0	53	4074
137	6	301
5	1668	1264
99	277	7657
0	209	6525
9	134	9450
44	119	2503
7	55	5170
0	22	639
9	19	3172
99	11	151
25	24	7054
848	292	6131
9	17	2947
337	76	443
175	76	5395
5	139	525
9	43	8390
262	54	3782
175	1542	3110
175	11	4728
0	1014	4589
7	55	4499
168	55	2588
2847	464	18
478	22	1984
9	477	1033
0	43	2429
0	11	1238
412	19	35
9	206	3030
242	687	1295
3354	97	471
168	8	1189
0	8	509
1443	215	298
9	43	1333
143	128	33
175	269	9169
0	85	11318
213	28	922
195	8	1160
0	73	203
7	729	6121
9	8	603
9	439	18
80	22	3708
46	113	3212
31	119	8430
779	271	10607
0	55	8940
9	12	11207
7	333	516
26	11	5485
0	2770	3126
25	24	5322
7	269	6992
260	11	400
7	91	2650
1705	904	197
9	29	6079
9	22	383
25	24	9975
9	109	7884
9	1765	4185
9	109	610
7	761	1467
822	277	744
46	236	117
9	43	183
3232	22	383
9	24	2914
9	54	4817
99	128	936
9	8	630
0	85	8131
766	155	211
7	85	2425
403	23	625
433	1087	1340
7	24	10570
0	11	2988
7	601	61
9	190	2948
99	43	2358
242	3	975
26	64	68
0	17	679
335	12	10480
910	8	60
138	1049	1944
7	76	662
906	238	1786
335	28	233
7	495	551
156	1561	1777
9	97	363
31	68	214
3190	22	10322
214	54	114
9	468	8033
9	209	706
5	91	7314
319	320	2522
7	12	7957
0	64	5797
9	559	7500
9	79	2844
857	119	534
9	8	2952
31	24	1473
0	64	221
1919	11	443
1261	406	1042
173	109	7696
26	22	105
104	3	82
9	8	5440
1043	145	4085
9	8	362
7	919	1475
0	24	509
5	1154	497
9	91	3
0	73	10245
7	64	5643
0	436	652
335	113	915
7	49	8369
9	585	221
9	3	10603
175	406	35
7	85	6043
7	226	8820
7	24	1027
1663	977	7270
9	17	6030
7	76	1106
7	1138	247
7	8	1249
99	8	6013
31	11	887
7	43	1318
0	87	104
9	8	353
156	8	3809
80	41	883
9	871	81
5	128	1630
31	87	2004
2000	261	5096
9	141	10343
99	3443	11260
0	998	27
9	17	1099
7	11	1607
9	11	44
9	199	54
9	27	3918
9	591	3476
1962	13	60
374	333	2787
9	239	54
584	17	82
422	8	663
99	315	2148
31	349	4418
0	1348	44
5	11	9590
79	113	27
2580	113	4150
303	172	456
7	508	440
156	22	182
5	713	11406
7	22	58
306	1384	673
0	137	3976
7	124	499
26	28	360
9	8	6981
7	220	27
7	189	482
7	11	7608
3241	11	10386
80	1030	257
168	3	7420
0	310	3448
0	75	11471
110	22	9026
9	8	203
7	22	182
44	853	743
7	577	392
0	8	10579
2397	13	396
7	11	156
9	1285	68
0	62	476
31	11	532
175	384	611
9	3	3757
7	64	3347
557	322	138
9	109	4411
57	381	713
175	436	667
31	11	423
678	85	4282
557	11	4330
662	76	515
7	1620	432
7	3	3950
0	92	155
498	1793	2092
0	8	4178
960	570	1902
0	8	4144
31	11	8268
0	105	99
5	64	107
46	64	3081
1932	271	4412
9	209	30
9	23	3787
44	1794	1681
3235	76	10357
9	11	956
213	1104	1571
5	91	373
9	97	1664
1930	18	723
9	8	5677
3170	137	586
9	8	11563
9	85	1033
31	186	1421
344	22	3729
0	64	213
5	41	60
834	172	64
946	22	640
133	11	2753
7	8	242
9	22	6314
9	416	72
99	24	132
0	28	3946
0	128	2895
83	11	476
31	11	7168
9	261	963
9	128	440
7	113	7324
99	8	354
9	29	4016
42	97	363
1623	17	54
5	11	6628
153	1104	44
9	23	2123
9	257	1094
1504	128	10036
99	24	2322
7	238	4151
9	13	630
175	189	3678
7	2085	6257
1929	11	679
9	102	4028
7	24	1025
9	19	2448
448	11	185
9	8	611
242	73	10391
2611	470	7831
7	55	7487
7	302	771
9	24	9241
9	11	1055
595	8	591
0	55	1268
306	464	2231
9	8	509
971	405	183
9	91	4454
627	464	11254
46	128	114
0	322	284
99	11	10876
0	238	787
9	416	33
99	8	72
0	17	3131
642	76	3355
9	28	10822
9	109	1189
132	11	280
44	91	112
7	259	3604
7	468	33
1407	54	4808
9	1664	3825
31	11	858
680	636	229
2668	75	72
9	8	8112
99	54	114
0	13	58
9	141	7997
44	49	9614
9	11	3573
3178	146	1517
5	109	102
7	55	141
44	55	10680
779	244	2252
9	17	5165
110	784	440
0	13	1138
31	43	3409
9	79	8802
9	79	5319
9	8	9481
9	134	2093
0	8	6621
7	43	661
2691	379	7919
0	119	3126
262	97	2857
451	129	3386
48	91	2595
168	64	10489
7	155	6678
359	24	138
5	2092	10695
175	11	1954
0	400	2838
7	19	9443
7	24	493
9	43	878
2607	64	138
31	269	10583
1972	515	1042
143	11	44
9	1048	65
7	737	9807
5	8	1023
0	4	8615
9	108	4347
9	188	6923
5	24	1070
9	119	1109
2257	239	6093
9	8	641
9	73	6662
448	28	13
552	356	4514
0	17	107
282	8	1866
133	11	5650
1500	146	3316
229	146	8758
165	8	1123
31	49	3903
2081	113	27
775	3	679
2765	24	1702
9	1056	64
694	286	138
422	109	5503
0	64	464
5	295	253
9	938	242
7	8	3739
48	8	1705
9	56	4013
2296	85	8784
9	55	7629
0	488	1179
306	8	2257
7	278	72
165	13	8732
670	8	234
99	209	1765
5	8	2109
0	11	5243
9	8	1215
99	1493	383
7	206	419
8	55	2656
446	507	2491
96	1056	471
0	137	136
9	24	533
9	139	2266
9	19	2833
7	206	947
829	64	1018
31	1236	1228
9	8	8584
9	49	10699
7	146	10252
9	328	1348
9	737	60
5	339	798
1189	295	445
5	17	82
31	76	9665
810	488	114
448	59	9414
505	238	1786
25	11	11146
7	53	466
2492	2493	7070
5	216	362
0	3	2966
9	8	5251
9	8	8119
763	119	1456
262	167	1109
9	137	7537
448	11	723
2902	159	8756
5	127	563
0	8	2898
9	22	914
242	28	2031
5	128	1109
0	100	3919
9	87	820
0	155	7505
0	1881	509
1597	566	9235
7	85	5646
9	13	5127
83	11	54
714	520	6279
0	91	997
9	11	440
9	155	58
58	11	387
7	55	4996
214	8	1099
9	53	480
7	94	3234
153	206	60
2243	146	2055
335	28	1988
701	702	883
448	644	6479
7	8	1025
9	656	3673
575	54	1662
7	22	415
184	297	10653
1210	73	2499
2418	24	3167
2296	1133	788
104	3	107
9	129	1778
9	8	10075
9	269	1593
7	315	1502
178	8	27
332	333	345
0	113	7559
0	139	613
9	112	119
0	159	8530
7	15	4001
3435	22	1080
1387	24	3003
9	91	2713
5	155	4999
31	22	968
31	35	28
9	381	1945
9	24	7639
1504	76	114
7	636	7025
9	172	72
0	1268	183
9	22	1599
840	8	1645
5	537	894
7	11	10455
0	559	2394
0	8	6958
99	97	1022
0	87	185
260	97	866
1379	24	1179
60	854	2868
1112	91	158
5	17	854
7	17	3385
46	113	72
31	142	100
3233	24	10346
0	8	491
521	211	6947
0	206	18
9	129	301
7	147	96
5	741	515
7	76	13
9	193	72
57	8	263
9	339	1453
9	85	11351
156	155	1666
9	381	10760
31	24	613
31	119	5947
9	13	233
5	87	4807
260	286	7039
99	16	55
2537	13	7284
242	11	5068
1841	8	1333
0	159	754
423	215	36
58	11	2902
9	76	7721
25	24	2684
1245	119	745
422	109	8903
0	1238	5026
31	17	82
5	94	182
9	134	11162
5	8	3955
2600	179	8771
9	24	630
9	322	2390
417	128	92
175	97	874
9	8	3595
9	91	9738
7	468	4900
143	78	10136
446	722	214
175	87	744
9	269	2221
0	22	7941
25	24	233
7	19	373
0	8	1839
0	87	11469
9	24	9974
9	8	307
1831	109	8207
213	511	5338
9	17	9146
2012	181	214
0	100	1517
422	13	3626
20	11	8703
9	8	4322
2522	128	114
175	573	515
5	1247	2815
214	11	4522
5	24	2060
58	1793	3084
9	11	4736
99	11	4387
9	8	706
9	22	1526
213	206	6843
9	22	4097
0	49	8010
9	28	2110
2238	1893	1293
2726	11	3084
306	1557	2467
9	49	6251
7	3114	487
832	8	2727
352	27	18
31	24	9042
110	22	577
9	507	11191
46	76	1554
5	11	1416
7	24	6340
31	22	214
0	8	4203
7	1765	8025
7	310	10045
9	17	5167
7	17	4014
9	209	6452
334	24	7256
9	269	387
505	97	1270
7	73	2826
1748	8	3121
0	159	1307
31	11	5771
7	12	1638
0	113	513
31	43	3238
110	1977	182
445	136	2
9	196	617
7	17	1008
9	53	7219
99	35	1811
25	24	8791
648	109	1123
0	85	1860
234	87	7954
0	514	853
422	19	542
5	8	25
775	8	2425
99	12	9253
9	8	2322
46	28	327
9	85	1077
7	1104	306
9	13	6785
165	13	508
0	623	3126
143	22	1517
7	106	112
7	134	415
9	8	4539
7	702	4789
251	11	309
1283	1284	428
0	19	1829
448	11	95
9	146	1722
5	19	3189
9	119	1777
728	19	1099
24	11	7485
7	11	491
458	11	727
9	8	5024
2306	277	11175
5	1817	839
7	11	27
9	12	8569
2553	8	2019
9	11	1433
198	97	4590
1504	128	487
133	11	5199
74	19	158
1042	54	613
7	12	298
1621	23	915
0	128	393
448	1067	60
9	322	471
1610	8	5597
175	78	8523
9	11	3297
44	19	1575
9	24	60
832	172	751
0	108	312
9	12	8055
31	24	5748
0	295	2
195	257	29
0	8	9103
335	2861	630
7	1507	538
5	322	1747
31	54	10863
5	1806	600
46	17	169
0	22	1865
0	146	2081
31	109	1751
0	514	221
359	1263	554
9	49	666
31	907	3489
175	12	443
31	24	222
234	55	9642
9	41	7391
9	1109	1942
9	622	9161
262	323	2586
214	356	1042
556	137	28
143	22	776
626	261	362
524	11	1703
0	159	497
970	528	5605
84	24	203
9	8	1147
5	73	10773
44	87	7643
31	275	9044
31	180	219
7	24	8901
2373	2416	4264
7	8	3400
7	321	1630
9	1190	1964
2297	12	68
9	8	9276
7	349	2815
126	24	6158
9	6	1028
198	28	92
99	12	744
0	8	6784
556	159	10540
72	128	114
7	55	2
7	3	82
9	507	214
0	100	578
9	17	10960
57	55	611
175	1338	2871
0	76	443
31	155	221
44	146	29
7	1070	1665
1229	3	1292
9	91	619
0	8	6426
9	199	6689
31	155	3
9	273	3890
251	17	8304
9	11	3521
9	585	513
676	3075	586
9	8	3315
9	85	2786
5	206	8176
2245	1973	1080
3042	3043	837
9	13	10497
99	24	6264
0	8	2314
7	28	662
150	55	10365
0	59	788
1770	1771	2255
214	11	723
9	11	4884
1126	729	2315
0	11	421
7	94	8360
33	34	27
26	140	21
2012	470	8219
9	172	60
9	24	1454
44	3115	4225
25	24	2607
0	8	5430
258	11	7717
9	91	1147
31	120	238
7	206	234
1187	636	69
0	24	9984
9	972	6880
83	11	458
597	87	362
9	91	5139
99	488	5392
9	17	3789
9	172	3635
7	384	458
7	488	10306
9	13	8795
242	155	6339
5	323	363
344	28	223
372	55	809
5	8	3307
9	12	2924
7	8	11560
3205	18	3813
0	11	2792
7	17	2798
9	155	1984
748	24	1434
9	8	11271
5	491	5540
0	436	6212
1245	470	3573
980	591	2297
335	23	35
7	23	10007
31	85	1905
166	1714	5254
9	41	2019
584	2485	7015
0	27	2115
9	106	8300
0	73	790
787	11	7241
0	13	8801
31	22	8747
382	24	2388
505	566	9495
2846	365	214
335	12	27
0	8	3307
7	238	4236
5	119	7998
7	705	418
1235	24	8445
0	76	4589
9	8	1106
9	24	8730
306	1666	673
613	119	912
9	65	1525
9	8	2716
9	8	3155
262	206	83
7	24	8210
7	97	458
99	78	1664
410	444	839
0	23	72
1065	685	605
7	245	208
31	23	233
9	24	374
31	821	177
9	8	8312
0	3248	10423
7	206	10437
588	128	6538
1078	904	1099
2670	11	185
5	17	781
9	1067	613
9	141	8898
9	8	5818
5	91	4885
0	49	3275
46	155	182
5	22	3518
1419	17	1882
769	8	0
24	22	7370
26	238	11233
160	87	30
3057	43	751
9	8	7128
0	100	5511
31	137	5581
0	1535	260
5	559	6362
198	76	92
7	1870	4554
0	259	9352
1065	24	2867
804	119	3928
0	64	4177
5	873	9949
9	474	471
9	119	5295
7	464	809
31	24	443
448	11	3661
1000	13	2037
7	507	2491
9	1881	114
184	28	1121
26	17	458
0	113	3031
175	491	10170
2112	4	5607
9	8	11007
5	141	5902
9	474	662
478	91	3262
175	8	2
7	24	2425
0	24	10225
7	152	114
9	172	7625
175	78	1423
9	43	434
7	22	4930
7	357	10399
31	15	434
168	368	1018
475	476	769
7	8	6426
5	141	1232
160	91	509
505	109	2
9	49	11096
335	128	715
340	8	5309
9	8	1615
31	35	335
9	1191	110
7	29	346
673	55	9605
9	601	182
1906	269	4743
0	49	5410
0	400	837
1766	239	5843
7	155	8144
9	76	208
9	109	2196
138	206	297
2807	3	54
156	8	439
9	204	2390
7	245	679
505	159	769
262	1314	1662
175	1080	1787
9	17	2440
9	1675	3113
7	87	60
175	62	2
9	12	783
1480	1668	591
9	8	2117
0	134	2709
0	139	525
9	55	6288
0	215	5320
289	24	8560
399	292	620
9	11	483
9	645	298
0	87	2207
80	406	1135
505	2536	825
2303	8	1617
967	113	197
5	1348	44
9	85	1095
970	152	476
117	118	130
7	159	2411
143	2705	6436
679	8	0
775	11	82
9	27	938
7	75	11395
9	8	597
9	871	1606
0	814	1290
0	49	374
9	365	4454
31	146	60
9	11	99
2596	401	7466
9	41	5710
747	1894	6882
1114	13	3040
7	401	482
7	11	7455
0	8	676
7	41	32
5	11	2074
0	49	2029
7	85	3726
9	109	960
104	17	1355
759	24	1319
335	12	493
950	269	6517
0	109	1081
175	406	515
7	55	5183
26	468	10182
7	137	1897
7	22	4258
9	471	798
143	716	1910
9	261	6644
505	633	619
242	28	727
2696	406	1475
26	11	5408
9	28	61
0	137	8786
173	109	3245
9	8	6337
9	8	4490
787	239	76
229	146	491
0	56	467
0	22	6166
0	13	829
175	496	381
7	181	221
133	11	2970
9	558	1529
7	24	35
9	11	514
1627	8	1328
5	24	132
31	19	9375
9	137	11251
5	1666	751
9	8	5376
0	271	8416
71	91	3522
344	360	723
9	119	1342
7	727	1397
2525	1948	7237
7	339	551
0	13	11544
9	8	11110
9	468	10248
9	109	2548
9	199	2744
7	8	910
184	119	613
175	2575	7418
9	41	9823
9	131	5584
9	76	2548
9	215	1310
175	87	2
9	8	9289
31	137	28
0	55	2979
7	1080	9960
5	503	6826
175	137	60
9	128	10995
5	238	72
9	76	662
31	55	1853
9	8	2756
9	139	5253
7	22	65
7	10	4506
475	24	4489
9	189	99
0	141	328
7	87	1570
9	43	8365
0	91	1344
9	598	5626
9	8	1120
31	59	9947
9	49	9644
242	215	1237
344	1659	1295
175	128	2444
2982	202	381
0	472	1393
9	27	650
26	2205	4350
0	76	10850
168	17	3214
133	11	551
5	11	4191
505	405	30
44	8	10420
165	8	7576
0	73	9897
1831	22	348
104	17	345
774	87	182
9	113	72
428	481	2174
7	24	619
9	558	723
9	64	8535
80	17	10707
1875	54	4577
83	11	225
9	321	4264
9	79	6792
9	139	3895
5	196	8904
9	853	99
9	28	1607
422	24	6258
9	8	1111
1120	3	2308
9	140	1382
5	11	8984
260	28	517
0	1671	3853
9	1762	11248
787	76	471
31	495	7961
335	729	5568
9	8	4781
1114	209	326
80	64	2725
9	41	60
99	356	577
0	109	1118
1009	43	4283
9	2421	158
1118	24	625
9	972	4993
1046	1828	11086
9	11	5485
9	54	1802
1001	1002	2043
5	43	5249
99	53	72
460	76	8582
168	474	9428
498	277	886
99	87	8387
466	11	9638
2911	28	8783
9	348	60
1951	79	258
1448	507	1964
0	22	3381
2233	85	661
9	91	2300
7	8	1196
5	41	1926
9	55	10079
9	55	233
0	261	8886
26	49	8568
0	13	840
0	8	2904
0	79	942
596	3486	33
699	564	1322
1361	8	2954
0	87	3475
9	373	1192
7	464	10183
9	64	18
9	831	11582
63	3	138
175	109	4824
88	54	1519
1805	13	4364
0	507	9156
9	8	8189
7	927	723
642	11	1393
987	53	1030
7	238	887
9	24	11255
9	65	1470
44	49	798
99	22	2528
5	8	60
143	1090	3126
25	24	8941
5	3	175
99	323	8155
9	269	7652
0	19	7638
156	22	7195
9	8	354
1839	8	4137
137	109	58
0	107	114
1641	11	3742
5	792	866
9	1184	2
52	24	720
2984	24	208
9	306	4383
767	239	7028
455	18	951
25	8	5255
1996	356	126
672	238	54
9	8	883
7	35	2886
7	91	112
1375	8	2983
0	87	8423
150	1090	9382
1072	1485	497
3470	167	7884
0	209	508
9	8	10645
2283	85	566
9	3	3134
153	239	2880
9	13	258
9	109	54
0	146	525
947	17	399
5	49	6001
7	747	3518
1161	1162	588
0	17	132
1221	468	2539
7	146	183
9	15	1333
9	76	2611
99	1228	1118
175	348	60
0	8	10037
9	28	5822
26	693	64
9	49	3390
0	8	675
410	76	7093
0	75	2488
3287	3288	4711
31	35	221
0	1302	246
5	127	4604
9	11	54
691	22	3145
31	1152	2373
7	1932	2176
0	43	221
175	11	625
9	24	7249
80	2456	3631
44	53	2314
0	152	9281
5	69	8996
31	76	1870
7	64	4729
9	97	126
9	17	2786
1959	8	4939
7	6	1565
0	106	776
7	8	777
9	206	5016
242	286	656
26	15	60
575	28	13
5	28	151
99	8	180
7	11	7262
568	215	471
9	8	70
9	206	18
0	491	10676
7	146	4378
7	8	1055
9	196	7176
0	17	7103
0	8	2309
3166	470	9970
9	137	788
9	53	1420
0	8	4755
7	128	10440
9	623	10446
0	64	1099
642	11	6392
3279	128	6911
143	3	6340
44	43	3280
844	120	11431
2358	956	6529
2422	1370	1703
1814	17	82
271	725	3411
852	87	2
9	8	6259
0	683	9035
936	367	6933
9	140	821
787	28	27
5	24	44
0	8	3741
229	24	2818
175	11	6633
0	79	258
9	53	432
5	8	2871
9	8	754
9	53	0
1524	353	3431
9	97	2948
0	470	776
9	11	68
31	28	5568
7	257	3192
31	76	1237
26	806	10866
7	29	7301
160	928	4097
5	1233	1829
1058	239	229
2569	8	132
31	139	1772
178	22	82
580	13	970
838	11	54
31	11	440
9	206	656
25	24	4164
0	315	8986
31	38	1407
1721	772	723
7	64	1662
0	806	2071
168	64	7184
7	152	586
1543	97	2948
25	24	2674
26	62	1403
3171	731	1299
99	189	95
9	523	534
44	24	9337
184	87	624
7	28	915
2385	8	719
7	137	1775
9	139	10162
9	238	625
335	570	443
9	215	631
99	73	2451
9	53	8036
7	622	95
251	11	1559
175	11	624
9	8	3105
9	8	221
407	18	466
2298	23	649
673	113	1964
5	91	102
9	8	5269
9	13	18
9	13	5967
46	119	8130
26	794	8605
5	91	613
5	11	1665
557	322	723
9	17	72
25	24	7066
0	474	1175
865	8	2047
7	8	5324
2418	292	1384
7	55	3017
99	11	6898
595	146	191
505	330	551
686	687	4117
9	12	113
5	17	8987
57	13	1476
99	17	6255
0	8	4832
7	91	2767
378	23	443
7	146	2786
9	38	561
99	17	54
1928	109	4856
0	22	8297
9	22	213
96	277	1367
137	53	4551
26	11	555
9	49	1444
66	24	4798
0	43	2958
7	321	1080
7	76	162
873	24	2140
1486	24	1639
7	809	5860
0	8	5794
0	162	11352
0	147	3085
9	8	6379
7	559	7548
2121	11	487
229	24	5210
2121	54	1676
9	8	9460
9	12	1477
9	186	593
0	13	8368
5	8	33
5	17	7666
9	261	635
5	47	3496
0	76	3919
498	687	4756
9	43	8809
25	8	10147
175	11	2074
99	8	2145
173	8	5796
9	8	6232
82	141	3286
58	94	1929
7	146	575
5	119	534
0	11	631
306	794	516
57	49	784
9	3416	2390
791	159	60
195	196	245
418	313	1013
175	17	175
5	159	4748
31	22	1099
9	259	72
489	1779	886
7	146	29
44	11	600
7	8	4524
96	286	1078
7	315	4183
9	134	8624
418	18	6181
335	12	517
0	79	2827
505	97	229
588	45	2155
9	22	637
2932	113	1358
96	189	54
9	896	207
9	8	3760
1684	1685	3876
451	68	214
83	503	891
596	1652	160
404	405	114
7	169	60
838	24	11353
9	495	488
9	8	2345
769	310	1147
9	76	400
9	261	1042
324	11	2718
9	108	2785
0	19	4340
306	695	1311
335	1145	72
5	78	35
9	15	72
489	564	5485
83	3	10880
9	22	2713
9	49	1110
31	11	2929
9	43	2909
9	8	9108
5	76	1310
97	1414	8148
44	23	5523
156	53	4889
733	292	5209
9	269	658
864	24	1976
359	113	554
9	97	5446
44	79	1281
9	8	10388
99	186	280
9	8	108
329	179	6640
0	91	10029
976	24	99
7	137	3
25	24	5491
747	1894	497
143	1898	4675
9	119	1622
1792	1793	4330
832	22	4388
44	119	788
0	38	776
1267	124	648
31	11	1870
7	53	2314
9	49	6409
5	121	4350
0	19	3410
0	8	8349
5	192	1718
99	8	1213
0	4	2654
99	189	10242
7	8	10678
0	11	744
0	22	1875
673	134	4616
0	13	221
9	8	6558
7	109	68
96	97	13
25	24	7374
9	146	1825
201	11	5658
9	411	10282
9	137	2949
168	1862	1137
175	28	233
9	8	1626
7	24	9524
9	91	9882
7	334	856
9	8	10395
9	261	1295
9	507	7022
1743	585	6372
662	28	1227
0	119	8299
0	585	807
1520	900	10144
371	109	1938
9	134	2977
9	109	8415
31	206	1055
25	24	4385
465	11	744
175	76	591
0	935	470
80	24	1303
5	3193	1281
5	11	132
9	145	10460
7	23	1540
0	91	4521
99	215	64
9	345	1777
214	24	4184
1267	124	1897
0	8	10795
31	22	177
0	8	9536
9	109	387
26	523	3894
7	238	95
7	11	9909
2008	24	5151
9	8	1322
662	28	3751
9	22	6894
9	79	305
9	368	387
99	155	214
5	152	1777
9	373	114
7	78	913
9	137	828
9	64	1679
175	17	8477
137	19	221
262	238	13
9	113	11301
9	8	10208
9	128	104
114	24	5508
448	1388	6052
9	137	3178
937	11	4701
1413	1414	3071
0	8	5903
9	145	1517
99	8	4543
1007	76	2062
7	406	3045
7	8	233
306	8	10849
9	79	99
31	8	3839
1623	1054	152
0	13	10441
5	28	600
0	95	1100
0	13	333
9	8	4038
182	12	233
166	167	197
5	159	751
335	159	1840
44	8	182
5	119	464
7	206	8795
1952	24	624
9	23	10161
7	11	6
3393	570	10967
46	17	588
1040	356	580
9	1667	3700
335	236	1840
31	11	8235
0	19	6164
910	8	1517
260	24	1614
143	358	114
1404	85	4303
9	91	223
117	152	406
281	17	152
0	108	4132
9	3133	625
832	128	6119
9	11	3328
7	106	2047
9	8	5368
7	64	4275
9	141	6978
642	373	534
3118	8	641
1431	49	2914
305	24	11313
5	11	7711
0	145	1121
31	22	8229
909	49	3365
5	24	3231
344	91	723
44	22	1292
31	11	3617
9	196	5943
0	55	8554
88	54	9282
1093	8	2246
9	907	6663
738	41	8335
422	13	8338
9	8	1509
2344	18	1076
9	49	1064
9	8	4424
0	17	345
7	3473	652
184	11	3535
669	54	2885
9	59	72
0	444	4166
31	119	2176
7	464	673
7	22	7882
7	277	3941
7	23	1033
505	97	1119
9	137	901
9	11	1022
1291	146	229
1708	23	72
7	22	9033
99	8	2
3225	113	10319
5	109	381
9	8	1131
0	485	2885
7	76	1423
143	179	117
9	8	3464
9	238	1782
648	13	242
99	109	132
99	146	381
9	15	54
26	54	3020
9	17	129
25	24	6041
446	646	183
9	685	1294
9	1581	223
7	55	9122
84	24	1388
1156	1680	7547
7	215	5180
428	146	7689
9	17	110
502	503	828
1036	55	83
3496	356	151
372	8	7492
160	1023	1210
25	24	10655
9	497	818
0	169	3388
9	137	1031
9	23	1088
9	278	1536
7	24	988
9	172	630
1134	196	2329
199	2084	5472
1578	3016	600
392	488	6593
7	137	136
9	507	182
192	300	99
9	87	4001
178	450	1007
2638	2269	7636
3384	3	107
88	54	3542
9	257	72
165	13	8104
83	22	588
7	8	5445
7	11	4274
1102	53	1179
9	109	4926
889	76	10685
5	91	525
7	339	3485
5	85	1912
3452	250	1228
9	24	9274
9	28	23
9	495	3448
595	485	744
5	11	6567
1419	11	555
0	76	5303
9	13	7072
137	238	57
114	76	11359
9	8	619
9	1441	1083
1805	13	8290
2919	78	6395
5	8	487
0	55	7296
2087	91	624
232	54	1294
2568	1865	117
359	113	3501
9	79	10600
9	109	2412
0	65	1470
9	11	7047
7	55	5070
208	22	9085
2454	129	3
260	112	61
173	43	1000
9	73	9707
175	8	132
0	76	1121
2279	22	4531
0	227	706
31	129	3594
1617	11	471
25	24	5804
383	24	27
31	146	8059
271	1243	2019
242	297	1455
980	726	7520
631	24	2581
9	4	1089
5	24	8072
104	3	3038
9	13	9351
0	8	5564
739	257	1409
7	119	132
0	55	6988
9	11	1062
9	873	9061
674	239	2000
80	155	60
9	55	3096
306	8	4423
9	853	1961
7	11	3918
9	8	136
26	43	2493
9	2350	83
699	134	177
505	55	1048
170	124	263
110	91	579
25	24	10015
175	238	2474
168	73	10737
9	11	668
9	328	1099
133	24	434
0	24	5507
7	65	1831
959	356	1042
9	13	72
7	11	9864
24	8	3970
1256	3055	11307
5	752	1200
1040	146	3677
168	94	94
0	22	11082
588	8	7441
9	238	3476
9	56	613
2700	24	7895
391	1596	8224
595	491	1052
769	8	72
133	11	656
9	53	5488
143	2055	2421
7	24	9585
9	12	7343
175	139	3830
9	55	7898
175	474	1919
7	11	223
0	623	3686
9	261	864
9	109	3277
5	3	152
5	2205	751
505	330	471
372	411	2511
9	3	366
7	22	1033
31	8	4448
175	19	1952
9	11	2955
0	257	10844
0	109	10660
0	62	11213
940	3	376
9	137	2171
709	87	33
9	43	799
9	907	234
407	290	83
465	11	1055
1155	13	7252
260	286	6114
5	54	7647
5	85	1264
1450	146	1340
7	1310	5727
848	748	3959
682	1319	7590
5	159	426
605	78	182
9	8	1975
7	146	591
31	190	240
83	3	5475
1502	1025	476
1904	3	4718
7	49	4882
557	22	2193
9	109	1125
395	11	612
9	49	8054
7	24	9981
1391	8	3009
9	11	2878
3136	73	1333
0	470	2201
44	119	4925
9	11	393
25	24	308
7	87	1711
9	188	2826
7	373	3692
31	206	419
1132	11	383
272	3	1319
1311	3	54
5	1529	669
26	474	95
448	89	1190
662	54	471
7	65	4713
5	134	60
3038	28	2116
0	22	91
214	705	4753
0	43	8998
638	64	138
7	172	3374
9	8	1766
7	64	132
175	23	1769
9	43	72
20	17	4014
262	28	13
9	1182	1135
9	8	10165
0	141	3177
175	91	1514
9	2014	233
9	677	648
7	152	8367
5	11	3640
5	24	1264
0	559	6142
31	27	8211
9	177	5
0	11	53
5	76	1703
7	181	182
5	109	132
9	22	1760
9	586	5137
9	78	7389
1544	113	788
9	194	244
0	109	8056
58	286	5483
175	1302	1175
9	49	5755
7	73	534
505	269	7922
5	6	3
175	59	44
9	11	1642
1410	43	3063
0	85	329
99	8	6623
340	49	10715
0	488	114
168	94	10612
9	975	18
0	53	2577
2750	1148	8111
9	139	326
7	109	5802
57	8	74
7	15	1121
9	8	9291
7	55	641
16	12	625
7	49	229
0	693	64
2211	2999	6777
0	109	263
674	616	346
0	8	7979
1098	119	776
0	8	4312
99	204	322
7	1300	2731
83	368	54
9	8	8040
0	238	509
662	406	10477
7	28	35
214	115	10387
5	65	35
99	406	887
0	22	900
9	471	759
138	380	3272
2719	358	57
9	8	2668
44	11	117
5	11	1247
46	8	5430
44	238	306
0	113	4407
7	109	96
0	186	5275
0	91	102
9	17	1857
9	17	3056
9	10	2017
7	11	4614
0	91	9741
931	401	1838
0	644	10956
946	1080	60
9	292	233
689	690	1299
99	8	2421
9	137	136
175	11	95
9	8	10200
9	146	2
9	8	905
1467	35	3232
9	41	970
306	169	6307
46	113	513
156	19	4214
242	353	2565
9	27	633
565	295	580
242	28	3239
5	152	177
2494	24	7086
9	8	7896
0	152	11158
291	2237	177
2484	152	7010
9	269	10222
9	601	237
9	935	1207
242	2546	723
3338	71	10729
1846	356	1636
9	3052	5303
9	49	5394
2060	167	203
9	257	1760
0	73	5750
1450	146	1825
0	6	1766
9	677	464
80	3	54
9	8	8492
7	49	3390
2992	223	308
7	269	33
9	64	4729
7	11	6804
31	129	301
262	180	2892
2993	68	28
9	991	11393
599	616	443
7	8	1099
31	22	6239
448	76	651
9	172	92
9	8	7517
31	139	7777
7	8	488
7	559	72
9	146	4921
7	6	271
9	24	11451
9	24	1036
1481	19	9411
0	507	58
104	3	102
686	97	482
72	22	607
7	623	10952
0	43	2500
44	2381	6617
9	128	549
673	55	5757
110	2105	9173
9	8	640
9	119	8364
0	95	1904
777	55	5977
1876	356	580
9	23	5637
9	19	4550
9	8	185
2168	12	443
340	27	9547
505	155	9824
9	17	651
0	128	95
7	1061	3178
1040	356	126
9	1285	2172
7	146	1171
3036	8	1100
2812	22	2092
1153	24	297
7	128	513
137	22	3
0	8	11579
872	977	3305
0	13	1355
9	8	9190
9	1295	2724
9	172	10263
9	677	776
1509	900	3360
9	109	287
9	17	458
7	192	107
133	11	2910
7	24	3641
0	109	327
99	8	6847
7	8	8302
781	406	4230
524	17	1187
175	11	2150
0	511	92
448	11	44
565	55	2666
25	24	1825
26	64	3406
178	24	718
7	705	4842
2211	8	10169
99	2242	416
0	55	6125
2012	181	6715
0	19	221
175	2413	2251
796	900	379
9	13	3464
9	11	186
44	24	60
31	11	10698
2548	167	233
9	261	3615
0	55	4250
0	8	4623
0	323	435
9	23	471
7	24	4578
9	106	820
80	155	1732
7	13	640
133	11	72
7	523	8604
26	336	1665
0	29	213
7	246	343
26	119	247
0	8	5379
2519	488	7214
0	8	710
9	106	619
9	109	7
0	87	3332
229	146	6386
31	199	301
2652	55	809
0	507	648
9	189	387
1628	94	876
0	295	445
229	146	258
0	55	1304
796	8	625
9	43	308
7	566	783
1545	488	10483
0	322	29
433	106	1348
9	49	10013
31	8	1207
9	49	10506
96	1549	774
1015	2624	61
9	8	5373
1643	622	203
0	22	10878
419	116	7452
99	109	450
0	321	513
7	56	95
9	286	9007
9	8	7578
72	141	542
168	128	11468
9	269	2264
7	11	3068
214	17	3667
99	278	18
5	8	4441
9	1640	2
1752	193	2105
7	245	9839
1895	645	4661
0	91	1109
0	3	2180
9	8	10063
9	109	6770
9	11	3547
234	8	3445
9	1080	630
9	8	5725
2049	570	1563
9	79	1517
9	8	5347
2568	452	117
9	55	10594
31	339	767
86	8	1704
354	95	5728
0	49	6455
156	49	2039
9	1145	306
340	8	9810
7	179	4633
9	211	286
1543	24	8063
5	11	322
7	514	5875
332	464	6627
796	444	29
433	17	679
498	28	1228
9	8	9832
448	145	723
692	511	1606
184	1869	1055
0	19	1109
0	315	2148
460	76	729
403	636	443
9	145	4368
448	241	653
0	17	653
9	8	4343
2597	2598	298
143	474	513
547	1302	416
316	508	233
9	49	4450
2654	8	9967
25	73	10557
0	64	33
9	8	3648
25	24	2431
2144	368	82
7	121	2189
7	55	27
834	406	454
5	2416	1995
0	8	9792
9	8	6359
9	129	648
168	11	233
0	1880	92
7	11	177
9	8	6126
48	64	588
9	8	910
31	495	9945
9	19	8922
9	129	136
796	274	60
9	109	102
0	38	613
143	2868	600
0	139	33
166	411	476
99	8	640
982	85	177
766	333	4543
293	290	442
0	8	11159
9	24	1998
9	41	8669
762	79	588
7	11	3852
9	91	484
9	11	3788
9	3	4799
9	8	1911
5	3	470
14	15	9
9	145	233
9	8	381
7	1285	27
26	78	322
7	8	1406
9	128	9021
9	91	47
7	64	1610
5	113	1718
7	76	3226
260	109	83
7	3	3620
44	87	464
31	6	7869
160	167	197
676	155	58
232	179	310
2462	128	6929
478	257	2426
848	1087	9300
7	177	1638
5	128	1370
184	54	3305
736	113	600
1018	8	7897
7	356	1099
229	24	9010
7	24	3213
9	11	4335
9	56	555
7	139	8956
5	17	458
7	11	666
46	78	229
9	11	4626
9	73	1488
7	11	182
9	23	10038
99	159	2060
25	24	434
340	109	9791
9	269	60
0	27	162
9	11	5483
7	237	6331
1278	24	949
676	488	114
7	54	9673
99	55	8238
9	24	2785
0	100	6477
0	8	3543
44	109	3920
5	11	72
5	239	751
9	11	7031
343	11	99
498	11	1228
7	3268	10509
86	24	10677
9	424	233
5	65	9921
7	1268	8562
9	8	1030
7	245	639
31	43	7471
1407	54	11200
9	199	2858
403	295	60
5	227	476
26	12	2394
31	35	6916
9	8	8256
0	55	1333
5	172	67
7	8	25
7	616	1384
0	1507	2488
66	24	6031
1062	11	8412
0	3	152
184	919	2234
130	336	233
7	11	723
0	19	2838
7	17	96
7	503	114
0	181	214
31	269	35
5	167	5261
7	381	832
168	64	18
7	12	3786
418	727	645
2155	23	61
7	134	177
3206	3207	1237
9	964	253
9	1080	72
9	137	1505
176	13	211
9	53	167
0	12	3530
31	22	1778
1085	3	99
9	55	1327
5	491	516
595	97	491
9	8	866
0	239	2
0	24	7391
9	381	4510
0	13	9676
44	22	9600
31	12	233
1355	177	8547
7	64	3032
7	155	221
175	28	27
9	8	92
7	8	4141
5	76	1008
9	172	913
1294	8	11585
9	206	1676
9	23	1540
7	1768	7907
7	339	718
3417	85	280
50	51	39
7	8	513
0	87	2314
282	8	2652
9	935	9521
184	91	7451
9	8	2045
31	152	2438
2959	78	73
2730	85	8012
46	97	993
587	97	886
2952	13	4066
7	11	480
7	11	4494
766	333	2097
448	2934	132
0	55	2976
0	1406	538
2359	146	2958
5	17	9793
9	15	3732
9	55	469
5	474	2293
99	8	182
0	55	6292
529	98	6202
83	11	4146
9	76	839
0	73	8725
99	8	4418
742	11	7131
9	560	9939
9	1473	280
99	11	188
9	8	5461
9	29	60
26	368	9109
1524	468	3431
0	8	8621
9	1310	2852
272	8	2798
0	129	8641
5	152	837
1483	1484	580
9	17	7444
79	24	1703
1153	127	1889
99	109	11595
9	29	491
25	24	1887
7	1946	4903
44	715	4808
0	17	1638
9	76	2730
7	356	1694
9	100	1206
2319	167	197
1836	819	151
0	100	3410
185	113	4558
378	12	138
997	11	387
175	11	563
9	141	233
7	8	996
26	155	308
694	22	2183
0	8	2727
1445	13	3159
2901	146	229
7	188	8519
173	43	2611
143	106	232
0	24	4348
9	261	619
0	13	72
25	24	9385
1446	28	625
99	11	555
9	11	3863
9	76	1121
9	8	7412
2587	215	723
5	22	2375
5	3	4405
7	91	6655
0	1061	4156
676	405	247
9	43	233
31	172	92
733	2235	5993
9	8	3089
9	11	3507
1363	94	289
5	649	3872
0	17	1672
0	598	1296
9	12	72
335	136	1726
7	292	943
9	54	3213
173	8	4298
82	19	2793
9	972	4960
0	729	5568
9	474	1175
2275	511	4463
7	152	1346
5	511	60
662	238	5377
7	919	1033
31	3	1950
0	109	4053
332	206	6175
7	508	4470
1056	224	7854
9	598	1742
1963	75	1606
20	11	4755
99	85	6029
0	17	18
7	12	229
9	8	5960
505	461	3323
9	24	2984
812	79	37
556	215	8577
1888	49	4632
175	103	4771
7	998	306
175	172	1787
1081	167	2209
0	146	222
9	11	1702
7	113	1008
58	11	1144
5	43	7146
680	616	7308
0	22	588
9	13	5982
7	295	3383
0	146	3803
99	100	9633
9	474	18
42	97	593
9	109	6085
0	91	10667
9	760	1464
46	636	1423
0	76	1781
57	8	1008
0	468	2
1521	2222	5954
7	142	5224
1352	321	471
99	13	3602
9	145	8426
31	65	8432
350	687	1295
7	97	3125
9	339	493
0	209	1964
440	128	11509
588	199	2713
9	622	33
143	59	2713
7	11	1047
229	8	308
2651	146	185
596	11	1662
9	373	817
9	12	1985
44	109	7776
0	22	7671
175	139	11274
44	109	1638
242	11	1662
31	22	1964
198	97	706
175	11	577
2100	54	1770
733	261	580
0	323	1497
428	113	94
7	277	399
136	315	1502
5	671	532
518	2269	515
7	19	941
466	11	334
9	115	8720
0	141	6531
0	3	2751
0	3358	10840
99	8	817
9	155	9209
9	8	7742
9	24	523
9	78	11488
875	22	60
31	155	58
9	11	4630
769	15	3648
9	2253	1677
340	3219	883
0	85	4598
0	87	464
2938	75	298
565	3398	30
46	186	3345
963	76	2299
9	3	101
9	3	1184
1602	12	443
9	22	745
26	570	434
260	680	242
0	19	7430
262	290	534
9	8	1029
9	91	555
242	11	242
2450	28	13
7	3015	416
9	292	1626
9	11	4387
414	94	3026
5	134	150
80	8	580
5	113	1790
5	13	5388
160	12	651
31	416	2171
2823	167	2314
0	81	2041
5	196	35
7	1285	363
44	989	9522
9	137	214
175	2104	3844
9	1178	1517
25	11	2785
9	2072	2479
46	91	207
46	8	1099
9	8	9076
26	85	3583
7	22	2153
9	238	1259
282	8	650
1046	2105	3073
9	13	2616
9	76	5932
1636	8	5588
66	24	2071
2421	405	3717
24	13	381
7	504	301
9	139	525
799	167	1551
3488	1683	471
0	1971	3555
588	406	471
9	3183	3876
5	55	10936
9	56	820
9	13	624
9	109	797
262	78	1662
173	244	9657
0	85	3422
5	24	82
492	261	363
31	495	2958
7	215	563
290	146	4017
31	35	33
0	92	3156
31	3	2826
262	1314	7805
25	24	9369
335	1522	15
931	1683	3874
9	585	2914
0	411	27
9	17	27
9	85	1876
0	1133	1526
0	16	1121
2243	819	6391
2915	587	435
0	76	5408
5	128	33
9	190	706
9	8	2536
99	49	10358
5	38	8299
7	401	745
9	55	324
79	41	6136
9	2350	776
894	8	5113
595	127	2873
9	8	9234
9	1990	1384
153	367	1920
137	65	6348
9	8	2752
84	131	4006
9	2735	745
469	55	516
99	94	1900
9	8	808
0	8	3555
7	78	1829
2291	470	6241
7	11	10893
184	91	381
848	28	706
7	737	8924
96	8	197
9	11	4994
0	43	1919
0	1718	7689
2215	19	2161
9	238	1475
0	119	435
1245	22	8662
7	119	1470
0	8	817
99	109	508
168	109	132
335	12	8053
7	17	345
175	109	381
9	17	6336
5	55	479
391	35	1294
9	512	5307
9	972	168
80	8	9183
31	2569	1336
498	22	2532
5	128	6568
31	35	767
44	989	1121
9	172	2590
9	11	1600
3319	11	10666
498	474	95
5	78	1829
7	127	1207
9	24	509
9	8	257
9	8	969
403	542	69
9	482	593
418	313	645
46	11	563
0	8	1632
678	76	95
9	43	6889
378	12	2019
9	215	3788
5	17	2222
0	85	6767
7	1067	68
7	78	4104
9	8	9649
9	22	327
782	146	1513
9	8	9149
0	108	9968
0	91	158
99	325	8092
422	8	3241
1018	11	327
9	76	1264
9	8	7821
175	146	5438
9	8	3586
7	633	29
793	598	5092
9	139	1090
9	53	936
692	1719	7021
5	17	9742
9	854	3081
175	64	443
7	1027	744
428	47	35
1944	24	887
9	8	7476
642	128	37
0	13	10264
7	85	2376
104	22	138
168	564	5452
1407	17	11202
1800	269	4349
7	119	65
7	2949	9004
7	64	18
57	381	1517
88	747	253
0	23	5784
595	189	781
80	189	233
44	109	260
7	8	221
7	119	72
9	17	7365
80	128	2502
9	13	9053
9	8	3980
31	142	167
0	8	5974
556	76	2203
7	55	5601
337	3142	9874
7	1068	95
25	24	107
9	109	5834
99	23	2013
31	24	10299
80	257	3685
9	323	8150
5	113	6673
422	109	1118
0	2662	706
25	55	1567
7	919	151
9	27	233
26	140	751
9	159	6217
428	322	467
0	8	1644
2219	1145	5945
9	8	8233
9	8	471
319	320	7118
5	64	3661
9	109	11478
258	8	72
7	989	1076
665	666	723
642	238	1121
0	91	1726
26	11	3033
573	76	1012
9	43	1423
0	633	7278
2108	1124	648
148	149	172
0	23	593
7	119	440
282	8	696
1266	410	2645
9	23	766
2797	22	8319
1925	55	4837
0	2424	6807
0	238	114
0	87	11152
9	1200	118
0	49	7820
0	119	1942
156	2327	6928
9	855	1675
7	137	3371
0	43	1333
1062	3	9808
214	17	1099
9	38	237
524	444	3990
110	8	60
234	49	891
83	17	588
0	317	5492
104	3	1319
0	1507	4087
1624	1596	5885
7	87	4520
9	17	3747
0	8	4467
7	65	377
46	19	1298
9	49	8257
25	24	2657
262	28	7257
2307	2131	6316
9	622	6245
7	353	1154
9	13	3852
46	313	363
31	12	7783
9	11	332
7	146	33
7	106	879
26	54	9382
0	515	513
7	22	8384
26	2239	6012
7	159	2092
448	11	6207
7	35	1191
0	11	242
9	24	297
857	53	8125
9	8	3762
0	73	8173
26	8	1445
2206	106	10949
44	119	613
1404	507	648
9	1444	327
282	22	6121
0	49	3699
0	8	1352
354	12	9648
114	131	65
9	8	2903
0	17	6236
80	121	132
9	8	68
31	155	639
7	206	371
383	209	6751
0	8	2720
5	464	4457
35	131	381
9	348	6693
1245	65	335
7	155	29
7	411	593
0	1669	2564
9	13	392
282	8	5863
7	64	2405
1635	11	2
0	4	837
305	17	781
5	139	10574
214	461	3376
3044	8	1482
372	97	1137
9	357	599
7	64	5774
242	97	744
9	139	8367
46	145	3850
9	8	3716
0	55	3963
2492	24	72
9	11	3617
5	43	11244
7	2769	1160
9	19	5128
9	8	74
344	538	807
175	105	667
335	616	2781
1289	11	460
7	139	7123
5	19	1952
1812	87	4001
844	167	6441
335	484	517
99	13	10406
7	24	9895
407	278	7411
9	918	6288
2660	28	3573
642	124	229
9	193	8919
864	11	1238
7	113	35
99	19	848
9	8	2216
1253	146	2618
641	722	3319
272	105	399
769	238	743
7	8	10046
31	137	1505
31	8	311
407	78	182
3331	356	635
640	11	1186
173	13	11531
9	55	136
5	716	2425
208	85	2726
9	8	383
7	238	4
31	43	9508
7	8	710
9	192	99
859	831	780
25	24	8705
7	98	9672
138	17	82
143	624	1146
44	8	6653
0	179	2280
3184	22	10085
9	193	68
7	28	625
306	794	3935
9	8	743
175	141	10185
0	401	2906
0	55	743
26	760	57
44	8	4503
335	271	2267
391	159	6584
505	3	54
5	900	132
9	1455	2510
25	24	1128
7	1101	2256
9	119	6146
5	106	7906
175	238	440
9	24	5028
31	11	4335
9	215	997
70	322	229
7	75	71
9	8	4034
9	119	639
9	24	988
9	3388	114
260	24	7117
185	136	4056
9	49	9493
505	146	354
25	108	2480
335	356	443
31	495	177
0	137	11144
5	17	6328
9	55	11410
9	24	1306
7	119	6006
26	119	44
31	842	5854
26	113	263
3223	470	10294
7	585	10389
1239	97	723
305	78	7750
2027	255	5206
9	1250	783
0	109	2026
31	128	72
0	495	837
9	10	5
9	167	83
340	8	656
99	3	919
83	3	6624
192	209	883
1071	169	63
80	323	502
1419	11	54
344	159	769
9	128	2458
0	24	754
9	1631	3317
9	49	5433
9	17	9933
9	17	667
165	109	8513
9	2493	72
9	134	7205
5	22	1761
0	55	4221
9	261	4090
156	22	271
974	108	10561
0	339	72
9	507	301
0	188	1061
658	8	1225
7	71	222
9	22	11336
1787	113	4306
9	19	5443
1456	19	1575
857	53	1683
5	159	27
2633	3	387
0	11	1055
80	1302	3608
9	11	3084
214	76	532
72	244	337
182	136	10265
1803	28	915
9	127	383
1366	657	233
359	113	246
0	8	9313
156	43	9721
3070	11	197
175	11	5781
9	110	381
31	22	4421
2029	22	507
9	43	91
9	566	54
3394	405	6880
505	3137	551
175	17	393
7	24	7877
448	11	879
137	984	136
7	269	471
31	55	8418
889	321	513
156	22	7939
26	11	9739
99	109	10032
175	11	1416
905	3	54
0	772	784
686	159	10315
7	140	384
185	707	6948
0	8	5052
9	23	515
291	24	1369
1411	24	7460
9	49	2658
0	8	9809
7	139	765
9	8	970
99	8	5950
31	206	6219
9	1295	10369
153	167	197
0	73	1497
9	11	578
0	336	1206
25	24	1
9	23	8726
9	789	2386
0	8	2219
1363	1436	1517
44	65	11482
7	11	2691
156	55	2370
9	22	3230
9	8	9403
133	11	6744
0	19	824
9	22	780
7	137	221
242	22	4752
9	11	6340
0	129	6474
0	998	624
1156	43	2381
670	8	491
2265	43	346
83	3	138
7	146	2038
7	8	4705
9	8	9095
0	180	2
9	145	5938
7	1406	3303
26	238	10687
9	73	203
733	470	64
3463	109	3798
337	353	1281
619	28	1129
9	127	2074
9	8	2412
9	8	580
648	109	2869
9	91	5935
822	277	1228
25	24	5006
571	38	999
787	76	3212
738	134	1408
9	91	33
9	24	507
7	119	1407
1995	53	306
9	109	1617
26	238	4168
7	8	433
7	41	258
9	129	214
9	24	11220
9	8	7794
981	238	1972
7	24	2968
2628	128	3910
9	87	9637
99	750	7512
31	1133	182
9	24	233
9	730	908
26	22	370
90	3	88
9	43	453
7	87	1100
0	8	7438
5	17	169
9	13	3819
9	727	1121
9	269	223
0	8	5677
25	365	3144
229	146	4913
9	13	6591
0	2217	182
1273	28	385
7	73	7920
714	259	1639
9	146	1531
99	3399	1121
9	8	2929
9	257	534
7	1100	2255
132	97	2384
950	269	631
25	43	2441
1239	333	81
0	13	988
44	155	214
84	24	6711
175	8	60
332	76	625
1443	54	60
9	13	4730
337	336	7889
50	43	9560
1057	11	387
80	28	385
9	24	6734
208	22	5163
175	24	10284
5	92	92
7	18	221
175	206	883
5	38	2426
229	24	921
354	113	2043
1187	113	443
0	129	11088
0	41	6226
9	41	7000
9	146	10005
1173	97	744
505	76	551
0	129	648
355	238	151
9	134	9451
505	406	551
7	53	9553
104	11	471
138	11	10262
641	28	1099
9	128	555
44	109	6463
1856	292	4531
7	206	2869
182	128	1179
306	464	959
0	1441	5088
9	8	6047
31	11	68
344	333	1295
9	11	555
2080	356	8717
7	91	7237
498	794	567
99	105	2667
7	794	1881
132	22	662
347	91	535
9	8	9930
7	323	3201
1562	503	138
9	87	2390
9	24	11286
2155	2156	306
9	215	2713
9	8	9836
7	339	6868
0	6	214
31	87	326
0	8	2216
7	11	3419
7	904	221
7	94	679
214	2003	5118
1078	1968	10528
9	43	1509
9	43	456
9	11	5229
335	292	8702
679	8	625
5	871	82
1073	1074	2201
26	118	561
44	128	5319
9	19	5666
5	22	754
156	129	4098
5	356	580
9	8	7735
5	119	131
83	17	9726
338	196	505
1577	19	3554
99	17	345
7	334	5474
7	13	7967
7	238	6135
7	17	3692
175	4	8042
192	209	10899
46	128	144
7	13	1119
229	24	7394
26	109	132
7	8	151
5	146	26
58	11	723
25	400	6869
1469	286	1829
7	8	2635
5	19	1932
2612	2613	744
1432	54	1662
9	8	8550
0	1476	280
7	989	3845
175	141	4772
9	384	54
9	8	146
143	722	513
862	730	151
7	13	60
7	24	3364
9	24	767
9	13	5611
305	3	751
910	8	1799
5	49	657
282	199	2815
175	91	2859
7	919	237
9	172	1829
7	8	381
66	461	5736
1625	290	18
99	8	233
168	49	2993
692	693	2
7	87	6635
3295	181	2488
0	491	7992
7	206	6246
498	3111	723
0	155	2478
9	106	207
1355	11	1517
5	59	3500
0	146	1077
213	339	11425
282	215	4404
83	3	8632
7	64	346
26	8	213
9	55	7320
7	336	44
7	43	988
728	313	327
175	356	2096
9	49	4594
9	100	7
175	64	667
5	12	936
5	11	471
667	371	4056
7	22	169
242	680	1662
9	76	221
7	356	151
5	8	362
9	257	2858
1153	269	631
9	146	8346
0	55	5572
9	436	1519
0	1560	65
5	17	476
31	106	11532
9	79	3418
374	8	6925
0	55	4346
7	559	11126
584	17	2004
9	78	322
2221	295	95
9	91	4001
110	76	913
96	91	774
2740	128	4399
31	8	1712
31	11	4045
9	532	18
9	24	3544
7	146	5690
9	100	3906
433	8	904
0	1067	2077
609	119	1295
143	85	6707
9	488	4496
7	472	1702
9	17	102
458	900	9473
0	49	689
214	115	10475
83	1675	3824
7	92	63
354	292	9542
1402	128	114
958	65	4312
26	712	1356
553	113	257
9	12	5987
1371	113	83
0	119	67
242	916	4515
9	6	9431
0	119	28
9	32	197
9	55	1568
7	64	4096
335	8	9303
960	76	2
0	49	5659
774	292	246
46	702	4387
1794	8	60
7	206	1070
160	24	164
0	1560	33
9	49	701
0	690	487
0	56	9388
335	1302	4
0	356	868
7	106	624
7	55	7791
9	43	216
5	79	2194
9	100	1944
7	649	6433
7	55	9115
2698	1080	1995
687	24	233
0	17	723
9	444	7281
5	215	1703
31	119	112
335	136	443
9	43	5820
332	206	6178
99	8	580
0	109	1938
7	53	580
83	17	5218
9	8	8947
433	514	11356
0	199	4064
335	12	10276
9	109	8848
9	55	3310
99	11	491
7	64	11503
440	22	1775
31	24	262
9	8	9781
0	737	5947
7	91	1777
2070	8	54
99	8	114
1903	131	4716
9	43	3802
5	321	513
9	134	820
422	8	2105
0	64	476
1695	8	2172
9	8	8502
281	17	387
31	35	4912
7	503	10656
9	73	731
0	978	4925
9	79	625
0	485	9858
80	238	151
565	76	54
7	76	5759
249	336	5839
99	8	11026
9	8	4056
25	1025	11300
7	23	107
0	737	183
46	470	10084
46	76	532
0	73	10011
3359	215	723
489	381	727
20	339	3935
9	8	2544
173	8	1009
7	24	6430
9	261	7718
44	49	7260
857	11	10692
7	523	100
80	19	3685
7	189	3591
0	22	858
2508	28	3023
513	356	126
7	127	4436
3285	28	625
7	71	817
9	8	3592
909	55	3321
9	1058	2906
229	146	1784
9	24	4044
242	159	1295
9	186	6515
9	488	7736
9	141	5305
5	109	1516
7	129	11569
9	145	10734
39	559	1345
505	146	2948
168	4	222
913	22	138
2368	128	1175
9	8	3870
9	43	11124
5	64	221
137	507	1407
9	49	9363
44	146	648
9	22	776
9	91	538
138	17	278
99	199	10983
229	24	10566
1294	109	2722
1745	15	4122
1031	205	2124
0	55	1187
46	8	10653
2622	2623	653
0	8	4858
0	24	5303
9	141	5186
9	2134	776
363	29	560
2265	8	6126
663	109	10051
9	534	3557
7	444	1201
1777	8	667
3324	167	1215
26	55	5596
46	152	692
7	11	986
2346	485	1080
2690	768	9907
1836	28	2652
9	257	692
9	179	9052
0	323	877
9	570	791
1339	248	225
565	356	551
0	49	988
31	22	7347
714	3503	68
9	8	8497
7	167	2333
0	604	1109
44	19	837
736	129	3
168	3	4096
2099	1545	3
565	55	2
1961	900	379
0	559	246
9	1005	8392
9	85	787
1424	295	1282
229	131	8622
993	195	2865
686	97	744
99	37	384
7	1234	242
178	209	11372
448	322	1100
9	41	6083
9	137	10048
31	167	256
420	238	2591
214	17	1606
9	3	358
137	19	28
0	73	509
1008	356	4803
5	41	4
88	313	11583
143	1652	6436
9	119	8315
0	11	591
25	24	1915
7	24	1543
7	28	151
0	8	289
0	2759	488
83	11	2946
9	16	182
5	49	3703
2447	146	13
5	87	2386
888	405	183
1956	12	1620
31	11	1062
9	8	2584
82	113	3591
99	109	3877
1470	356	3234
5	1271	3305
260	11	1022
428	322	2486
679	13	667
9	159	1777
9	11	665
99	8	8490
31	35	7858
2494	55	8487
0	2649	120
0	49	889
251	1436	1517
7	508	233
1291	24	3700
2565	292	561
332	333	1123
3230	3231	10339
175	91	96
0	1894	4964
7	24	8061
9	24	6709
0	55	11225
631	3	107
133	11	10154
337	250	1281
1743	113	1033
9	41	8718
74	109	381
693	716	8132
0	167	2838
1488	22	9626
7	41	10464
137	129	3
3081	778	9618
9	471	9938
0	238	913
0	8	1439
7	257	613
9	11	4710
1739	463	4097
25	24	4635
5	134	1786
9	55	10825
138	11	138
9	315	1109
5	444	253
0	8	3500
2254	139	851
0	1894	6242
5	23	3175
174	680	630
133	1773	2130
7	238	1100
2128	8	2
80	468	151
498	261	4756
99	192	9550
7	333	727
5	3	7323
7	87	11138
5	141	5259
1169	1170	68
0	8	11303
923	17	1818
175	11	1121
99	146	9278
9	55	1116
9	8	4503
9	85	694
242	97	411
9	100	298
7	238	7435
9	155	8841
766	333	1881
5	3	4150
9	134	5067
7	8	1925
5	8	6799
80	12	72
153	474	3623
682	8	388
0	356	3031
26	87	7562
9	259	8225
7	54	8494
31	11	6373
5	97	1207
9	622	335
7	11	2830
0	100	5106
7	444	538
7	35	9544
132	322	182
5	17	588
31	35	8283
80	8	92
505	97	347
7	11	3545
175	137	1770
7	129	58
9	11	2177
9	292	1293
7	238	505
5	11	6875
2812	2939	138
0	358	509
0	8	9452
0	139	6840
9	357	813
7	128	10030
2592	13	7457
5	27	9003
7	49	8769
2135	8	624
175	8	68
2767	167	8200
3199	79	10166
609	215	132
9	76	443
7	146	613
2152	244	653
44	55	99
143	11	362
0	1881	1206
31	1530	5413
99	8	60
1543	141	5500
518	152	861
524	847	1660
9	11	588
99	261	132
31	12	4088
5	333	2929
25	8	1439
5	12	2394
0	95	7423
7	73	1766
165	668	6169
9	8	1070
7	269	229
9	55	6208
0	17	1703
99	8	6646
5	206	706
9	128	95
2456	365	6915
9	139	599
7	8	1179
25	24	41
7	139	2284
7	64	2594
9	809	5845
160	384	1558
5	45	35
26	17	11430
31	55	1061
751	998	624
31	146	331
175	78	322
1544	22	2252
25	8	2036
9	134	1643
7	53	2077
25	24	1945
7	43	5688
848	450	2548
7	134	104
9	55	387
5	916	11508
260	11	1741
99	172	60
175	195	284
9	215	1451
0	22	2224
5	54	182
7	49	9293
58	11	4019
5	64	197
2074	22	639
9	8	10948
156	73	3434
9	8	285
9	245	1100
258	206	6354
2841	8	807
9	1133	9997
0	22	58
44	119	2
7	257	10592
175	1988	3009
44	19	1932
7	19	158
9	76	545
175	62	751
1504	119	1622
974	167	1355
1733	24	138
26	760	5926
9	17	1554
143	11	9905
9	91	1568
9	12	11308
9	3	1319
175	55	516
505	468	488
498	2608	744
3011	238	443
83	342	82
841	476	10778
213	23	2754
44	945	132
5	134	6039
9	12	1676
83	17	1172
2654	11	138
175	22	95
9	13	10915
9	38	613
9	91	6140
9	22	381
7	11	4960
0	95	33
9	13	1207
20	11	2835
1273	91	385
9	17	305
26	17	0
138	17	54
26	54	182
99	142	5433
0	91	104
2148	24	718
9	215	72
1632	128	3009
31	87	10160
175	564	381
401	78	10298
9	8	7402
5	109	10499
7	358	552
168	3	3987
9	507	91
9	8	4190
9	8	10939
9	24	1977
7	190	706
9	1305	68
0	131	3341
247	248	5271
3477	2237	1118
516	24	7574
0	109	10933
9	27	8398
99	8	2841
184	3341	624
9	73	8450
9	8	5857
7	152	9977
9	257	10014
467	8	68
9	45	253
7	146	5953
9	3134	640
7	1479	1927
9	13	2858
9	55	4244
44	152	3351
335	12	3320
3446	8	102
9	49	4036
9	11	4462
31	24	4000
229	146	11564
2737	406	718
1899	470	4678
9	360	4311
175	3059	751
9	68	1457
804	8	1617
7	155	214
175	19	1107
7	41	8640
9	13	1531
5	24	7987
7	8	7333
9	727	1391
1933	8	3127
7	406	776
9	8	784
0	55	469
9	53	2505
7	87	700
44	13	67
7	24	718
96	11	781
25	43	10536
2025	238	57
58	277	2580
9	11	1720
150	1133	1709
694	11	13
1404	95	7427
2223	3	1098
340	8	898
3297	8	2
31	12	515
0	137	8499
9	8	9193
1827	24	4432
7	142	7947
499	11	4522
7	11	7168
3291	8	7034
25	24	10602
26	134	1008
7	139	4846
7	87	1927
7	129	3
156	180	10428
627	55	330
0	24	374
175	11	7653
3422	1542	11102
9	750	8381
9	87	4380
9	167	817
581	12	515
9	238	10376
9	8	888
1364	1365	35
5	238	126
9	137	107
7	23	4786
9	55	491
104	146	54
596	11	241
9	55	875
0	1302	33
9	371	92
0	495	158
5	468	33
0	8	3075
9	91	58
7	1668	1264
0	43	10230
446	119	788
9	511	1230
242	8	7223
251	131	1063
46	28	151
2109	186	5598
175	189	1049
0	1023	2624
5	22	6987
2012	474	183
1616	623	3664
0	8	1494
165	43	603
858	106	177
5	49	2519
306	585	8670
26	134	7221
7	206	1850
9	43	5688
5	119	33
262	22	27
9	400	577
448	206	10712
0	145	613
57	3204	74
9	76	229
0	11	1440
0	159	222
516	24	197
0	159	107
25	24	1340
39	18	72
9	27	2068
478	599	497
80	8	8232
7	91	3587
7	570	936
5	64	443
0	494	538
9	159	3324
0	384	2
498	261	744
359	113	1042
7	199	1194
7	2683	3214
834	179	1135
229	24	5905
9	19	4417
58	277	10111
80	3	1215
609	215	11036
99	8	4748
0	17	3032
7	49	1017
99	43	8887
7	98	2505
9	8	10033
9	8	3661
143	11	9828
1428	8	3094
31	91	1982
25	24	2480
5	24	1310
173	211	7244
0	8	2575
7	24	10937
9	109	3817
0	53	5947
5	146	2578
1206	11	631
5	55	6550
7	11	667
9	17	152
1123	3238	783
455	292	3194
1094	186	2248
7	53	3058
7	257	2301
522	356	241
26	128	114
5	470	1121
7	119	513
9	238	4202
175	11	1238
9	109	548
44	113	5407
1984	55	5529
7	11	9978
175	49	10222
7	559	33
9	155	221
260	8	744
9	24	4245
7	85	100
5	172	185
117	53	6884
642	11	2699
340	15	883
9	8	11319
31	152	1682
7	78	6395
9	50	1333
9	1080	578
3483	472	11442
1016	56	555
5	13	8600
923	17	1872
1929	11	387
137	507	214
99	406	9979
210	137	6634
7	95	776
58	11	1022
9	8	1092
9	8	2040
7	24	2463
26	119	513
9	8	1672
0	108	1411
9	152	177
46	206	10856
229	8	2806
44	43	624
0	8	221
9	368	2223
9	87	1264
0	155	4863
448	406	1113
9	56	47
7	269	54
9	87	237
31	8	11385
82	76	2096
9	28	13
46	11	233
0	38	11055
9	65	648
9	55	1123
0	134	191
1377	55	2989
335	136	4371
0	8	4899
7	139	26
31	24	7588
9	384	8741
44	87	222
31	1588	1878
9	8	1582
2977	503	138
42	250	381
2817	113	230
7	1276	837
9	238	3712
7	49	203
9	97	234
99	8	7174
9	8	8273
958	65	538
99	127	1207
66	1414	2948
31	24	2880
31	747	3518
5	491	1577
9	22	788
620	24	1130
9	119	7846
7	206	4055
769	24	3398
0	106	1273
0	73	9689
332	2648	1099
498	1201	2469
5	8	6130
9	508	1121
662	23	1662
7	747	997
5	24	3398
83	11	6308
5	91	4124
9	8	10724
7	8	11151
7	206	83
2404	11	6718
0	22	185
3192	2339	10139
99	49	8271
9	538	905
1377	919	3391
1373	1374	599
521	119	11230
258	2239	6012
2549	507	214
44	128	1131
46	64	600
9	253	95
31	608	136
7	8	983
9	155	7753
597	292	4127
335	292	61
2253	113	1575
7	146	2294
0	129	2204
7	411	233
1424	295	3088
0	747	6061
5	76	1870
2827	49	8440
234	109	7658
9	24	1330
31	495	3448
833	87	3244
2503	149	13
2634	91	29
110	495	177
7	128	9155
156	68	8556
2552	747	3518
1885	8	388
9	12	921
9	49	7930
1748	8	4755
1058	239	54
25	24	5645
7	368	777
1188	91	2447
214	115	280
7	23	2596
7	19	2360
44	79	1582
7	91	1640
440	137	392
5	8	2720
403	570	2297
0	55	5792
9	109	1694
950	269	723
0	6	329
31	826	9989
99	78	10971
25	24	10068
0	49	368
1202	6	35
31	488	183
0	113	777
9	78	5527
9	559	72
9	55	1321
7	35	1904
0	76	8985
422	2499	7130
31	24	2413
9	13	209
0	8	10769
9	53	4359
168	721	549
489	564	4270
175	1493	10872
0	1516	9962
7	11	1517
786	65	1527
260	11	1055
3113	55	9771
9	146	33
9	87	6644
9	19	8674
9	507	648
1134	113	1137
7	269	8073
1407	373	1033
229	400	588
595	102	7789
970	131	117
0	19	1562
0	934	1844
5	227	4816
175	3	2009
7	778	182
312	292	11455
0	128	513
3014	8	508
7	2866	10293
5	91	2392
832	159	497
25	24	3032
414	146	10606
7	6	1931
0	238	651
9	206	6217
0	339	4948
335	2316	915
31	79	180
9	17	1415
9	8	1009
1698	406	1042
782	1087	1513
0	8	401
7	76	1554
7	11	8683
9	322	473
9	261	10742
912	11	7325
1497	167	3304
7	227	54
5	109	8189
0	8	3009
422	8	6733
46	11	721
832	339	132
26	206	1099
9	53	5390
9	8	1416
251	24	257
9	2722	388
165	13	11511
229	146	8766
0	17	2935
5	227	856
9	27	954
7	1148	114
242	11	326
9	28	5483
0	269	1630
7	599	1312
0	3	6957
214	131	3600
448	18	1100
9	43	11150
0	17	3620
9	500	8929
9	8	10793
686	277	1295
175	11	1137
392	128	9506
455	17	713
1195	11	1259
156	129	10889
156	6	29
869	22	10686
31	73	8839
9	8	1407
2787	8	8275
9	22	11421
7	55	1855
498	55	611
227	62	4811
263	345	3009
9	109	2806
9	8	488
42	97	6818
138	3	2180
340	8	6275
5	53	0
9	41	2535
9	113	505
0	8	269
7	98	1908
0	8	3961
0	13	6969
335	570	517
9	381	9029
36	2380	1076
9	8	3001
9	128	9164
9	24	3900
80	2453	600
9	416	5854
9	128	197
0	55	3190
9	119	10295
2946	146	229
0	197	249
5	119	559
9	43	8002
9	146	29
114	49	2914
9	27	10382
9	215	9315
9	180	393
9	8	6262
7	954	348
0	24	426
31	3402	284
556	919	151
7	19	2208
1069	216	185
213	275	1958
291	2293	138
1751	11	4135
31	819	392
7	8	7397
9	87	2684
80	666	253
31	155	754
0	17	2492
1471	24	5749
7	11	1741
9	76	237
9	43	274
9	8	7013
9	91	9759
407	97	7881
1445	8	2246
9	53	237
175	11	3557
884	11	1744
9	8	120
9	436	102
44	45	35
9	76	2079
9	28	233
143	11	1996
99	239	8794
0	38	92
0	908	4206
2111	323	467
627	206	679
9	113	5219
137	22	136
9	237	6426
9	558	1255
7	11	54
3039	215	827
9	109	9584
0	109	4558
686	11	471
340	8	346
0	87	1568
150	87	3123
787	239	1676
31	28	625
83	3	3120
2012	1496	5174
0	62	95
7	339	839
96	907	9852
7	94	35
175	147	2815
9	27	22
0	22	3742
1701	22	4097
31	1765	496
9	65	2550
7	146	463
9	560	11125
7	1406	3
0	100	657
309	55	2
7	159	1156
31	24	2562
7	24	5753
448	474	513
0	1184	95
5	17	1018
7	731	33
7	8	1118
2133	11	197
1043	1947	4905
505	8	798
505	356	488
9	119	63
137	155	182
214	54	1770
0	53	3971
9	8	6438
48	3	54
99	11	1228
9	146	11051
1404	22	483
7	11	5987
31	11	2878
694	79	883
9	128	2044
83	3	81
0	76	221
9	49	5538
26	128	263
3459	470	11314
31	11	6079
99	356	488
9	128	4825
46	134	104
0	137	58
0	100	2042
9	109	1264
7	155	333
9	17	7110
1339	904	6165
9	43	2908
5	13	9159
242	55	4712
7	55	4913
0	456	8559
401	1331	2843
366	167	82
9	564	99
9	1244	9720
9	109	8427
1153	269	723
9	321	471
1353	1354	182
493	13	4440
104	140	516
9	100	253
7	113	2594
9	113	443
889	54	4814
7	85	1175
7	79	4889
9	8	2740
9	339	2081
0	91	1348
143	702	35
1043	12	4689
7	119	2488
58	11	3622
9	51	970
974	76	54
7	599	5494
5	11	327
7	11	6207
7	206	1568
9	1285	4870
9	18	625
2181	11	3084
0	92	1264
9	8	25
653	159	3806
0	257	183
46	11	1602
7	13	9030
9	13	1720
5	11	6804
9	2995	9220
5	11	6254
3188	317	7109
9	8	5846
9	19	6328
0	8	1281
9	23	3854
498	11	1237
9	802	168
2464	322	6930
966	97	1914
332	145	1080
9	209	4621
5	64	2786
7	19	837
5	238	5111
9	11	32
7	87	630
0	8	1055
9	134	11364
44	17	68
403	292	443
99	128	72
7	8	7384
332	589	1040
137	488	8140
9	110	18
9	216	662
99	11	4698
9	119	214
9	3303	776
0	134	713
44	3236	99
0	261	8226
7	85	6279
1665	119	600
9	51	2577
31	24	619
9	8	4976
595	629	8088
493	209	883
7	384	132
5	3	844
7	24	5031
0	349	997
9	8	810
175	19	984
9	49	1187
9	8	3237
306	8	7532
9	8	6992
7	11	668
7	8	1626
7	11	656
5	1348	203
9	24	10418
9	269	580
5	8	1642
26	286	175
1307	53	936
0	49	766
0	649	362
229	24	419
9	49	11348
99	208	282
9	8	4299
0	8	5264
276	17	54
7	919	7095
0	43	5358
9	737	3510
0	8	2814
9	100	3892
0	87	29
1043	152	951
5	657	8296
214	24	82
291	215	64
0	55	11422
31	35	151
175	367	9249
0	85	55
565	56	507
31	73	6498
175	8	6271
184	87	33
1316	11	2777
804	155	60
9	8	6700
175	22	6326
150	313	363
1328	124	2828
9	56	29
175	179	1316
133	11	3452
1180	12	72
0	17	2751
0	38	29
1187	292	2443
9	127	5336
0	1102	411
31	570	72
944	239	1869
344	472	223
448	11	2810
9	55	619
2636	11	233
9	11	1025
0	100	3298
5	24	3006
5	1452	10438
9	277	491
7	11	276
0	500	185
9	511	92
42	54	5998
565	8	8979
9	141	3839
0	17	1107
9	73	4382
31	1376	2246
9	1061	2571
2611	295	7240
0	22	864
9	189	54
9	43	182
2513	11	7184
0	633	3655
44	109	5525
0	13	6034
80	17	3508
31	206	107
9	71	2185
80	11	182
9	41	1458
9	3174	10020
7	55	176
0	113	3791
1697	129	3922
7	339	10034
125	109	132
2310	167	221
5	24	1813
9	22	8748
0	8	72
492	244	3657
5	91	997
478	85	509
0	41	6413
0	73	2023
0	209	3488
9	8	9302
9	400	1613
673	134	3471
936	367	9179
1852	24	1277
391	1762	4180
185	167	4056
7	421	2036
258	189	781
0	19	1355
66	24	1807
99	13	706
751	32	624
242	159	1455
7	379	44
9	1457	60
9	128	600
694	371	233
117	705	2314
262	28	1662
0	8	623
1166	79	2172
9	8	10104
7	146	94
2007	12	239
9	11	1547
7	22	2756
7	261	383
26	85	9943
866	113	10229
9	55	6914
0	87	306
9	54	33
282	11	5813
7	206	27
9	729	27
0	8	3805
5	119	35
0	109	5741
9	8	3562
229	400	5814
175	128	113
9	353	10313
25	244	64
5	128	513
9	8	6674
642	29	5080
99	146	723
2206	8	445
7	416	114
96	3	387
7	11	2992
3436	202	11205
82	76	2
9	119	8699
9	11	9752
0	8	464
2155	23	306
372	806	2511
44	24	766
0	65	4023
407	28	1554
175	146	5340
133	11	8596
9	55	18
7	23	7874
7	13	7779
1725	6	4039
192	55	4567
9	128	1626
0	228	306
1043	292	515
910	488	6832
9	750	534
0	78	839
0	1668	667
9	8	572
1748	13	9358
0	137	648
31	22	1102
9	29	8990
305	277	9379
229	24	3224
9	64	5774
684	215	723
5	3	9497
7	54	60
31	137	221
9	11	27
3006	11	9277
9	97	5960
9	488	8081
0	109	9992
7	49	11090
44	152	943
175	11	8157
9	8	6702
31	11	9883
800	13	7735
446	24	8047
0	141	6481
0	978	497
680	358	7419
7	3	1718
7	13	7063
251	22	1665
1442	172	95
5	8	1766
5	37	10156
1131	8	706
0	8	9512
31	41	2392
0	22	829
7	1675	5185
2634	8	9226
9	8	2798
3277	1366	890
9	488	9685
80	238	117
9	137	648
0	19	6524
7	22	1775
0	8	6918
0	8	3849
9	11	491
175	41	1394
3222	54	1662
9	8	716
175	470	348
276	76	11545
9	113	3407
1065	2130	29
1273	28	8749
1622	24	2130
2818	3	3751
1157	167	107
7	2241	580
7	15	68
7	206	60
9	854	101
7	8	2561
1500	55	4331
9	17	1929
9	1525	1355
7	127	266
99	421	9470
0	819	1787
1974	1975	5020
9	109	4333
1701	139	1677
9	13	3373
3489	49	11462
9	109	7415
83	3	99
0	91	582
251	131	8885
9	15	10570
9	43	5152
175	24	2749
9	1354	8776
9	100	639
2528	470	10819
80	8	353
9	935	221
642	24	1928
9	356	580
7	71	9081
9	900	3297
1010	8	6416
171	147	201
2028	22	2479
229	146	2737
99	11	208
9	79	83
7	128	54
2121	128	9032
7	24	54
9	371	1393
0	128	5397
429	430	4888
9	109	4395
80	17	588
0	11	5979
876	261	233
0	55	10739
9	113	852
262	716	2586
5	559	4800
9	503	114
7	113	3236
9	8	1471
7	129	1155
214	476	107
175	22	4707
31	24	68
60	677	1638
258	64	82
0	85	1158
9	113	783
44	73	9216
9	91	1517
137	6	648
173	49	8312
9	8	3740
5	92	63
0	406	1829
5	91	1868
9	13	6320
175	91	11024
0	8	11165
9	8	357
9	8	397
465	472	13
26	11	11203
9	109	8807
7	8	11262
0	13	11057
138	17	5218
7	339	625
7	1005	327
7	146	2211
7	11	6572
7	159	346
448	2791	776
80	1086	8324
9	119	349
9	205	4384
44	8	203
80	238	1920
9	11	289
2100	91	11590
9	24	426
0	65	997
2483	55	7008
99	128	1638
7	142	159
565	918	1582
282	297	2260
0	8	5972
44	17	11136
9	85	169
9	129	10408
25	8	285
9	8	854
9	297	234
175	356	488
44	24	140
9	474	4700
9	8	1820
80	87	306
214	461	10129
9	238	2510
1992	511	5079
2962	140	9060
40	3	99
9	177	6222
183	24	9545
0	73	8665
857	49	9756
1547	28	13
99	109	18
306	794	1482
9	100	744
7	38	5689
7	22	3518
9	2619	4128
2495	17	1367
1912	13	4769
9	119	432
9	11	74
80	11	1264
214	295	253
118	71	64
1043	22	5983
46	23	1606
7	155	2542
1115	919	11295
9	23	956
662	11	2795
31	11	2116
0	17	1297
662	1669	1662
173	8	1138
110	269	33
7	3	3683
335	146	9862
7	146	2809
9	315	5405
9	8	4109
5	141	5600
682	109	1187
5	645	1175
742	24	6332
2826	215	783
9	128	4301
9	186	577
9	8	3170
9	137	221
9	3	1724
2338	292	625
7	155	10126
0	24	2875
46	2885	138
337	128	10196
9	300	18
7	507	58
1187	783	1475
510	236	850
448	22	4097
2815	257	497
229	24	10832
229	24	4859
44	17	1709
83	11	1673
9	137	458
0	106	4745
44	17	751
670	1535	8438
156	155	182
0	35	2898
9	8	3145
0	269	241
9	140	7971
0	8	2082
9	8	8427
229	146	5593
396	313	9356
9	8	6871
9	8	61
182	128	715
9	8	2317
3379	336	9471
7	8	144
9	11	781
5	146	538
377	406	1135
9	2784	8266
420	356	580
0	55	1801
9	19	6534
99	76	237
5	76	657
9	693	114
80	113	1147
781	11	1393
443	3123	9803
9	119	5145
1738	129	639
175	659	252
1799	128	187
9	15	8417
99	12	443
448	76	740
5	43	624
0	8	624
9	141	18
966	140	4688
9	938	5237
0	146	44
312	1022	13
132	18	9077
0	155	3574
0	8	1497
26	1151	2964
0	49	7933
7	23	1100
9	8	2268
7	91	3396
7	55	887
3102	8	60
374	17	54
9	64	2394
7	330	486
0	13	2095
9	238	434
173	41	4785
0	702	877
7	23	72
44	129	30
247	248	344
148	1414	327
9	315	10770
9	315	4227
7	24	198
0	79	450
249	120	7521
9	109	2288
1239	28	11118
9	238	757
99	76	9607
0	87	9271
70	28	3871
9	436	1118
156	137	854
2506	286	7163
7	64	4878
1707	543	3986
7	53	269
374	381	289
0	708	76
805	11	471
26	11	208
9	8	9191
848	13	2772
99	938	6626
161	162	192
292	639	443
0	8	1575
9	421	1672
9	141	869
9	87	887
5	41	1394
9	159	2
2758	271	1135
1538	24	2956
923	17	7526
44	85	6524
0	772	10210
762	3	82
505	220	27
185	12	625
1794	29	7648
1460	76	438
9	49	7222
99	109	7558
0	474	515
9	8	712
7	8	3305
26	196	1137
1708	11	471
9	11	5678
5	113	1121
9	71	2
0	43	58
7	333	1123
1808	54	4379
305	11	4848
7	11	4889
175	11	3617
443	15	27
9	598	3643
1395	1396	3013
9	356	577
0	13	6694
7	73	3539
804	155	4490
44	8	8641
7	55	18
9	1176	2047
312	313	233
7	55	2911
7	11	242
5	8	821
642	11	95
618	8	600
492	261	744
0	468	1121
42	356	488
1612	3	878
418	2075	1013
9	1233	6343
9	43	2041
7	11	2129
2386	142	2577
9	19	3715
9	806	663
31	65	35
5	1516	2575
9	8	10974
407	770	476
7	11	483
2736	18	8041
838	97	411
99	28	6231
800	55	611
2082	64	399
9	2781	982
9	11	4283
0	106	837
7	119	3771
7	206	2987
9	49	8897
0	64	1703
1795	49	4332
66	503	1882
9	11	2308
7	1182	2434
9	28	151
99	109	3546
9	73	11520
3428	27	476
213	1034	5187
9	43	5615
80	76	3838
26	238	7421
662	11	3958
524	1258	99
31	55	3065
5	1067	4124
31	11	11122
0	381	1348
0	8	493
80	141	1002
31	8	886
9	216	8906
9	169	9697
2133	24	257
7	353	308
0	8	3
44	91	29
5	11	11249
7	11	588
997	3	400
9	13	858
478	22	7079
0	49	1764
3033	1867	9377
0	91	3651
627	996	3750
175	11	1518
2654	24	1264
422	2309	132
5	85	2716
7	87	203
234	87	2130
7	29	6682
0	137	4863
2813	17	225
156	55	1374
0	49	7242
0	43	2880
0	22	10062
0	167	5158
0	24	4083
0	384	4308
448	511	92
83	11	8090
733	515	3
0	8	6177
7	339	289
281	1054	152
2372	131	6576
251	131	6680
653	37	8146
9	13	5414
1428	193	7934
9	416	136
7	292	9661
7	76	1662
25	24	670
5	11	1152
0	55	136
2793	8	1264
569	3	54
478	977	1777
332	238	8735
584	275	3335
1010	13	10360
9	53	440
2798	22	8320
195	24	2185
192	169	4788
0	22	5154
9	19	6639
1026	322	4024
9	8	7901
3292	6	3
588	76	839
9	49	5173
609	159	723
9	146	5444
403	290	471
31	11	8816
242	215	7410
9	79	1617
9	85	1904
26	24	203
9	215	64
1966	725	72
7	139	7703
7	167	723
160	384	715
0	11	10571
0	1894	776
7	22	567
44	17	4209
7	155	6928
26	11	6500
7	8	1100
9	3	82
0	159	753
9	137	1188
7	54	6769
31	11	79
959	55	611
263	345	1175
44	91	284
7	146	8767
9	105	588
9	356	327
7	55	3795
143	17	4302
9	91	411
0	13	9019
80	24	11466
80	24	5465
505	411	207
359	24	126
210	292	1998
5	17	1319
1915	259	4794
366	11	3053
9	134	33
114	998	306
0	22	4409
9	13	4143
0	24	6215
175	11	8019
9	13	6765
5	79	706
31	1348	2346
9	109	9695
7	146	5272
9	3	139
137	155	626
9	106	112
833	76	1554
7	15	2978
1245	367	2603
1044	783	7981
2206	8	5694
9	238	8084
422	109	258
1193	1194	2457
9	109	151
114	76	499
9	27	2698
214	11	7
80	115	9551
182	136	392
5	11	1787
9	204	6172
0	559	33
9	28	7056
7	737	44
9	43	6152
9	19	158
26	78	913
7	41	883
1836	97	393
1304	1305	138
0	495	2528
9	24	6581
7	53	891
5	215	827
0	12	7338
9	73	1578
5	238	839
1299	17	4544
9	172	1483
0	8	414
0	119	6524
2411	64	679
9	216	10702
0	8	1648
306	55	3540
0	55	2187
31	119	1777
7	11	97
5	13	4508
31	11	6422
387	322	602
0	476	1264
2044	11	563
7	49	2914
82	19	2838
44	55	8343
7	85	1147
9	65	1989
7	43	233
110	495	3588
340	994	27
7	8	740
165	79	458
175	238	1070
9	8	7019
584	13	6922
7	411	619
9	22	1984
9	622	95
433	186	6359
7	349	3785
631	55	809
229	24	2416
160	128	11437
2696	22	662
653	19	3189
242	11	4754
90	17	88
2745	146	8079
165	109	1138
262	76	27
9	134	177
5	128	8208
5	540	854
31	152	362
420	356	488
9	43	1748
3434	463	29
104	17	10021
175	11	44
588	108	1252
80	8	1008
9	24	1816
9	1271	126
433	71	1786
9	79	4832
96	985	1049
1706	13	744
5	540	1253
306	55	781
31	542	434
31	55	1179
46	97	2116
46	23	327
9	109	1967
9	2099	6141
411	1865	2
25	24	10498
9	612	27
1397	1172	3023
662	11	723
9	12	2226
7	11	3995
5	11	4018
7	523	619
9	91	233
3311	167	10631
26	11	624
57	381	2435
83	11	1012
1041	8	1643
3173	78	10017
662	238	13
9	8	1076
9	189	781
9	54	3178
31	2041	3895
411	22	2265
5	1190	613
1293	23	443
0	752	221
7	238	4239
443	85	1264
344	146	727
3053	1343	387
1594	8	4603
240	241	82
5	17	2838
0	11	667
9	238	353
5	24	5176
7	94	208
9	8	186
9	13	10564
9	22	7033
46	666	776
2295	636	783
1394	15	191
9	128	202
0	64	4415
9	91	3297
9	238	306
7	23	4
291	167	197
44	8	2
9	13	744
0	23	781
766	333	967
168	128	10815
9	13	7839
229	146	3852
9	155	6536
3008	528	1121
403	12	233
9	55	3340
1591	17	706
229	24	10601
304	155	114
36	78	4814
5	523	5076
9	134	5673
9	238	4786
46	97	411
1553	1554	3492
2573	292	197
9	8	4546
9	190	9396
448	28	7201
9	269	27
7	295	4147
44	71	566
0	8	2364
9	238	1287
175	11	555
9	259	2858
9	11	7707
1292	196	2718
933	172	72
9	1088	35
5	19	4178
9	49	9310
9	8	7143
9	261	4919
9	19	5646
0	13	706
213	4	222
31	559	2255
9	238	1938
7	28	273
553	113	962
7	119	1766
0	24	2088
0	55	3495
7	76	839
7	94	6431
7	8	933
647	85	3073
7	190	54
9	64	68
551	12	957
838	17	3825
5	55	607
96	286	346
9	384	807
234	13	1328
9	11	2065
974	76	1960
734	4	1400
1716	94	744
9	43	4933
7	11	1757
0	8	4959
9	8	4590
0	8	3693
7	24	9418
9	76	2494
26	24	7372
9	25	6217
9	17	1172
7	11	2720
5	95	35
99	141	158
7	488	2771
138	146	222
9	43	11246
9	128	163
9	12	10176
2107	24	3167
5	2383	6636
9	257	2156
82	4	906
0	15	381
751	180	27
165	109	898
9	73	1070
344	269	723
9	322	1233
1748	1067	1121
595	102	263
2884	1973	213
9	23	10421
9	1584	9024
138	76	625
9	128	2768
9	128	2786
9	22	1052
80	238	92
7	1801	2397
175	17	11154
99	137	221
99	11	3913
25	24	7417
5	55	10843
1863	11	35
9	43	9476
0	2476	6480
9	18	5788
662	896	102
5	24	182
176	333	11009
9	8	197
9	109	5003
26	28	625
99	91	1076
175	11	6398
728	313	1063
9	11	8151
9	8	5742
83	17	0
0	17	828
1568	95	4865
9	488	154
5	64	2394
9	29	8366
2171	6	4412
234	238	27
9	13	569
9	1067	7535
9	11	1741
7	11	9871
1658	113	54
7	91	132
7	339	4982
0	8	5110
31	1067	2785
9	76	421
5	4	132
7	15	4835
9	119	723
1621	23	11581
9	345	776
9	13	8969
374	8	4650
9	55	1597
7	139	619
9	206	588
2021	3	11109
9	8	9717
9	13	9408
99	49	60
9	1584	1
110	278	4
9	76	1384
9	507	3309
7	97	4958
7	11	391
1748	113	7943
44	24	7406
9	1463	9556
7	3	2826
44	24	1706
565	56	1432
9	41	331
99	49	1264
3177	639	2781
213	76	1281
83	3	33
9	2463	10370
344	85	744
7	22	858
0	55	7677
7	794	588
9	119	1744
595	540	781
5	8	1310
1382	559	72
31	35	280
9	737	5344
1425	54	95
175	128	530
7	11	3557
9	76	387
7	8	624
99	384	327
175	76	411
1790	85	4328
44	474	9768
0	97	2
9	1579	4930
0	1496	158
5	11	11389
0	8	7005
0	1056	7932
7	406	1848
80	8	182
2872	8	27
83	55	679
9	1172	10223
9	598	3314
5	8	8561
31	488	8574
9	959	132
9	1896	18
99	17	110
31	507	8075
7	59	10869
9	76	9174
0	406	783
0	8	1913
31	11	1310
970	11	8635
9	215	6683
822	277	1234
3101	47	505
0	13	2036
2251	49	744
9	113	472
165	109	508
7	43	5140
0	507	1870
9	109	10082
2473	239	7546
654	11	1662
1297	725	72
229	24	4285
2129	2130	5662
9	348	8763
448	11	1954
9	91	10405
175	55	1955
0	24	1777
7	172	1638
676	6	58
9	8	8995
31	11	1658
447	22	11078
2140	2687	68
26	17	4663
997	17	54
694	277	233
31	152	480
2556	11	555
9	59	788
7	349	10134
25	24	2764
44	564	990
9	159	776
282	55	883
7	28	839
9	49	6489
44	141	837
44	8	5605
5	227	3683
1213	261	2878
9	24	7987
25	24	213
7	54	5998
1085	3	353
2267	760	2785
9	11	327
0	55	2102
7	1254	2622
80	139	92
433	55	8977
114	131	7463
25	24	11139
1927	188	4844
26	27	6500
7	91	5935
5	1611	533
7	15	114
26	612	591
31	55	619
7	6	1998
175	11	1787
766	28	1766
7	87	1475
5	109	624
9	13	8475
168	671	887
1093	55	6478
7	339	112
5	23	1638
165	94	6513
0	17	10657
31	1603	214
46	23	72
796	436	11447
1291	24	239
99	22	491
9	206	600
9	189	239
0	8	5734
1957	17	54
0	2546	2
201	3096	9677
7	8	27
0	49	8813
0	24	2198
648	8	4872
9	23	443
642	643	640
332	333	5871
5	28	1121
9	23	551
229	146	4304
5	24	1703
99	11	233
7	71	6376
63	73	1971
9	56	362
7	91	7632
25	24	5263
0	79	107
1425	54	613
25	237	509
952	146	7646
822	616	723
9	53	1525
7	1572	3541
9	622	1179
966	789	363
5	106	8563
1845	271	497
9	8	3130
9	238	4418
2398	79	6698
5	238	1121
1040	488	6278
694	78	5000
663	471	1229
7	11	1582
5	406	376
9	11	4317
175	172	7075
9	24	158
5	85	440
173	109	7279
422	43	4321
0	8	5420
201	11	2074
26	100	10791
7	3	7833
9	87	11068
3310	119	10629
448	128	2659
82	4	7882
9	8	856
99	2833	10349
9	73	4919
168	238	221
1772	97	5328
44	155	2866
774	3469	5973
0	24	5712
80	11	662
9	8	7264
31	106	1160
2389	984	3
0	137	362
911	49	3106
654	11	600
335	290	9853
9	842	1646
7	11	305
0	43	913
0	85	4074
0	109	9813
0	192	1718
132	313	7459
872	106	222
9	53	9319
335	747	649
324	6	11435
9	55	9154
5	146	1964
487	488	183
0	76	3871
9	159	766
2879	250	1295
7	206	8498
5	64	10689
9	215	298
7	488	788
7	11	4653
9	159	513
1709	477	10731
9	139	9314
9	389	1119
9	76	1100
7	186	752
46	28	411
7	8	2426
1985	24	5679
1363	24	2
9	109	222
9	2980	408
9	13	591
242	277	2031
0	109	3042
9	1884	132
5	59	497
99	137	3252
2900	700	3
9	43	7687
9	3	679
2232	13	8039
173	15	1333
642	11	1662
9	227	9130
864	24	2569
26	206	4782
0	78	65
9	186	158
133	11	3646
168	315	331
7	13	114
183	11	138
5	13	60
9	17	229
9	11	18
5	24	10089
114	76	5481
7	292	3165
7	159	3198
5	2023	4
0	1133	214
9	747	7868
7	152	82
9	128	1329
9	13	11472
0	119	289
9	8	2627
7	106	10697
306	100	821
9	55	8689
5	24	374
9	566	197
0	8	132
82	76	27
1751	28	7861
7	109	9760
0	8	263
9	896	1135
9	73	1669
340	43	9323
2069	8	258
9	1228	807
848	8	1598
31	15	1982
498	871	81
9	11	400
9	107	393
0	53	651
2574	131	916
5	169	10198
31	3201	354
9	76	1475
5	3	781
764	784	668
9	406	322
1115	54	182
1264	113	2640
31	152	820
9	55	817
175	204	322
7	206	8503
736	248	8282
143	22	4097
9	449	704
0	49	1880
0	17	10448
448	19	1355
7	47	580
422	87	1562
7	18	624
82	141	1927
505	41	1394
0	28	2
5	436	2
335	271	922
5	100	374
141	238	10114
26	601	1109
46	19	5144
9	356	1121
9	297	8142
7	2774	624
7	356	1504
0	1238	10090
1842	109	27
3082	3083	2
31	8	5426
0	8	9778
160	321	1928
9	17	1882
7	139	44
229	24	3301
5	24	754
5	368	1018
0	155	2743
822	11	2521
31	1067	3705
168	206	7564
5	8	2
1955	129	1575
229	24	396
0	73	988
675	313	2
143	97	411
7	75	2488
448	236	10771
175	76	1928
0	85	1147
9	109	8380
175	76	505
7	2092	280
31	269	3623
1550	124	2773
9	215	640
445	113	443
31	261	229
9	105	4438
7	339	4831
7	11	7292
7	13	5354
0	13	45
641	159	2793
9	269	4756
23	206	2775
25	24	132
9	28	1723
588	356	580
9	269	6993
2227	11	18
2261	128	6109
9	8	7082
5	649	1848
9	8	3028
7	49	8908
7	8	839
9	8	8446
57	381	1008
805	113	471
947	145	839
565	55	4900
175	8	4233
0	13	233
9	406	1620
7	24	892
485	811	11452
662	28	879
9	2940	5129
1332	24	527
7	8	11039
0	41	260
9	119	9669
3275	45	233
9	11	233
5	54	1642
7	11	6545
7	470	9268
9	238	9659
5	24	1686
0	488	3
9	146	11061
110	633	1162
31	24	6883
812	109	611
0	155	639
9	190	68
99	321	513
9	43	7037
7	193	401
2480	542	625
9	91	1264
304	8	27
946	128	114
7	24	767
5	17	2492
0	8	1394
5	17	470
9	8	5084
7	19	9549
7	152	136
99	24	1783
3369	159	10877
335	616	611
9	11	5057
7	22	8181
156	73	3414
7	109	8872
7	97	625
777	13	1762
240	241	72
0	169	766
9	926	387
5	238	4682
9	24	7879
2247	91	6056
431	261	207
0	38	9890
344	22	13
7	339	3504
9	8	5698
9	106	4919
0	13	6938
7	11	2937
160	472	3126
104	94	1018
9	53	1
31	140	233
9	3	4767
7	336	1780
80	3056	4114
173	27	1174
0	269	5929
0	24	1813
5	17	33
7	11	9378
9	119	9685
7	22	940
31	11	4018
9	278	434
242	297	744
505	97	2948
9	22	7841
7	139	5290
2063	106	5377
260	11	1047
9	495	3694
0	17	1089
1634	8	132
0	8	5050
5	159	821
9	8	107
7	109	10788
7	19	1912
0	15	458
1297	239	1475
114	24	3437
168	1652	513
584	503	3214
9	373	9926
46	24	3167
7	109	1930
16	250	27
1505	196	35
25	24	362
9	24	11140
168	54	182
1042	54	2885
9	49	271
229	146	2707
0	85	600
306	29	2940
0	500	1355
9	238	8613
31	209	883
422	169	2217
44	43	11106
0	211	9491
2714	24	1614
9	141	4310
99	79	1517
31	49	233
9	23	5931
0	41	140
0	85	440
440	474	114
31	109	72
7	261	1191
9	22	9250
7	24	1080
852	8	7313
9	167	225
0	11	563
9	538	2
2669	3	54
9	159	362
488	167	8162
0	8	312
0	803	182
173	13	5624
680	128	229
428	677	44
947	8	117
168	94	3214
382	297	258
0	259	1189
2834	238	8482
9	55	2785
9	11	5869
7	11	2955
9	11	51
2426	1496	527
99	76	33
654	591	2865
242	1067	793
9	8	988
344	452	13
448	87	1042
110	559	132
316	317	68
138	24	3398
165	13	96
26	11	563
1046	108	2337
0	13	182
2512	82	837
99	24	9104
0	8	11534
0	585	6722
9	106	440
0	17	1172
1215	204	2509
31	152	5164
9	91	4257
9	2327	1077
9	8	10787
9	978	2343
9	13	132
7	323	1676
229	146	11171
335	636	443
5	540	781
7	245	2975
46	564	3937
9	22	1333
346	167	225
31	106	484
9	129	161
46	964	4869
168	41	798
420	2543	624
7	95	10041
44	113	783
168	1319	72
9	2096	580
0	65	7340
787	11	4951
9	128	976
1313	687	2031
9	1350	2914
0	8	308
9	842	27
156	180	10148
1042	37	2136
234	259	1671
7	23	748
175	11	3794
5	23	348
920	109	764
99	11	327
25	49	4229
9	11	6148
2201	22	7681
1187	167	33
143	406	1285
160	238	6658
283	146	229
5	3	5837
1235	24	7097
844	15	4040
25	24	2007
31	18	280
575	702	11376
0	381	591
5	49	1215
9	12	3829
1440	113	3143
2721	17	9205
7	11	555
1953	17	396
7	155	577
498	22	2092
3189	109	5376
229	24	2369
498	159	1606
0	64	3214
5	515	1175
175	24	9309
9	256	1264
99	19	4446
175	8	2234
0	8	1125
9	76	2203
1451	49	3166
0	91	2421
9	13	5676
9	12	483
96	286	482
0	38	10811
9	100	2898
44	507	648
5	13	6834
9	53	298
242	215	5237
0	3108	114
9	55	6063
1598	28	3607
894	22	3972
175	474	185
9	17	5277
9	269	4279
0	8	197
99	13	72
26	2491	1187
7	3364	534
5	273	2
7	245	114
7	297	234
769	17	0
2019	159	6998
642	54	58
0	13	312
0	76	27
110	59	6018
31	91	2065
0	22	1085
7	871	102
7	206	10219
175	19	2793
9	238	9125
26	76	151
9	55	9901
304	935	18
9	129	3168
138	64	54
584	11	3617
80	11	376
9	261	151
7	8	9048
9	24	10684
7	54	5667
5	1593	3983
20	11	443
2718	406	7955
20	11	2071
25	400	419
3337	159	10728
848	56	4147
31	24	577
173	109	5087
7	269	391
0	436	3050
229	24	2773
143	11	4104
5	23	3575
7	8	5753
9	190	233
9	22	2885
99	8	458
9	935	54
44	8	5267
7	137	3051
9	8	65
9	8	5988
2675	729	3679
0	4	132
3090	3	5774
872	11	786
5	1005	2047
9	238	7953
9	8	140
9	24	11016
9	935	381
31	507	1379
9	119	72
1589	2105	5555
99	384	1630
9	43	6183
448	28	593
9	411	5280
99	23	434
0	19	3928
99	8	168
9	76	2096
796	54	6360
775	55	9554
31	11	786
9	8	11367
99	8	27
304	8	611
7	159	2830
505	1549	5469
7	24	8623
0	24	1808
5	140	1253
229	400	2986
0	109	8876
7	106	9487
1437	13	10243
7	108	1121
498	22	233
281	918	1786
7	22	387
26	119	1629
1010	13	673
31	11	4284
0	87	1521
1906	503	138
99	8	9386
1535	24	234
7	78	306
492	411	580
9	141	9747
9	13	2841
133	11	705
9	109	1582
175	896	3123
83	11	4893
260	3	967
638	109	263
44	49	3116
2382	8	8964
9	97	7913
7	227	280
5	22	1058
0	43	5565
7	11	10064
1469	570	1829
9	22	995
5	109	3299
9	13	9370
403	406	1100
242	22	1858
44	540	781
7	259	5746
9	64	393
5	491	10170
31	17	306
516	873	107
31	11	1238
2563	8	158
627	206	744
804	49	5462
762	8	516
3048	257	9436
9	28	656
7	8	7078
7	49	271
9	105	72
0	8	8286
306	333	673
9	73	7240
7	28	6284
0	137	7740
0	129	214
44	79	1008
9	11	1978
7	64	667
9	92	1264
0	8	4956
117	977	525
714	715	1360
555	476	744
505	464	27
1042	37	507
678	76	11378
242	56	278
9	8	7744
7	17	1099
7	24	1344
9	119	35
83	11	673
7	167	158
0	134	9204
214	146	353
1339	167	476
807	78	1569
5	24	6939
9	28	2995
1355	11	185
2126	685	396
7	24	5489
448	998	483
7	137	26
9	190	327
9	761	692
0	238	9772
7	206	440
7	8	396
175	356	1099
21	206	706
31	24	6605
5	636	7255
99	141	3009
5	146	9162
44	76	916
7	11	1665
862	406	1694
99	73	5064
7	11	6567
9	356	438
9	11	3019
7	22	8871
0	85	1264
0	87	1099
7	794	213
9	8	2919
9	64	11429
407	727	257
9	17	2942
0	24	2838
44	22	10277
0	113	613
2174	186	2093
133	1333	10789
1597	180	1189
26	139	7769
9	146	8004
9	12	625
0	108	9224
420	87	624
80	873	1711
0	491	3247
0	19	2360
595	1279	2425
0	8	1919
587	91	1187
0	523	509
906	177	5294
9	8	6418
9	28	1757
9	146	6567
143	11	6476
46	159	8707
2448	1137	72
7	339	13
26	659	2251
9	55	6897
9	507	1934
7	8	706
0	11	33
9	15	883
9	53	9050
175	11	54
9	128	868
9	49	577
9	1176	177
734	4	1568
7	339	570
173	13	6696
83	3	679
344	3111	223
9	495	177
31	819	327
80	644	35
2850	76	651
625	152	2251
9	109	1743
1949	503	1137
147	159	526
1015	1596	625
31	155	1053
369	3251	443
258	794	6432
0	830	1630
7	159	1677
3084	668	68
9	8	1264
9	29	6221
2449	113	650
58	11	10018
335	85	1106
165	2017	6224
335	24	599
1506	22	3344
852	109	7
9	155	939
5	107	7633
9	8	227
857	91	2481
7	8	5551
9	345	4989
1855	32	4525
0	3316	487
7	23	1237
7	8	10693
0	8	3868
9	13	60
31	444	280
183	8	225
9	512	1317
9	11	8832
7	11	3722
213	54	639
9	22	712
0	8	1138
175	105	362
272	22	7959
9	55	7507
9	55	4215
96	935	8040
9	463	751
5	295	471
9	109	2338
26	11	242
31	13	5772
1120	8	450
354	12	3786
7	523	10580
0	91	1514
175	128	68
9	8	6648
143	11	185
31	1238	6880
9	145	185
175	659	2251
7	23	3623
26	11	6979
9	112	1829
9	194	1810
31	24	9699
160	54	1210
168	13	9045
344	244	10573
175	23	306
9	189	482
7	315	538
138	3	1384
9	204	322
800	2829	8449
9	250	10798
9	146	575
0	179	10224
0	315	2844
9	119	456
787	146	3090
9	19	4965
627	1666	1319
5	8	1765
9	11	1281
5	43	3926
1705	904	776
83	159	1781
992	598	2008
9	11	708
9	2997	9223
31	152	177
7	8	2837
7	11	1585
99	17	243
9	29	9494
9	19	593
143	1336	887
9	215	3424
158	159	44
66	24	5850
5	11	1219
2045	137	58
7	238	10643
428	690	913
132	1285	3306
374	73	2826
7	19	392
7	49	4691
7	339	2266
1518	11	138
9	8	8955
7	339	703
9	586	8321
3021	599	9329
9	109	4298
5	11	1264
31	85	6279
5	269	2
2810	896	207
99	11	99
682	43	4095
9	91	8526
44	76	3147
2398	79	3214
9	190	2396
0	55	2176
0	1664	8314
0	4	4068
9	107	104
7	23	4068
25	24	7450
9	85	9488
31	24	3046
44	49	3893
7	98	182
9	129	35
0	28	2782
9	141	1927
175	186	1665
9	938	718
0	373	509
242	224	383
26	64	138
7	333	258
9	146	18
9	17	9597
0	8	4132
31	495	6605
168	128	549
0	87	9647
335	136	1121
9	146	8381
9	8	8379
335	23	625
9	155	1412
7	53	534
5	8	2646
175	8	6128
7	87	10396
31	91	5204
99	128	394
2437	17	6844
46	64	11168
0	523	1880
0	8	11189
9	13	1545
7	6	182
0	8	9837
173	73	3015
1261	113	126
1852	24	4517
195	196	1099
9	23	5326
0	13	780
9	8	5327
5	3	1253
7	11	10301
2391	49	6675
7	1768	114
1781	49	2786
5	904	5695
2384	238	6643
7	339	183
7	528	887
403	215	1606
7	190	65
866	1414	886
631	3	8248
7	97	488
3046	196	505
5	106	820
0	76	2389
5	17	718
1026	11	197
7	8	2138
7	24	64
391	204	8911
774	19	1099
1353	54	1982
9	43	3150
872	85	4510
31	35	1475
838	91	65
9	19	199
7	152	5232
0	623	730
9	8	8658
433	106	9222
332	206	967
0	55	4787
262	206	60
114	131	298
9	8	2956
9	12	1811
184	91	29
5	8	1798
9	8	1657
0	3	6345
3162	119	497
9	8	976
5	693	64
9	24	9829
1044	215	3023
2345	215	6490
627	464	6266
9	22	26
372	81	816
7	286	9335
0	8	823
0	109	387
0	2703	754
99	8	9515
1905	3361	10862
25	24	10275
5	604	44
9	898	542
0	146	68
9	2266	3237
2496	1405	613
448	11	483
175	64	54
2681	2682	2425
9	53	5992
184	87	241
9	261	387
5	8	7378
769	22	1479
7	11	5323
9	8	2379
9	109	6375
99	8	6737
99	55	10431
498	159	769
7	98	1267
9	1793	723
505	261	551
24	297	452
0	81	4748
2697	24	8706
229	13	4261
99	8	470
678	76	868
852	477	387
289	24	428
1278	11	706
26	442	695
882	356	9253
99	23	2319
9	81	33
448	321	11028
7	49	1672
2855	145	2713
9	193	2644
9	146	547
31	139	1732
0	6	91
7	23	6013
9	49	10925
0	55	132
9	128	10767
242	11	1237
213	109	114
0	209	3943
2880	55	611
0	139	30
7	119	630
184	54	667
7	186	858
9	128	114
0	76	8410
3378	43	27
7	783	2582
9	79	287
175	2120	5623
1366	146	61
143	11	6611
9	78	589
5	177	1793
175	146	723
9	55	9317
7	540	234
9	238	9563
988	989	2005
168	1104	5094
408	87	2514
335	55	3540
872	119	2463
7	206	6444
7	601	1418
9	53	5952
9	128	9354
2049	24	8168
9	577	3476
3129	22	18
168	94	555
2054	24	1264
340	13	4234
7	253	7006
2478	78	6985
0	13	3962
31	978	4510
0	38	2601
7	508	845
506	152	4845
1929	24	6575
335	2956	9023
9	196	7539
1041	109	2134
9	8	9469
1578	13	11337
99	109	353
0	13	1517
557	28	64
2886	1247	1527
9	11	1
44	8	8117
3157	124	1080
498	113	2528
9	8	9651
9	1516	6110
9	49	767
9	1152	953
9	4	2741
168	94	260
9	24	4218
7	3	2107
9	1176	222
0	11	44
44	155	182
9	49	955
9	13	1117
796	11	233
0	323	2426
369	12	783
7	8	9406
0	55	5178
420	693	9982
57	560	7261
5	23	392
764	765	668
9	19	9391
7	1722	3476
168	474	513
5	55	5549
446	1977	8378
143	238	1175
7	64	679
26	206	7329
448	54	183
9	109	4418
1111	152	2290
31	65	1870
9	989	706
545	8	1382
9	2877	18
262	919	4609
9	128	706
3270	24	7027
5	3	107
9	23	6073
0	381	7148
9	8	298
80	401	8078
428	54	182
7	152	406
9	55	230
9	8	10944
9	13	1979
662	570	915
7	11	3597
7	11	11091
195	196	35
262	140	471
0	92	215
0	146	19
7	690	4089
7	24	10568
175	238	2786
175	105	1692
7	11	975
9	209	18
80	8	60
401	969	30
31	119	3
26	15	3
9	141	2534
160	11	820
99	28	1228
46	54	1770
1245	239	3476
1781	8	2
9	97	207
281	159	152
0	137	10902
970	1279	713
1627	22	3714
9	23	298
344	269	2183
25	24	10494
9	76	667
762	147	29
99	109	1974
9	1276	2671
3228	11	10334
7	384	6024
9	49	3811
80	199	860
9	8	6951
9	11	10924
565	336	33
7	570	998
99	8	1123
99	76	651
1028	1029	2106
7	137	9168
9	749	1766
7	900	9708
9	172	4792
9	871	10694
26	11	1238
5	24	297
448	11	35
5	19	2408
214	8	662
1573	239	298
31	11	9257
114	76	176
7	76	5865
9	43	11063
1929	368	54
3497	11	3060
5	269	35
147	693	289
0	491	4942
9	55	7626
0	215	723
9	137	60
9	155	1197
9	3	2265
340	8	3075
0	119	5399
1610	8	11128
175	64	82
0	989	1076
7	591	625
9	22	593
312	55	607
7	97	1034
0	128	114
1993	4	132
9	22	155
150	91	29
1018	190	4698
0	3	82
0	146	1264
9	8	2263
0	644	545
0	13	1055
7	23	113
1778	105	588
2510	761	311
289	24	4449
9	41	798
31	155	6769
9	8	9286
455	18	5133
242	19	3192
9	17	5778
0	95	1355
9	850	1663
7	15	3103
9	8	1013
1603	1061	9736
7	78	625
7	611	5403
26	146	613
97	205	276
3079	128	9609
7	87	4521
1748	109	2
26	8	44
9	55	9273
5	17	7225
9	559	1165
1335	75	538
31	55	8627
7	11	1228
9	8	4305
0	18	2
9	456	1777
26	11	11416
1518	87	8961
9	8	1763
340	8	96
1482	108	203
7	248	1509
9	570	1563
9	8	1207
9	8	11292
26	64	516
5	109	1582
7	38	4353
9	109	2390
25	24	443
9	8	6161
0	76	5949
448	91	1099
710	206	99
9	76	4382
9	11	72
621	119	1132
9	8	768
9	167	114
0	726	9910
7	488	745
31	2479	95
1051	64	74
7	8	10023
1146	76	2179
168	64	82
31	269	251
7	292	1420
5	172	1981
9	8	10486
260	1452	11244
588	250	363
168	54	60
44	49	126
7	11	4217
213	8	114
11	11	44
31	11	921
26	2753	1118
0	49	7523
0	8	2105
0	64	1692
0	8	9147
160	8	132
595	11	6220
9	1067	1067
1404	22	58
815	16	5557
7	24	1789
448	998	9410
7	474	4264
7	127	9900
168	206	706
0	146	3446
0	8	4659
229	24	5725
0	98	509
31	206	1681
25	24	44
9	102	9468
9	11	197
74	713	2874
0	64	0
46	292	441
7	24	7177
7	35	7948
1047	19	2146
63	295	6943
9	1049	2159
25	707	5603
2892	754	8722
627	333	1703
9	55	11304
9	550	951
178	134	27
9	238	1175
3049	24	9438
7	11	10962
9	19	9577
0	17	99
7	106	177
0	8	10039
9	339	11500
5	167	10465
5	8	2117
9	11	1084
720	2376	6604
7	22	136
57	821	74
242	1234	471
7	97	1228
9	17	4275
165	43	9952
0	1564	3524
9	55	5468
168	748	513
2277	121	33
99	8	107
3314	17	82
132	313	8254
2113	8	1185
31	998	280
9	11	2898
9	8	8098
110	938	7030
0	76	509
2616	1133	6834
9	128	9532
9	97	1184
99	49	7015
0	8	458
7	12	1259
31	8	3238
0	85	84
80	17	4685
9	8	35
7	128	72
31	23	434
2387	269	6659
9	107	2745
0	137	3441
9	11	11268
498	814	30
229	146	2755
9	11	1692
9	215	7749
9	8	4298
9	128	2720
0	38	557
1341	1342	2887
781	406	114
2509	24	6027
9	141	3747
9	2551	1407
31	322	1720
31	35	4056
0	324	1348
0	495	820
5	22	1310
1978	35	5025
762	8	10168
0	49	7619
1400	1401	3039
9	141	9392
0	1183	2437
9	189	234
7	783	2377
168	87	953
9	286	936
2371	136	625
7	139	8259
7	238	398
0	59	4748
178	8	1185
7	145	3111
7	24	10095
80	22	4282
0	19	11037
5	3	82
0	79	1054
7	119	18
0	129	3
1589	470	7484
31	146	3
9	76	515
9	8	4970
7	15	301
9	11	2737
5	19	590
9	11	3754
674	477	970
185	12	10623
143	11	1664
0	8	2682
5	139	44
9	916	10595
0	78	33
7	11	5986
9	13	7871
9	13	3515
694	472	723
7	137	1155
31	495	820
0	1068	29
5	146	611
46	47	37
9	141	7829
990	78	35
175	11	13
1174	17	1703
465	277	744
0	1837	4481
9	119	5356
9	8	1933
9	22	5483
7	55	883
7	152	593
9	109	10626
0	109	4333
5	109	65
1794	41	883
9	471	4974
0	109	3944
1419	73	9908
26	92	6614
0	444	29
9	215	3154
9	765	2233
7	113	868
9	17	5455
7	206	5620
691	477	962
5	17	4350
2545	668	7312
9	3	208
175	809	4786
9	24	65
99	8	4176
9	43	6644
5	64	95
1339	267	3426
662	11	13
5	128	6968
9	8	9432
227	108	7875
44	362	30
7	204	322
9	17	393
1395	1396	10648
581	358	625
9	636	783
9	189	4724
44	22	9674
3318	278	10664
7	8	573
80	2647	263
80	17	396
9	79	706
9	128	1638
0	87	1997
0	152	697
143	269	221
184	69	624
99	128	11278
0	8	798
9	353	6846
9	8	1010
0	6	8818
0	908	1792
9	8	6909
9	128	1630
2751	538	8114
1235	24	7665
9	139	817
258	794	6504
422	13	9969
9	2022	5200
1705	167	9854
9	41	7300
25	43	2553
80	23	72
31	8	2682
9	22	8464
5	82	1927
9	8	11470
0	167	5249
0	159	783
9	193	706
0	737	1407
7	737	4863
9	512	60
9	379	4056
0	209	2400
3036	24	9390
1734	28	4074
132	159	148
182	136	2394
175	22	6776
5	8	426
3418	17	54
0	934	667
0	8	1476
0	134	1264
398	55	10950
5	91	764
0	622	4651
5	559	4201
7	564	60
9	24	1614
2500	24	7138
7	155	331
9	13	1542
251	24	2172
9	91	4971
0	8	4173
80	78	241
80	651	5018
156	3	1296
82	567	8764
2814	146	9863
46	18	1033
175	49	1202
9	13	87
9	8	99
859	507	780
66	24	529
46	87	3322
581	636	233
99	64	27
184	87	1805
1748	169	63
306	464	82
58	11	383
391	24	6584
0	11	2923
3313	357	257
9	17	751
335	12	132
362	292	5545
99	11	1070
213	54	221
2831	17	1882
9	15	5215
7	22	6810
0	137	8697
0	13	67
52	623	1517
44	24	221
7	24	11333
175	559	1787
9	73	10781
9	27	1123
0	27	9056
9	8	1787
9	55	4250
9	129	8921
2392	900	505
1597	180	387
0	53	1407
9	1191	18
7	85	4416
25	945	1877
0	55	5196
419	91	1726
7	11	563
595	53	2435
25	237	706
686	687	1295
66	24	126
7	566	2528
31	693	599
99	76	322
7	109	718
44	186	6480
229	24	1510
1159	128	2385
340	79	6266
9	8	4482
9	411	1246
99	76	129
9	145	33
31	11	6945
340	8	710
9	2544	18
1950	109	4917
7	106	8525
7	8	355
0	1070	2200
7	146	2609
7	137	28
1812	59	4755
556	11	744
9	43	4283
9	43	5032
44	106	566
99	11	1310
80	617	1121
9	19	1099
9	300	2455
0	119	6832
9	12	2956
64	3	413
1450	146	5179
0	85	221
229	24	5976
9	43	4118
99	3	667
0	38	3609
9	8	2163
7	11	4896
9	13	2611
184	11	7640
175	3	152
7	636	1033
0	109	2
1918	503	1156
9	55	7477
46	97	363
9	24	2916
7	35	679
7	11	3478
0	471	9870
7	141	6777
175	87	44
627	206	10444
377	113	197
0	55	374
175	119	3587
99	8	10221
733	128	64
31	24	4158
132	1817	471
9	601	5236
9	78	515
0	155	58
433	49	10006
7	11	5859
44	137	221
7	11	8236
7	339	1466
2417	22	858
7	206	5754
7	24	8007
242	11	383
9	91	577
31	91	177
7	43	346
0	91	1517
1015	292	443
31	503	114
1919	59	9886
0	87	1636
99	8	4030
1929	11	99
0	313	2041
7	47	488
9	15	1406
80	209	883
0	13	27
9	13	1568
865	972	9368
242	488	385
31	11	708
9	43	4300
168	109	639
7	155	5690
7	85	7530
9	926	1502
883	24	419
9	8	1964
276	470	1885
1578	109	3561
1688	11	233
198	97	2
7	8	8310
26	11	4805
0	8	9983
9	146	1264
31	119	333
7	245	5713
66	583	4560
335	3406	915
9	244	95
9	8	3882
80	2610	839
7	464	82
1705	1025	197
0	76	744
31	155	763
7	783	1475
5	109	7005
9	8	9628
31	53	72
305	120	8472
1623	17	82
9	113	10525
175	17	4350
9	3	47
9	1319	289
0	8	1907
9	322	4376
857	27	5476
7	177	688
9	169	8751
7	17	10324
1377	19	158
9	8	7267
7	55	7467
242	28	1331
80	28	233
283	542	68
5	17	7433
0	139	92
7	8	114
0	8	4134
9	919	515
175	8	3352
1575	109	663
242	11	656
46	3181	65
173	109	7211
9	51	1080
0	8	3919
0	3	4150
0	38	2247
9	8	7554
9	668	6042
5	8	6726
9	257	367
2150	159	1259
9	109	3528
39	18	2
335	356	580
24	41	6101
9	22	221
25	2423	586
7	78	551
175	269	383
5	587	1031
7	13	383
9	8	812
175	49	11001
9	91	177
7	633	780
31	85	13
5	24	9806
446	181	214
5	8	640
0	119	3178
766	28	1757
195	215	4336
31	11	563
272	17	9873
9	43	8745
869	747	1703
9	139	3672
31	146	1568
175	22	6429
165	24	6168
39	238	9733
0	146	72
0	38	1080
9	49	693
9	59	8579
5	17	11417
175	1054	152
9	322	104
0	436	11234
0	76	4745
7	485	242
229	400	5949
3265	24	10502
0	179	5882
448	406	8914
9	1475	1639
631	8	516
7	919	1829
0	22	4536
557	1056	64
383	24	2869
25	13	3975
44	65	4731
1065	1163	326
0	13	4864
0	87	7352
9	22	214
9	8	798
9	8	3012
5	19	9092
143	367	564
674	450	3690
99	339	871
9	146	814
0	73	10569
175	19	164
7	23	9435
96	113	1049
7	172	95
9	13	9412
9	119	538
31	8	256
0	677	1262
9	49	8108
175	750	72
175	11	263
9	8	7317
0	188	1817
9	215	827
7	139	6740
1245	68	3377
1923	162	192
7	22	788
31	11	233
0	2131	5677
31	586	1281
7	647	7147
110	1682	1446
9	159	1904
229	146	6213
9	1605	4585
44	24	1223
31	43	3429
0	43	1713
26	3	2742
31	286	6808
838	85	764
9	206	1849
9	261	723
5	1793	213
9	8	2914
2900	179	8743
229	146	6390
9	41	718
7	134	11570
31	91	4204
662	23	915
9	53	1033
0	11	3204
44	4	132
44	119	586
25	24	624
0	977	182
0	24	4178
7	109	557
175	11	6329
9	8	770
5	323	11485
7	261	233
5	17	1237
229	400	419
1748	49	7525
175	17	2025
0	488	7979
584	8	723
478	22	8187
0	137	829
902	348	10495
9	8	2810
374	8	6714
7	238	54
9	3286	603
812	55	611
0	292	2
9	109	180
25	24	72
5	2289	5606
1929	17	54
9	831	114
352	353	2
5	69	9928
5	78	2629
335	3334	915
175	943	1664
7	8	1620
1656	29	2
753	49	1450
9	8	6670
9	8	1179
9	38	8145
99	55	188
0	11	6567
0	43	6657
20	11	1491
1299	11	383
5	11	10050
0	6	301
1481	24	505
7	687	2580
0	55	3254
1379	202	2955
99	142	1446
99	87	1094
9	100	67
9	577	5428
0	8	368
488	24	866
9	13	4211
1956	12	434
1123	78	1451
9	22	1731
282	169	6940
1914	24	4784
1781	599	4281
9	129	2421
150	91	185
7	8	3471
7	339	10806
7	1254	5404
9	8	600
9	41	2301
83	3	4405
7	189	1540
80	24	2
0	189	513
2560	2561	1018
9	24	434
9	55	3124
2073	65	3923
9	13	633
26	17	6790
175	11	632
25	24	10202
0	109	11190
9	11	326
769	155	639
9	146	11519
26	690	208
9	159	1606
0	8	8344
260	127	471
80	238	9620
0	19	754
9	76	505
0	12	2706
9	128	7170
0	8	651
9	339	64
44	1129	8330
83	11	1221
9	49	5472
0	8	1642
83	128	9934
354	159	5728
44	381	3347
7	55	3988
0	23	6777
9	8	767
44	19	2261
0	8	706
0	22	10530
7	147	169
9	119	9844
25	167	9478
5	91	820
1019	106	2006
0	17	306
7	206	7598
31	35	6274
332	333	9937
7	8	10190
99	274	376
9	3	8542
7	292	625
982	1862	1137
168	11	35
0	167	810
7	22	5748
26	24	1310
2562	977	3591
137	155	58
7	384	668
298	54	664
0	64	2939
114	302	151
1303	24	11113
5	87	4072
2049	78	471
9	24	9683
0	43	4132
923	59	7571
7	24	2978
234	259	18
7	292	1554
7	3	9072
0	128	208
7	146	9580
9	244	1018
1949	159	3700
9	269	1870
832	239	9514
7	339	126
3237	17	54
7	8	1517
7	19	2579
9	277	7348
184	28	7786
9	8	3911
9	11	9712
110	22	6967
0	8	6961
262	128	613
9	189	1049
7	146	9466
2121	470	8926
1391	292	8588
7	333	10894
2430	109	6824
0	24	600
114	24	4952
9	8	5197
9	18	13
7	842	5854
0	128	6543
0	15	1777
9	119	8461
9	87	241
1502	167	197
3266	28	10504
0	474	513
335	570	958
9	8	260
44	64	2387
9	119	95
52	119	2601
242	261	723
0	55	1777
9	155	2198
99	8	2392
9	8	5528
1085	511	3233
7	49	1264
1910	680	619
1387	237	7741
7	406	5150
9	159	10205
947	91	1147
0	55	387
0	199	580
1078	64	138
9	68	136
332	24	197
0	559	67
175	109	1582
182	128	6015
0	23	2341
9	794	9653
83	3	10380
9	8	6602
31	24	289
445	3132	443
7	155	3
5	146	11111
2695	159	1093
44	65	55
0	17	6892
1509	13	10083
610	611	1104
9	1848	624
7	91	159
2852	1268	513
7	495	1557
0	194	27
9	97	619
9	871	60
9	1994	1466
31	35	72
0	146	10901
9	19	10287
2163	24	233
31	8	1160
242	1087	8805
31	11	2291
9	73	974
7	11	4662
2233	155	1333
25	24	3387
1882	313	624
1167	55	2404
462	113	735
335	24	5592
0	73	2914
9	3091	1964
99	8	6465
7	209	7758
262	54	3144
7	2185	5853
9	68	68
9	227	381
31	11	276
0	989	4074
7	24	5554
565	566	27
1299	8	513
165	19	199
79	188	345
1731	128	114
7	22	4119
1481	113	7419
9	8	10634
7	23	5214
138	1237	1295
9	526	4
2038	22	26
852	55	3695
372	789	4046
2547	24	744
7	8	107
0	100	203
263	215	2286
0	55	296
9	259	2638
153	794	624
9	8	624
0	24	203
9	137	5890
44	49	58
9	13	9645
3412	1797	278
0	22	6616
173	109	2522
9	336	868
0	43	10375
175	8	3399
431	55	672
0	8	33
1510	11	383
156	43	1333
160	2786	11041
0	159	3171
48	79	1705
31	11	744
0	17	4489
0	8	4066
214	49	5447
9	8	3689
214	238	8243
7	24	5882
9	11	2203
74	8	70
0	8	4437
1500	2405	1121
1674	128	64
9	24	5942
84	24	1011
3400	85	10999
2240	69	1160
9	190	5258
9	15	1045
0	128	2605
9	290	64
7	19	2038
9	13	8263
156	155	5654
420	11	44
9	238	1582
0	109	925
9	73	820
5	24	2965
0	8	8665
0	22	1690
0	91	3522
210	22	284
9	13	8370
7	8	6801
631	8	706
9	989	3326
868	2120	6962
9	19	10425
7	896	1285
9	28	411
26	85	9263
1270	1271	92
0	8	349
9	8	5624
0	108	115
143	128	1096
276	471	4810
5	91	374
7	91	600
192	367	18
0	204	104
175	271	839
7	1620	692
1114	209	346
99	8	35
25	24	4642
873	24	9236
0	1133	1058
25	24	3755
733	54	5738
9	17	54
1677	49	3862
7	43	2790
213	245	33
7	11	4757
9	29	3059
9	22	114
31	87	2155
9	121	464
25	24	2406
7	19	3794
7	91	648
694	277	1295
2019	97	9574
9	2006	1033
911	8	8291
160	11	624
178	450	6279
5	8	182
7	206	921
3050	290	9456
9	3	11586
7	85	3853
448	2016	33
104	17	10016
96	24	8152
642	11	483
9	119	2255
0	24	3098
1505	97	1765
5	85	4183
9	17	4355
728	809	1576
0	8	5824
1282	196	669
2814	290	64
31	737	1372
9	139	3902
7	76	8089
7	119	3
7	142	100
9	87	8396
9	13	9090
99	43	4044
9	8	275
836	367	1639
9	27	10545
7	11	5386
9	2153	1904
7	78	35
31	24	1310
9	113	6343
312	22	2662
813	470	6419
44	137	136
9	19	4272
433	24	1109
498	11	744
80	3056	9643
57	55	1938
5	24	4596
9	13	5389
627	996	7914
44	38	754
662	964	8634
5	24	557
99	11	6717
848	255	363
7	85	766
505	159	551
448	357	624
2835	141	3177
0	91	1503
581	12	8469
9	85	19
31	91	60
9	8	4224
648	11	3886
0	15	1562
448	11	913
0	24	1572
1548	1549	1137
599	55	1785
0	24	1333
9	54	1359
9	49	3091
9	384	381
0	436	2
9	13	7385
662	54	1662
31	11	1219
242	717	1365
82	24	2838
7	17	10503
9	8	1428
0	8	5591
31	2570	10368
9	1631	787
9	8	83
0	22	3969
0	146	289
9	8	3543
99	356	302
866	146	229
516	24	10191
26	17	82
26	11	4124
7	146	2491
9	8	10318
9	43	9940
7	169	63
5	8	4928
7	23	7150
9	208	4121
9	92	63
9	1894	600
619	97	6181
74	22	70
2284	1067	107
0	8	3197
9	339	72
9	8	6484
332	612	679
9	8	2785
2602	11	7494
99	64	221
1209	113	3223
9	91	65
7	3	595
0	190	140
7	12	427
505	8	11424
9	49	8120
0	43	349
423	62	1228
5	259	1997
679	109	0
5	19	1929
516	22	6980
863	693	29
1772	1478	33
82	167	7239
0	79	798
5	491	3459
7	24	1998
175	17	2811
584	159	1285
2492	23	4
420	323	354
9	24	3569
0	1825	27
9	53	2307
0	17	11049
9	8	635
9	56	1720
1041	134	6506
7	373	1420
9	65	2127
9	373	9371
9	167	533
7	202	9690
7	384	33
132	427	5293
9	488	6462
25	24	6608
0	8	3473
966	11	332
99	19	6837
31	8	9516
9	8	1476
9	8	449
0	645	2
2366	2367	6557
9	109	6777
9	17	7345
9	45	26
0	1201	4338
2552	747	114
422	238	8549
168	238	1187
2275	186	10239
562	765	387
9	239	1080
9	8	3917
0	55	7493
627	94	9636
1924	109	1001
58	23	4262
2684	1128	2246
7	24	509
335	186	5583
0	24	821
800	208	311
0	12	4134
0	8	1398
0	55	9199
7	11	5694
7	155	586
9	109	213
7	94	4011
335	205	8696
0	8	988
9	384	8280
5	4	4489
0	375	582
9	105	625
9	173	1487
0	43	301
7	11	4413
9	23	2497
0	24	438
44	22	7863
31	22	128
2270	1225	72
7	91	2683
0	13	9667
377	12	4
556	2053	4590
7	8	10128
7	196	35
3139	474	4399
974	76	10309
0	193	10584
9	85	221
7	1005	3875
0	8	6756
7	11	8925
2721	476	6362
9	137	3252
214	1078	3205
857	8	777
7	3	107
9	8	9527
143	11	2619
448	1233	1100
1688	11	4494
99	972	8030
9	55	83
0	24	1581
428	76	95
448	8	1519
213	11	1829
80	11	1238
892	22	1760
138	94	8447
9	172	1912
9	507	1379
7	102	177
9	87	60
1929	3	679
80	87	48
9	586	1918
31	11	1780
7	167	434
7	24	7531
9	384	5501
9	11	8828
9	23	18
0	140	7999
9	87	10816
874	85	8107
9	97	783
9	79	346
9	55	6147
3507	24	114
99	778	3680
9	8	8954
7	245	809
7	11	3617
7	137	1778
7	76	5122
175	8	1571
99	12	625
9	315	353
478	181	284
648	13	10638
0	633	1972
1287	13	4634
810	152	10204
9	28	335
7	102	105
498	3	7134
9	55	3109
1293	12	1423
44	8	5052
175	11	99
1807	22	4132
5	76	9306
3329	120	6158
7	76	27
80	979	182
0	315	1109
0	64	9775
7	22	753
99	8	13
20	11	197
31	6	333
1134	47	35
0	85	1070
0	8	953
769	24	837
9	17	8798
9	172	1995
9	19	3147
5	35	1478
44	24	8803
2409	12	4886
0	485	221
724	28	10959
1438	85	1264
5	78	5576
9	73	3018
41	1124	2314
630	3	138
44	155	58
9	11	1992
374	73	289
165	8	1319
31	495	1083
886	747	3999
46	87	5991
557	215	631
2873	238	1100
658	134	6806
7	339	8651
7	8	104
31	23	4619
44	651	648
110	507	8377
9	3260	10469
0	8	4396
175	11	2803
1891	1892	4657
306	1333	82
9	79	25
7	55	784
9	109	6414
171	208	7655
9	179	310
168	690	2803
31	239	92
2362	11	727
9	73	8444
1679	261	551
260	159	1528
335	292	1968
498	22	6486
7	29	5374
9	55	7003
7	85	500
0	278	10794
7	1696	33
422	8	970
335	215	10783
1859	3328	3432
0	141	1927
7	106	5504
9	45	9811
9	204	1726
31	106	2047
7	1254	561
44	623	1926
330	406	1042
175	113	6217
2100	8	2047
57	8	3180
99	23	4366
2389	129	214
31	85	3222
31	22	3278
1015	484	9243
96	333	387
823	8	1617
7	11	9395
9	8	9797
9	24	9993
58	11	1123
774	199	3673
5	159	3847
2201	322	723
2259	24	6099
58	1452	152
0	24	4115
138	702	363
2510	267	1196
7	76	625
9	19	1031
9	8	591
383	400	2172
1034	1268	3123
751	181	1778
9	55	4988
9	41	258
1635	28	13
2098	13	883
26	11	625
9	87	1070
0	129	538
673	169	3580
5	64	1829
0	11	1780
9	503	9059
2989	85	559
0	616	11350
143	97	241
9	55	8255
894	19	164
410	54	5998
63	141	2560
31	35	624
104	62	751
742	956	10304
9	6	182
99	209	222
0	647	3919
499	819	126
7	87	464
9	1190	11552
31	245	777
9	19	2103
9	22	4847
9	13	203
25	43	2191
9	56	445
9	159	10651
465	277	3930
516	24	3060
9	189	233
7	1070	177
1040	45	6752
733	1068	3734
7	8	1208
9	8	2074
166	24	10615
163	164	195
7	53	515
7	1061	467
2891	22	8711
7	13	7067
0	8	1208
995	97	744
5	3	8173
596	18	185
1984	109	1264
80	87	7562
0	179	30
175	11	74
25	24	709
7	146	8864
2664	336	2314
9	1436	18
9	238	651
150	8	2052
9	482	787
31	472	656
7	87	6746
1120	17	18
965	348	60
9	238	72
7	8	1705
9	55	185
9	8	1080
175	128	114
0	55	2801
1043	1732	580
138	1343	54
335	128	3476
9	8	10430
378	434	678
48	8	569
0	358	9288
