11022
47	434	53
10	185	199
989	126	88
2	215	2725
273	145	381
999	14	1772
273	118	2334
100	20	768
1152	74	53
0	108	990
2	65	144
2	251	3431
2	12	243
0	46	39
4	30	1866
0	155	124
2	72	103
167	398	158
0	6	1465
79	8	95
13	1315	756
1527	171	248
0	108	900
124	30	2117
0	91	2686
1477	917	3361
10	90	112
0	21	1
47	46	2099
84	5	2104
17	137	21
124	11	74
0	55	3750
2	192	462
373	14	245
13	979	739
15	65	288
0	134	806
10	87	81
454	98	1654
0	316	1744
239	30	1453
2	252	881
0	908	538
4	56	58
1388	522	884
0	107	1935
0	12	3914
10	103	530
89	20	153
207	5	1063
0	1077	1214
0	6	1531
0	357	193
2	6	2681
2	21	286
273	965	381
0	9	2896
1136	1137	2342
15	11	1102
2	69	643
1608	765	199
17	23	2994
667	40	82
273	8	49
176	1132	111
15	11	318
2	34	1459
2	91	2773
0	204	2477
0	46	2173
2	134	277
0	311	124
0	8	4
370	141	151
4	98	4027
0	215	326
68	231	1600
1094	191	1484
0	815	343
4	435	652
0	5	1214
10	45	4090
451	9	971
0	30	650
29	116	553
0	86	501
0	83	3368
13	8	1037
394	1129	4063
15	103	82
0	54	2285
124	6	352
0	144	2145
150	54	2711
35	14	454
13	8	1447
0	247	322
0	759	649
1319	60	502
29	11	390
0	215	969
79	192	3108
273	26	60
39	183	34
0	8	1081
167	191	104
29	6	23
13	118	90
66	8	104
47	5	248
17	8	616
667	1199	2606
0	311	1795
0	20	2466
1177	30	1575
0	1667	23
2	92	3829
0	127	2213
0	83	787
0	25	197
42	43	351
31	288	104
0	11	3441
17	121	410
131	8	692
10	25	611
0	887	450
79	8	2616
0	65	110
79	853	4083
496	917	3156
10	6	148
29	871	1580
0	25	776
1655	1125	243
15	46	412
50	23	17
10	177	502
0	30	442
0	240	2129
10	8	1840
254	159	60
79	14	2033
531	897	1650
1460	173	95
79	380	564
1600	228	3867
29	330	1613
4	312	4038
13	499	756
0	103	216
276	60	4058
0	63	251
46	6	791
1153	72	454
0	811	384
0	56	326
468	912	2
0	228	3555
2	55	1171
13	1004	1994
17	14	2258
2	6	284
362	8	3087
2	139	2068
79	419	349
100	91	188
100	26	540
13	336	2624
0	97	400
0	6	112
0	45	3980
53	69	217
2	297	228
235	6	45
50	188	1023
10	9	1350
2	6	3557
29	330	2131
13	128	1306
10	46	1
0	127	1940
79	14	199
2	55	39
17	8	287
0	727	3509
1301	231	245
10	1053	21
179	1064	322
66	134	630
0	240	63
140	141	658
1262	228	2704
29	802	228
0	103	3575
10	103	469
79	8	4156
10	222	374
10	21	16
17	264	3062
923	8	158
0	198	493
2	3	203
10	88	309
662	103	1318
631	767	494
10	30	2456
2	763	578
10	6	2235
0	8	235
1486	137	999
0	787	1793
0	8	319
29	21	286
0	261	3602
0	30	976
17	121	657
0	264	73
0	65	59
0	128	1193
29	30	3298
15	365	318
2	116	644
655	20	48
418	378	621
143	14	381
79	26	2819
574	60	54
0	88	1
10	134	158
47	753	90
79	20	16
0	6	1
0	193	225
2	21	216
2	55	3260
176	14	1667
79	231	2600
13	91	2
17	107	2595
362	8	1392
100	231	1441
0	145	3628
17	8	1346
10	30	320
1539	205	999
2	445	624
0	55	142
273	191	1223
1108	126	431
100	245	502
17	215	322
2	214	629
82	23	2448
0	32	262
13	25	98
10	23	1543
29	23	2566
10	6	355
2	11	653
1094	191	26
0	6	194
47	559	2304
2	813	396
510	22	2970
100	251	804
273	8	344
50	5	752
1418	392	49
79	455	526
2	6	3283
0	238	2388
0	228	2978
0	238	1
35	54	291
124	465	3338
0	228	2726
0	86	2261
79	288	511
0	34	3728
715	753	1136
0	228	1722
0	284	1058
0	6	129
68	18	1427
17	30	2979
2	103	2037
585	63	1757
614	615	153
0	1580	343
4	139	173
0	205	932
292	8	729
15	517	517
2	103	45
15	460	144
2	9	687
0	267	1473
0	116	149
0	231	820
100	134	500
2	144	1642
24	253	331
17	46	2933
13	6	2880
89	54	1792
0	237	18
29	72	1871
15	441	205
10	8	1728
0	394	993
79	8	398
10	132	16
0	26	1335
510	231	1139
2	87	21
0	60	242
333	191	4151
1590	88	74
15	87	394
273	8	245
0	177	2612
13	97	90
0	316	454
13	26	2579
275	6	203
0	34	2376
167	20	4106
4	490	58
17	30	363
1575	6	3767
29	30	392
0	151	158
79	32	199
15	30	2636
138	931	874
167	108	392
0	231	1233
0	141	554
0	14	2258
1215	88	2591
1286	28	1886
47	46	4016
651	141	1778
46	349	390
79	385	287
38	81	245
79	177	752
2	6	1589
124	21	783
856	9	3712
15	8	695
270	298	530
10	183	2622
79	449	248
2	6	1499
0	8	88
79	149	564
0	376	300
29	30	3302
124	132	16
2	6	90
29	816	667
13	145	1793
239	1682	4167
1175	400	2585
13	449	11
0	240	2695
2	222	203
197	91	2195
0	8	4110
17	1110	58
10	8	293
10	30	390
29	186	90
1359	8	229
0	761	3149
2	797	835
0	251	3377
780	11	1338
62	74	901
13	251	526
29	157	222
242	14	1461
812	220	88
13	198	493
10	92	18
17	8	43
0	46	74
0	180	1717
13	508	1117
100	692	3730
510	212	1422
0	5	328
4	56	2365
62	74	952
216	191	88
0	45	456
0	316	3069
35	8	88
2	137	254
13	54	1931
314	241	819
47	8	616
0	6	23
100	8	2354
10	30	796
79	108	163
124	1529	374
100	157	1264
0	112	2757
109	8	343
216	9	58
0	87	2746
0	103	2405
68	8	700
4	312	384
2	103	1132
17	54	1376
0	103	1036
0	92	130
880	23	733
50	6	1
13	336	758
4	74	943
555	316	500
2	30	1525
66	484	1540
66	8	2801
2	65	76
501	8	2330
27	72	195
79	76	3408
2	125	403
0	88	74
491	5	236
10	23	244
2	23	367
17	8	475
1628	816	3945
2	23	1154
62	74	2162
1036	177	222
0	21	1925
0	790	2623
15	103	1913
0	103	618
2	347	203
50	23	44
0	231	1122
216	445	3778
0	26	250
0	30	3872
79	177	3816
708	9	1509
0	180	2581
13	137	1669
0	6	2491
0	1092	1214
239	442	91
82	183	945
2	55	1768
826	231	1919
15	65	532
104	105	21
150	389	475
4	115	103
100	8	431
0	850	193
13	141	4069
0	103	76
10	249	2434
1146	141	151
2	231	392
242	145	311
2	46	3065
2	5	326
66	8	2489
0	177	184
2	55	124
0	153	3509
17	8	392
15	83	4150
254	23	423
2	297	11
4	198	89
15	61	523
124	11	570
0	34	23
571	257	124
10	88	707
0	116	295
29	311	1
518	40	1529
216	20	221
15	46	571
79	240	199
17	23	2206
15	119	119
0	23	2358
2	306	2117
2	185	22
730	8	58
715	394	2660
0	12	1659
0	215	2888
10	394	2857
10	3	158
38	40	475
0	8	616
669	74	1638
0	199	2268
2	155	124
0	609	326
10	8	2671
0	297	624
468	118	657
2	91	1984
15	6	535
936	56	895
2	11	3418
0	1237	2641
1175	228	2487
17	6	3288
17	5	236
84	14	760
243	14	111
13	492	4158
10	215	74
0	55	363
10	26	343
4	23	53
0	218	3475
10	88	2505
29	215	981
10	46	517
0	177	764
15	8	293
13	6	352
100	191	1707
2	103	583
150	389	208
0	30	1041
29	41	90
0	676	3529
0	72	382
79	8	21
17	6	1662
662	6	203
0	8	127
79	127	217
143	126	2553
0	603	578
17	412	614
716	56	2222
15	23	1051
2	6	313
2	55	1831
2	103	228
10	405	23
10	228	4064
53	54	47
0	155	1
0	103	1497
10	25	443
0	1654	124
15	6	469
0	25	1531
2	387	1926
4	8	304
10	218	523
166	72	605
124	6	2081
0	116	144
0	116	2099
10	9	2408
0	502	100
1520	141	586
15	192	74
0	320	2477
10	119	1411
4	8	1305
0	105	2496
167	191	26
2	65	617
2	55	3635
62	730	2702
15	449	3644
68	30	847
0	144	624
0	74	854
0	210	58
197	707	245
0	205	678
13	46	72
4	220	80
0	86	1938
273	8	720
68	54	1251
31	25	26
10	237	137
62	917	3410
0	9	4031
10	866	230
10	210	63
0	521	352
2	55	1097
0	14	53
0	55	2257
13	8	832
0	65	47
363	317	1319
0	88	1863
553	45	254
13	9	3804
0	274	158
17	251	4
0	220	91
2	91	3629
10	65	859
7	51	23
0	34	222
0	912	4029
29	91	295
29	421	170
29	6	82
0	6	2190
17	23	213
2	251	328
667	615	245
2	173	36
639	74	63
2	116	115
4	14	340
2	21	203
1135	257	700
1133	522	73
10	120	2028
13	30	2381
0	137	38
0	23	590
0	912	3230
0	908	1484
167	484	21
13	374	825
15	78	70
1233	40	151
597	149	819
0	8	2926
273	156	381
2	26	103
167	121	58
79	20	728
1413	288	399
124	55	863
1630	8	87
79	328	21
2	141	385
29	25	861
29	6	1981
0	210	586
1094	26	2770
0	141	1311
0	688	2577
0	127	624
0	231	3856
1635	1636	163
0	317	534
2	811	1430
47	8	523
0	8	1631
79	177	229
523	30	502
4	231	1424
4	484	785
273	8	58
2	30	1689
50	231	752
0	6	354
0	60	3879
4	548	237
0	55	2332
0	106	2941
0	72	44
0	520	2619
501	26	3436
0	8	119
989	126	167
29	56	2295
273	8	431
0	46	1836
10	6	12
15	55	104
0	6	16
79	1283	21
0	188	63
0	247	21
2	139	3251
10	60	226
35	54	373
101	268	98
10	1240	363
15	6	144
15	6	1
0	177	500
1448	381	326
4	198	226
10	11	142
0	46	2423
0	30	45
273	98	158
0	732	1239
10	228	3451
491	20	250
50	315	833
4	28	49
2	222	374
10	34	69
31	20	399
4	433	195
15	153	763
0	238	502
13	45	886
140	128	158
29	55	1733
0	23	869
2	12	1545
588	1328	34
0	137	436
15	55	122
0	128	1872
2	802	39
29	228	3360
10	65	2184
352	141	3186
0	9	1140
2	88	394
0	25	2618
10	30	1653
0	1328	3027
1184	8	1263
17	28	2966
359	157	3146
15	215	124
571	46	21
66	450	1631
2	30	2554
0	119	695
2	263	3526
29	6	2208
15	237	418
0	107	2783
10	297	70
17	1511	3
17	91	513
0	411	110
2	153	100
13	545	3055
2	116	864
79	577	4042
79	1513	36
10	487	155
10	298	530
4	1256	494
79	419	1631
68	913	1758
10	339	961
13	74	396
1427	30	2721
580	23	17
13	204	4081
0	91	554
50	6	3352
113	114	110
79	149	163
0	759	1793
0	130	2726
597	26	540
0	757	456
239	126	55
4	613	92
235	30	45
31	56	158
0	34	2091
362	8	87
0	233	21
15	12	1823
100	25	250
239	231	344
29	141	385
79	8	2271
10	237	11
29	60	248
655	20	580
50	383	574
10	86	787
812	191	88
167	76	575
4	376	628
38	231	2104
2	474	124
0	311	552
0	3	1
0	263	171
396	118	332
100	231	547
0	30	352
17	8	470
0	23	1389
0	30	374
0	316	3708
17	8	15
100	1709	144
17	661	1085
15	144	530
13	6	3468
29	173	76
10	46	21
10	228	2242
167	8	158
29	46	29
2	8	163
0	37	3501
27	1642	1602
2	23	3572
0	577	326
706	5	47
0	192	1833
79	63	690
0	238	250
79	455	127
79	63	36
0	725	962
0	34	649
89	20	3385
0	72	534
2	86	2554
418	106	38
13	6	137
46	6	352
937	134	158
0	14	963
0	107	2095
10	106	322
601	602	967
50	103	471
79	23	3329
50	45	38
13	8	299
17	392	2664
651	141	2904
2	11	11
4	56	77
10	145	437
332	231	343
443	74	217
47	23	1238
79	127	540
2	6	237
176	14	34
0	194	1324
1380	45	999
236	76	153
29	55	124
2	103	2609
314	315	445
50	8	440
15	8	2089
296	698	517
79	134	2459
17	177	184
824	188	3246
10	6	1490
13	256	1136
1362	1363	36
10	1588	3149
10	269	2279
15	103	1793
0	103	110
10	311	751
13	508	1047
1436	240	3244
0	304	419
15	6	288
0	689	937
1287	14	53
0	228	3231
13	593	756
68	231	761
2	173	263
0	543	846
4	14	304
0	116	1663
637	231	475
0	106	3044
167	98	158
13	45	250
2	137	38
31	381	2482
10	6	2380
2	55	88
29	517	1426
66	735	1221
216	210	73
0	1035	3384
17	177	500
66	115	1631
631	548	237
17	34	2123
0	6	583
254	30	3020
313	34	4182
124	6	284
794	8	88
15	11	517
15	46	797
50	5	229
2	144	2093
13	263	1954
10	46	203
0	23	3125
2	139	4173
46	103	798
100	45	1648
597	228	4161
0	297	70
10	116	144
2	132	286
0	177	1396
0	116	3543
0	106	1793
2	88	2248
590	591	946
17	116	21
38	14	475
15	103	296
124	6	930
15	6	3534
0	221	751
10	210	88
29	1139	3694
0	205	3789
79	23	2318
0	787	361
0	91	4092
849	20	65
10	103	228
1303	264	563
29	74	63
0	205	1372
1043	471	624
29	6	998
10	86	802
189	20	221
4	14	3935
66	8	551
17	22	1074
571	55	115
10	119	878
0	103	1228
2	116	4047
50	295	578
124	125	124
2	88	2093
167	139	163
13	547	1755
2	177	2217
2	215	124
2	185	2984
13	157	222
13	34	423
468	54	2
292	8	620
0	188	73
79	20	1520
0	316	3784
1271	126	431
0	251	63
10	8	900
1341	126	88
0	116	578
0	263	667
0	25	392
2	205	1568
314	686	2150
1097	23	2484
29	173	8
124	11	144
0	215	747
327	14	852
1408	141	151
10	198	323
0	802	853
140	141	450
17	26	91
333	76	153
124	215	2192
197	157	87
641	76	2170
79	245	103
872	34	513
0	8	3830
854	40	100
124	83	368
15	144	144
4	8	3992
100	374	21
46	6	203
0	25	1082
0	30	260
2	63	1659
13	61	523
68	97	392
29	279	363
1149	91	328
285	72	3011
10	28	3922
2	83	228
0	34	283
15	237	11
0	30	1690
0	18	914
13	26	20
0	20	378
1632	218	36
100	20	2029
13	6	961
916	30	1715
79	76	162
0	156	172
239	231	573
2	215	2960
15	46	768
68	9	3833
0	215	913
2	23	727
4	14	159
66	126	1457
0	92	88
0	198	322
0	82	392
286	141	385
13	14	1504
254	91	167
1332	56	483
1424	40	297
2	198	103
29	55	523
1249	6	23
10	302	571
15	14	11
79	381	774
0	11	978
0	6	1547
13	471	624
1154	20	245
447	231	1099
216	9	1370
68	913	184
0	103	469
29	6	578
0	65	3975
29	103	99
94	9	87
79	177	1835
2	65	471
273	8	3159
13	231	696
29	23	222
0	192	1450
29	246	115
990	483	2758
2	947	286
2	8	729
79	32	1710
510	139	199
276	76	690
17	251	616
2	220	263
0	240	1878
10	381	11
10	171	261
0	128	3569
2	54	4005
66	8	728
79	288	787
2	30	2117
124	225	4099
15	6	124
79	177	1469
2	46	1339
2	103	3549
608	91	2403
17	177	227
656	484	144
2	228	1801
29	155	2232
2	116	571
0	45	1107
29	30	1391
68	145	180
4	72	2780
273	873	1583
13	128	649
0	23	384
391	8	582
0	56	3850
501	20	747
10	103	286
79	20	1694
4	231	158
0	83	705
29	57	111
29	8	334
79	108	1083
1271	126	3317
216	137	603
62	64	2915
0	3	623
15	263	3957
0	6	500
125	11	1276
124	11	1573
1348	816	88
0	55	124
404	43	36
805	240	1418
124	215	1208
0	23	73
0	90	11
239	442	1340
2	128	1675
955	317	475
15	6	216
0	12	37
2	298	758
79	231	291
443	56	173
0	263	873
0	103	1031
79	350	2418
38	14	33
0	55	263
79	23	1566
10	103	516
79	455	680
2	411	1834
10	116	3193
38	231	167
0	137	1138
15	30	2645
0	20	747
66	134	158
13	8	424
2	6	392
391	127	3143
13	205	73
614	191	399
4	177	526
0	582	47
968	192	1889
2	88	390
13	231	761
10	5	820
15	759	1323
1609	470	1983
0	87	11
2	847	47
4	32	307
695	91	248
79	34	2179
0	55	243
0	780	335
29	183	417
0	34	722
10	144	390
510	34	2238
273	433	3074
50	192	860
4	381	158
44	45	38
744	8	91
0	316	424
0	25	3013
124	30	2658
10	6	8
66	30	956
15	6	325
79	32	1529
10	11	1387
2	139	578
70	14	63
0	61	381
124	6	203
1074	1075	2186
15	185	11
0	1659	4037
0	382	1311
15	440	2261
1014	28	322
17	436	1466
17	45	2324
4	23	17
47	251	2971
2	6	618
0	103	74
17	91	328
0	55	943
2	6	374
2	471	124
10	440	2214
17	26	1813
15	23	906
0	106	1107
167	105	21
0	14	1773
7	6	318
17	609	299
4	36	299
10	46	704
13	103	1
10	6	1947
0	257	124
10	449	15
0	1576	3770
17	177	1398
10	116	919
31	20	104
10	103	374
2	65	176
79	827	226
4	32	200
2	144	263
2	511	35
1287	40	297
341	30	706
62	74	2634
1666	20	73
10	20	144
59	34	1472
15	6	626
486	878	3253
100	538	837
10	890	173
167	54	164
79	8	1457
0	14	167
15	28	909
1543	964	1235
15	5	3409
15	87	1839
2	65	1258
187	188	217
518	40	3155
47	54	1187
15	30	1836
79	76	1326
10	55	507
124	520	2914
15	471	3659
0	46	4136
1327	493	2989
10	257	384
0	991	456
15	144	21
0	55	2087
29	60	3267
362	8	4174
100	8	616
10	153	2109
15	34	1042
15	65	726
17	8	195
4	1348	180
0	21	246
667	241	847
124	237	1
0	26	1818
395	148	540
0	1052	158
13	220	90
0	88	460
0	231	91
0	887	158
15	103	1318
623	34	1004
17	400	937
4	458	4013
0	445	751
2	220	1999
15	55	284
13	159	88
0	116	2361
2	55	2504
79	20	104
0	23	2566
2	421	158
0	25	1816
2	8	392
10	177	158
0	8	443
29	6	2999
0	6	355
606	45	38
0	139	933
0	925	502
1286	28	49
17	30	2381
0	215	578
0	8	40
176	14	53
2	215	11
0	224	3224
2	21	778
2	11	219
42	159	36
10	55	366
17	9	687
17	134	1517
665	419	586
2	60	1971
0	6	1412
0	220	502
10	1700	1921
0	192	1236
13	591	91
100	330	130
2	133	3359
100	735	1221
2	34	11
68	284	382
0	74	1666
17	265	2600
100	875	884
333	20	21
79	157	3335
13	251	804
15	249	1082
384	6	535
901	40	158
0	198	343
15	8	3984
10	9	5
2	30	667
4	28	2204
124	87	79
2	381	860
79	28	4
68	278	375
0	74	297
79	8	931
2	23	3726
0	257	2713
2	264	222
29	6	2176
80	231	245
2	128	1809
79	8	500
2	5	248
27	20	1909
0	6	951
0	61	860
100	191	614
2	132	2027
29	6	3603
0	21	726
101	6	1902
15	55	2191
13	263	38
0	316	728
10	177	184
0	128	2122
17	23	304
15	65	45
768	231	500
0	116	1616
29	8	729
17	192	1188
79	350	3563
856	9	1281
13	103	1743
160	261	2538
2	116	641
321	897	586
2	23	304
0	116	2117
0	198	3883
10	30	318
124	60	902
667	14	73
15	6	18
2	61	1283
29	148	629
10	520	802
13	263	1953
0	11	2555
273	8	913
29	34	2378
17	74	63
0	6	3807
29	116	2823
2	14	1516
10	192	1579
314	121	2542
0	16	571
2	6	2316
10	56	69
1585	318	3790
0	238	110
2	132	3661
50	8	700
207	320	2831
2	88	571
17	28	540
50	8	1361
10	215	571
66	177	1285
2	91	481
0	881	21
0	119	302
29	228	414
0	231	1396
10	46	571
17	6	1846
166	60	418
29	297	11
100	106	712
0	141	235
4	8	1481
10	297	802
2	517	21
66	8	714
42	479	716
0	174	167
273	8	195
273	8	1240
15	103	4102
825	55	124
2	1142	2379
13	205	3452
100	504	4125
0	135	127
10	55	255
0	107	2911
10	376	170
100	56	3392
10	30	2160
4	56	373
0	612	3434
4	14	245
0	28	3600
1259	45	384
0	6	124
15	11	11
79	56	1457
2	121	418
2	65	1858
0	879	683
2	40	104
0	126	195
62	1253	3871
29	65	1832
273	231	720
0	210	692
124	83	517
0	72	261
0	37	47
2	134	1629
0	467	114
7	60	2461
10	374	334
124	127	624
10	30	1
2	46	1039
0	21	1255
0	173	2074
2	11	517
1022	20	21
2	60	1255
273	610	381
360	316	528
13	335	90
2	128	93
326	20	2369
62	322	3924
140	141	319
0	9	1701
0	121	2973
13	1450	21
10	46	578
0	46	1030
326	20	3891
29	30	1212
0	71	95
459	237	2390
10	116	1525
10	215	100
46	144	218
10	103	1039
273	815	502
2	738	38
31	1219	909
4	26	53
50	861	2136
2	103	216
15	436	8
529	228	3365
167	28	322
17	28	349
46	87	394
1234	54	2637
333	1653	2231
0	55	1547
468	8	2
15	23	988
15	88	205
2	137	1273
75	135	575
262	91	1120
989	191	3895
13	9	171
10	198	781
50	204	1268
4	484	86
50	26	2579
0	6	1090
4	149	163
17	605	502
0	28	312
0	9	1877
2	439	19
46	268	352
0	188	352
641	1144	261
15	23	423
17	40	3093
2	21	158
15	30	2361
535	20	21
79	76	1960
1399	107	3823
236	177	4129
17	860	1562
0	116	731
2	421	184
13	8	222
649	69	504
0	316	95
79	240	392
10	87	2088
0	126	452
15	21	2258
0	46	1874
0	237	368
29	30	743
531	215	3343
10	8	1534
0	231	3372
15	21	22
518	81	795
15	11	2957
10	8	443
0	215	1208
15	23	495
273	8	637
13	91	245
82	14	34
10	74	297
669	54	2126
2	381	523
0	23	3014
15	25	1713
150	389	410
2	185	1578
2	23	2195
2	45	88
4	801	92
84	707	167
10	793	1623
140	897	586
0	121	1078
0	215	517
2	298	1596
62	92	3625
17	264	130
66	8	1147
29	6	2191
2	221	275
15	135	68
10	144	624
50	6	3
0	171	943
593	1247	2666
89	135	1937
207	25	373
2	21	3476
0	103	374
17	6	698
363	14	1354
29	400	3680
10	9	2537
2	269	11
124	30	2903
4	307	3639
13	499	158
13	263	332
776	82	58
675	317	63
10	11	517
2	132	632
29	521	808
2	218	585
15	12	11
15	132	286
0	45	328
29	971	1
0	467	2422
13	263	2972
13	256	1391
4	231	304
29	6	288
0	87	16
68	20	144
0	145	1151
0	25	312
2	46	113
79	231	884
62	63	1451
273	8	3540
0	625	213
4	72	258
0	30	103
10	106	2359
0	132	137
10	8	424
79	231	397
0	195	228
15	1045	820
534	30	834
10	103	1074
68	92	334
0	679	1129
0	65	471
131	8	136
2	215	315
0	157	444
143	28	49
13	8	1269
17	9	2427
100	20	1255
50	379	53
15	30	247
89	54	2116
2	6	926
0	12	649
444	445	306
2	103	355
17	8	3038
0	34	1197
2	65	275
0	6	789
929	121	1746
124	30	562
0	297	1601
0	61	392
62	72	847
451	40	248
10	603	228
0	198	319
70	8	443
13	251	1838
1069	149	88
273	54	1042
242	8	692
0	268	352
13	98	158
2	21	961
0	34	2468
143	14	156
13	134	158
7	103	16
29	173	95
531	517	168
62	74	53
2	190	222
79	105	1529
62	183	2137
17	91	343
124	60	4117
79	72	2759
15	54	143
0	329	728
2	132	617
0	8	167
10	962	635
937	14	3066
0	72	248
15	817	1551
29	65	2120
79	300	493
167	30	733
1461	30	980
0	106	1566
0	689	1579
2	65	390
2	3	173
0	145	3376
0	374	3227
29	65	1531
0	264	3064
0	65	374
651	141	1069
910	251	984
10	6	146
4	63	158
29	222	11
2	251	804
100	165	322
0	74	63
0	103	203
2	134	162
0	545	12
0	65	275
413	8	616
124	116	617
0	23	1260
10	8	2224
1118	453	2294
79	8	1928
0	128	1659
1507	284	253
79	231	2443
2	153	1954
13	599	957
242	63	58
0	30	2500
79	30	127
0	221	286
15	204	893
0	107	95
1304	8	87
15	215	11
254	45	2228
15	87	390
0	1240	2087
13	46	3842
2	30	2135
10	135	116
0	185	411
15	65	16
7	256	48
15	441	570
29	34	16
0	30	623
4	231	1539
0	522	73
0	129	134
2	45	38
2	20	2581
0	1141	2372
0	23	838
10	34	648
0	218	2166
0	1137	667
29	55	90
867	228	3637
15	14	1405
47	231	761
13	139	158
2	103	1375
736	228	55
15	297	11
2	192	144
15	23	3477
0	228	2265
1373	103	76
10	9	854
46	144	1890
53	20	65
270	185	2074
950	5	977
17	28	236
13	45	1107
10	65	316
0	14	3046
0	9	820
1152	74	88
167	26	500
0	14	4137
13	30	3293
0	251	3112
10	8	222
79	455	109
0	177	505
2	678	2946
15	153	318
4	34	126
79	1090	2
10	228	813
29	103	449
48	49	3421
150	389	164
216	231	2409
0	40	2590
10	34	144
0	400	21
2	46	29
29	103	1185
29	205	910
0	449	590
4	8	502
0	63	893
314	121	1282
0	192	757
2	372	275
10	60	3742
17	34	2971
50	25	95
66	8	820
79	1513	3523
50	30	1633
4	92	58
0	157	729
491	615	1466
4	134	1626
4	72	165
1668	1669	617
17	8	1155
1491	192	3401
62	14	63
0	1020	1358
0	609	322
0	258	158
2	107	306
0	183	396
13	91	248
0	215	707
1076	251	328
0	228	1288
2	231	454
2	30	962
2	91	1080
0	40	3749
633	20	88
0	87	361
0	688	692
29	6	469
420	330	384
4	177	3026
142	8	154
0	55	368
901	8	1919
510	511	1060
2	46	392
0	34	63
62	74	774
0	8	1599
0	30	1501
124	1619	45
79	381	1263
0	268	99
0	18	163
79	63	180
2	246	144
1584	23	222
15	103	144
13	765	332
404	1351	351
50	116	3861
0	65	1337
10	6	47
17	121	167
62	322	2065
4	231	2307
0	106	104
2	11	203
181	182	208
15	347	82
79	240	1710
10	394	588
15	88	218
0	185	2422
2	25	861
10	813	563
0	55	776
79	177	1263
13	251	2808
10	65	374
10	264	300
10	86	124
0	228	1599
0	6	2481
2	103	449
15	21	137
13	20	250
4	8	1886
167	1131	392
13	952	90
15	11	477
13	65	45
0	302	112
82	434	939
0	177	533
0	543	343
1647	1648	586
0	128	21
2	40	2590
1544	1545	82
50	5	502
2	334	158
10	171	1977
17	8	1425
0	56	1670
2	719	2292
0	192	3612
29	26	343
0	228	3013
50	6	23
0	231	794
35	56	608
13	926	1740
0	316	250
216	218	621
17	8	1028
13	6	817
4	37	193
79	455	180
29	168	198
176	376	1667
0	8	3876
13	8	746
4	123	1798
10	54	1268
15	3	517
0	702	300
0	87	142
4	490	304
685	686	1018
10	231	1139
15	86	158
0	144	1964
4	36	502
15	6	1490
17	185	1171
4	198	170
4	145	299
0	228	1816
523	128	1872
13	103	137
10	23	713
29	30	962
10	97	226
0	20	113
29	21	109
0	6	469
0	258	326
0	256	2605
15	506	3828
15	6	3
1476	14	95
15	678	347
10	231	159
706	20	82
0	594	3325
29	251	3389
823	433	605
2	98	158
510	231	294
2	103	1
1651	732	88
100	231	195
854	358	158
143	231	304
496	23	3819
285	8	1139
15	30	517
10	65	45
13	91	297
15	277	374
2	116	4122
254	368	300
2	192	441
10	30	2135
4	8	4023
10	748	319
2	508	1529
29	400	2233
0	30	1
79	300	679
0	112	390
10	381	1047
0	60	127
395	40	1056
352	973	586
1581	897	3777
13	598	3707
0	45	322
167	484	3048
79	257	1224
524	251	2708
167	20	942
1326	9	328
0	88	182
79	76	363
10	46	94
721	218	1199
0	319	4184
13	6	16
10	103	16
0	54	3845
0	1391	11
79	827	287
79	56	1214
68	284	1148
0	1293	58
17	91	113
29	139	388
0	25	633
29	802	1805
10	90	83
38	231	475
447	668	1216
100	30	105
29	6	626
430	8	700
10	51	12
0	482	21
0	45	392
2	103	578
10	98	158
50	204	3010
857	6	454
29	251	328
124	6	16
1689	23	396
140	34	586
1041	316	2081
0	46	514
15	144	1
273	231	381
15	54	4054
0	11	155
15	30	3609
47	605	502
0	144	1491
13	374	21
0	177	110
15	46	18
10	177	213
0	106	99
50	8	541
31	1035	399
15	88	4011
10	297	11
140	141	529
46	458	680
17	119	3772
10	6	751
2	6	583
4	376	906
10	25	987
29	103	726
662	6	1090
13	5	502
10	521	228
0	69	993
0	1015	76
640	91	804
10	46	768
29	88	3137
17	257	1552
0	6	454
0	462	623
531	881	1677
15	65	870
0	180	503
1584	177	2565
0	8	968
13	9	2967
1175	8	2580
13	6	1618
0	177	222
0	8	408
951	118	53
13	256	90
13	220	392
4	34	77
2	30	1353
362	8	1281
197	707	237
0	228	4128
2	222	2938
1192	45	38
2	177	184
10	171	240
2	5	245
762	14	431
2	6	4028
2	30	3739
0	56	963
2	30	1250
276	1693	322
166	103	1255
13	218	1259
0	559	1139
17	264	1533
68	69	62
10	145	334
333	76	1804
100	20	299
4	149	158
2	6	347
4	28	158
0	14	184
0	188	158
29	593	817
1231	198	3814
623	177	2360
17	8	353
531	237	11
0	215	3485
0	91	1281
17	251	715
841	240	3070
0	261	63
2	20	21
10	30	2117
0	790	384
1350	20	942
2	173	109
10	32	262
47	30	2099
29	441	1
276	56	103
142	28	1724
0	177	2763
0	1226	2620
46	116	962
362	668	167
2	14	1225
1022	30	164
1032	759	649
124	103	16
535	8	58
0	135	400
10	88	460
1121	157	2311
2	25	2283
29	8	1046
10	376	63
0	69	3978
235	6	2600
2	72	1221
13	12	649
15	23	213
29	55	390
4	20	228
2	87	203
124	6	2431
10	25	523
50	175	502
273	134	630
2	55	756
1402	220	1970
29	6	29
13	67	758
352	141	151
79	300	1004
10	354	144
10	8	159
864	23	213
15	88	182
0	215	3955
10	171	933
363	40	53
340	9	328
13	5	159
2	139	149
10	116	262
0	251	4084
0	215	393
124	30	3864
29	112	2498
262	9	2635
0	144	182
10	103	1132
0	316	328
15	55	500
10	21	374
68	615	3138
38	231	1216
46	474	11
4	218	361
13	228	2852
352	879	513
143	26	53
10	8	1079
4	34	200
0	60	538
0	210	352
0	237	321
0	132	3370
62	317	423
0	88	11
29	381	392
15	87	1642
167	1064	322
10	103	316
10	887	2720
124	103	18
13	134	21
10	55	1009
803	22	12
2	245	396
0	231	1772
1228	14	53
0	6	2755
13	177	92
124	520	124
0	157	3581
0	83	962
0	168	1971
29	222	374
2	21	380
4	55	4159
15	103	741
79	106	252
27	76	1326
50	55	284
2	26	60
1566	91	89
4	106	2012
2	30	211
239	231	73
2	41	90
13	251	38
0	6	286
0	88	2339
958	702	300
29	663	578
314	30	4131
79	8	122
1390	230	3072
29	6	2500
0	40	454
0	30	1649
4	8	158
2	103	903
15	61	55
2	25	36
2	21	104
10	30	3817
0	30	820
13	177	323
1122	220	1970
13	256	88
13	8	174
2	65	2599
784	330	599
13	177	222
0	63	538
10	86	51
0	678	374
10	185	1338
632	191	3495
0	222	597
15	725	55
4	20	21
687	688	58
0	727	63
46	222	76
10	890	18
0	215	454
0	188	1023
273	8	932
239	198	4015
2	185	571
2	72	392
29	517	394
29	6	1125
10	6	3988
2	65	216
10	238	110
100	191	947
0	14	73
234	231	1214
0	6	2432
79	20	1523
10	25	334
100	134	21
13	91	2305
79	330	130
1378	484	299
0	9	3680
2	30	247
10	87	518
66	40	153
0	121	4040
82	72	801
2	34	124
0	8	2671
1000	317	158
10	11	442
2	185	3126
0	215	322
662	1250	3228
10	6	147
0	6	818
29	91	88
2	222	263
0	103	45
0	210	523
15	6	701
0	25	300
0	6	3053
50	449	423
2	658	806
17	177	291
10	449	239
10	738	648
877	172	164
100	134	630
4	26	3997
0	215	11
15	74	63
531	69	766
395	20	88
66	171	196
572	307	2025
0	56	1397
0	192	2290
4	198	663
10	215	21
4	427	21
50	171	261
2	815	158
0	1381	23
10	6	2815
0	103	4119
1330	8	2917
62	74	279
0	385	15
0	106	1809
0	145	3995
15	65	203
13	269	359
80	231	475
2	148	63
0	6	2655
0	103	22
0	210	4051
0	60	1566
31	982	104
1128	41	2691
715	8	4
29	1015	791
100	198	322
593	153	124
10	56	63
0	60	2471
197	40	217
273	72	628
140	141	2294
2	55	18
741	263	1266
0	55	3467
2	336	842
2	116	3762
209	5	254
50	215	2888
124	127	1
273	586	547
2	61	95
242	55	1550
15	221	286
0	268	3307
4	8	1644
2	6	532
10	251	603
0	231	47
17	1170	227
2	246	115
143	522	103
0	103	623
273	231	955
13	86	207
2	3	768
13	23	167
452	1196	752
15	103	530
0	30	51
10	6	1369
0	725	400
2	103	352
2	218	411
4	842	49
0	297	2605
15	177	2730
17	225	225
4	26	591
29	21	1503
327	376	852
1426	440	326
15	661	2486
17	74	416
0	1343	400
13	106	756
4	8	189
2	128	167
0	582	284
0	8	297
2	23	4112
0	267	326
2	45	436
29	521	578
46	228	3215
510	139	2688
10	455	3291
50	119	695
2	316	1850
281	897	1779
0	30	1563
13	177	158
10	88	124
15	116	203
216	25	58
2	467	3448
1286	133	837
10	12	2465
15	6	454
0	107	130
2	128	243
13	14	1225
0	65	76
79	198	2511
79	108	2656
510	72	3315
2	1403	11
10	8	923
50	802	390
2	256	1391
0	316	687
2	91	1629
29	198	2540
79	395	496
0	23	209
13	132	137
4	398	637
0	170	3963
352	141	450
0	23	1023
0	263	566
0	317	3810
79	940	342
0	188	657
273	8	591
0	8	1464
10	86	1659
0	421	184
2	231	272
10	198	3648
7	103	137
0	238	573
0	231	294
46	188	115
0	25	1672
4	54	1268
4	8	591
79	220	3860
79	245	4
273	8	4080
0	6	228
0	30	224
4	145	381
10	8	486
0	225	280
29	103	469
10	46	2504
0	204	1438
1683	376	34
0	316	1
13	74	590
0	405	338
4	924	173
1254	322	2541
79	755	493
0	65	3422
867	26	4
84	20	82
935	263	1764
29	138	980
0	268	2611
2	83	390
13	20	747
13	230	217
10	251	804
0	237	1665
0	26	103
79	108	728
66	30	105
17	25	1328
79	1205	502
7	23	222
10	8	55
15	237	578
79	63	1945
15	103	1
2	215	158
2	612	624
62	72	563
0	149	400
31	108	104
0	1259	2694
176	74	384
10	26	417
2	8	2514
17	1035	3974
4	91	494
0	251	270
2	306	667
2	103	726
4	34	1042
79	54	453
10	23	3176
0	11	1184
167	231	91
29	6	2308
29	30	211
996	328	2518
0	175	2347
46	116	2333
2	215	263
10	87	394
593	1034	623
62	149	423
4	20	913
0	25	324
10	3	21
0	12	2465
4	1095	170
2	11	1102
423	204	636
2	8	4147
239	231	2
10	23	2052
66	36	1147
167	60	233
1301	1465	906
1177	6	618
229	230	95
351	177	73
0	376	1777
29	30	90
324	149	464
13	54	608
100	56	1221
2	60	3061
10	55	243
15	65	1036
13	437	655
66	8	1386
2	139	817
79	76	332
13	30	665
78	88	124
50	225	1872
179	180	207
79	69	1272
333	76	480
10	91	167
0	547	1011
4	307	2467
2	55	516
206	63	58
0	128	1444
608	251	804
2	205	3473
2	65	1
79	127	130
10	108	2945
79	54	622
321	264	151
7	311	352
1275	228	1509
0	381	228
351	20	245
2	21	1911
2	215	390
0	177	2090
0	474	355
15	246	288
150	618	164
0	356	456
47	34	95
10	103	1271
53	40	573
2	87	189
10	6	3290
10	231	820
79	380	695
0	67	51
15	6	430
4	231	1870
420	177	586
4	32	69
79	177	36
0	133	248
73	392	322
10	1623	95
0	103	1882
100	30	363
29	144	1
29	237	11
2	14	1301
100	30	3082
66	133	884
10	30	3391
15	237	203
366	6	137
2	11	114
0	177	2207
0	228	318
0	60	195
0	123	3205
17	23	573
2	103	286
0	171	248
29	46	158
17	247	322
691	14	167
10	6	654
150	118	581
2	245	103
1211	8	746
0	231	345
17	1202	111
2	46	21
254	231	91
809	56	483
362	9	328
50	8	729
13	99	372
0	14	3787
513	514	792
2	12	61
0	65	131
15	278	2296
50	55	124
10	65	1212
2	87	442
12	1227	151
10	738	1893
29	23	2842
0	21	1997
593	3	2465
362	9	1767
95	559	2879
4	177	158
0	23	291
47	198	493
531	506	151
10	1111	2282
0	8	3595
15	178	205
1032	103	646
708	238	3413
13	32	3144
2	1194	3907
0	63	127
13	87	189
491	30	363
50	5	91
0	56	69
15	103	2153
10	88	142
2	23	1915
0	8	1848
10	116	149
0	177	2285
150	118	195
46	21	22
2	6	774
0	11	361
29	91	715
0	790	2837
544	161	3430
0	134	3813
17	342	492
0	55	63
79	34	3403
0	225	1220
27	20	21
2	511	2907
510	22	924
131	8	3535
50	5	53
809	920	586
79	520	1960
10	11	338
10	116	61
0	46	1169
0	157	2858
2	103	54
58	45	38
2	676	1672
29	828	1487
662	6	1947
362	9	3411
79	8	2244
68	288	274
0	49	291
100	20	250
13	295	48
0	339	137
0	9	854
17	8	1974
29	55	332
17	8	3
2	112	124
46	132	16
10	204	2706
50	9	5
66	545	1207
1147	979	739
0	149	73
2	32	985
0	449	648
13	116	1162
17	210	3461
46	83	4022
553	8	38
791	121	541
17	30	406
10	98	92
0	284	224
0	56	329
0	6	82
47	8	249
89	1100	874
0	153	1546
10	116	962
2	65	352
283	30	2384
2	139	159
0	30	121
0	392	21
10	763	390
29	116	1796
0	506	3887
324	149	726
0	55	332
2	180	1387
124	906	731
100	8	4
17	980	1927
254	231	294
15	21	2929
10	14	111
273	127	1052
2	449	2774
167	707	2478
4	32	2032
13	8	909
0	92	3163
79	231	502
0	224	356
2	638	2343
0	210	4048
1043	90	1379
216	54	1307
2	30	517
84	5	167
0	137	193
2	103	182
124	103	2528
0	107	1241
89	212	434
10	8	703
1574	185	577
10	215	11
0	21	22
10	221	352
0	1068	127
0	177	772
0	65	203
10	30	282
1123	6	149
10	204	893
0	1547	384
2	624	1642
352	34	450
631	5	49
13	26	1837
273	177	628
17	30	2253
2	34	18
0	1503	502
29	559	113
47	23	167
15	103	355
15	317	423
0	1517	167
2	134	646
2	148	629
1694	6	83
4	56	69
10	88	1641
4	218	332
0	55	2281
10	88	100
2	51	1382
15	761	1303
0	97	350
79	8	4
10	215	201
1302	9	2810
15	25	312
66	8	1470
1171	379	2464
10	119	2865
0	116	2959
2	455	523
0	180	239
84	195	364
2	251	2892
0	1250	327
872	141	151
632	20	1132
79	8	424
901	28	4148
206	63	3278
79	8	158
0	603	1625
100	134	646
13	330	103
29	251	804
84	1640	3983
0	127	2657
48	801	159
10	8	1672
79	264	199
70	316	83
824	215	217
15	55	1776
1299	130	135
0	8	92
2	56	149
0	215	295
46	215	11
0	329	714
2	46	216
2	6	2744
17	577	236
10	177	395
2	34	1044
0	441	113
124	297	368
254	134	277
715	385	392
0	542	424
100	198	342
13	91	804
0	628	649
0	1307	3241
0	60	16
4	307	869
13	861	3545
637	231	245
150	151	164
2	177	395
10	440	3797
10	139	63
50	157	616
1399	727	1137
10	394	1237
68	18	2166
10	8	700
0	382	3439
0	23	676
0	361	692
0	5	454
0	1045	2787
10	91	1237
0	192	1058
10	30	3238
15	471	124
584	63	180
17	8	55
1177	55	571
13	37	392
0	192	369
0	25	334
948	317	4019
0	87	2826
29	8	4
124	46	1
0	86	648
422	34	1529
0	5	95
2	264	3776
232	231	289
15	116	149
10	6	18
2	12	2239
2	6	2946
313	199	977
46	436	21
13	23	1233
10	228	617
2	55	865
841	141	3425
0	8	820
432	376	170
10	177	15
15	222	374
938	54	47
1641	1384	2804
15	221	352
2	214	63
13	5	2392
10	86	73
2	6	1182
15	316	1627
2	23	2255
0	264	1827
29	6	817
46	116	1410
100	26	502
100	20	144
15	3	144
0	8	2021
2	138	1225
662	185	1132
1184	20	1263
10	467	442
0	8	2557
341	134	813
0	221	275
0	20	2695
53	5	47
10	218	411
10	23	1966
46	6	530
0	30	240
0	727	2850
0	1018	2404
143	224	282
0	9	300
553	9	2554
2	218	36
124	116	976
2	55	332
2	237	284
0	228	1232
167	1095	47
296	215	571
0	8	692
46	55	787
29	14	1225
196	157	482
10	30	2916
1400	91	554
13	269	3748
242	8	73
510	718	2956
0	92	943
79	1263	500
0	8	620
13	23	220
29	139	232
0	520	1261
279	170	47
15	551	2434
66	224	338
47	40	500
2	144	442
29	55	203
2	316	45
29	215	2504
314	14	1847
0	74	279
79	177	77
0	862	222
79	381	3334
10	837	11
10	800	188
0	130	178
0	23	3281
29	788	239
10	88	3594
15	65	788
79	8	252
100	1088	2227
50	74	1765
13	6	726
2	230	11
68	18	84
0	765	3985
17	45	21
79	20	1147
1213	1214	2590
15	120	1375
17	9	3573
254	1112	2284
0	99	94
0	21	1965
337	218	130
2	60	36
2	138	502
0	74	300
109	8	174
0	54	820
13	20	113
15	132	16
100	8	2118
4	231	170
201	88	115
13	198	342
531	30	768
0	188	245
4	23	300
0	139	1108
47	8	40
0	342	2006
79	1283	322
15	297	430
79	54	3766
79	1145	493
10	127	2213
79	20	2179
659	660	300
0	11	262
2	30	1
79	111	108
17	943	119
0	28	450
0	834	423
17	30	3781
0	23	3847
0	256	4014
2	316	1881
10	87	21
10	8	343
13	30	263
10	6	70
715	8	392
79	8	646
273	26	2334
100	20	391
10	46	18
1457	32	1
29	192	36
10	6	791
10	9	893
2	153	3759
0	215	1611
68	385	955
66	8	287
50	409	605
418	218	1307
17	107	454
17	8	2551
2	456	3976
10	9	423
0	196	229
2	173	608
0	65	532
4	8	934
13	8	2330
0	26	282
0	185	2144
0	34	906
13	137	1712
17	228	687
0	28	1482
239	522	73
29	155	3181
15	11	3424
10	46	640
10	802	228
2	225	724
15	55	73
273	767	494
324	265	16
15	103	284
164	40	158
0	55	199
15	30	962
10	12	586
588	14	4096
4	8	1588
2	23	1051
136	1220	3906
1416	30	1501
79	26	110
2	303	104
0	30	363
0	231	1324
47	618	1436
575	8	91
0	30	889
68	284	722
0	116	820
29	30	3082
80	231	73
15	83	1537
510	92	924
2	34	2446
143	231	608
314	25	995
4	43	73
812	257	88
176	376	838
13	1062	160
260	141	151
390	91	250
234	8	58
68	913	1697
4	177	405
79	1283	3268
447	69	1099
10	116	187
0	372	137
0	21	1206
29	46	3298
10	8	2174
0	56	63
13	233	21
808	116	2191
79	505	199
10	218	21
17	92	53
117	237	11
124	144	2266
0	20	48
0	228	610
48	177	2824
15	1285	2748
0	8	3363
2	148	53
0	1510	1720
10	1252	323
0	6	54
2	185	63
1376	499	142
2	866	230
0	8	1440
1658	474	1
100	522	103
50	23	213
0	18	3552
1339	279	3091
0	20	500
29	21	18
42	43	36
2	116	390
273	793	159
10	103	76
13	173	124
0	103	2745
47	269	498
79	72	2258
4	548	3171
216	25	692
0	1200	2877
0	34	264
10	67	51
124	65	870
532	6	45
4	26	628
179	309	322
4	8	1214
150	615	164
0	297	3504
930	60	248
13	23	158
2	251	735
0	440	224
473	474	199
1473	474	3347
273	1113	628
79	74	110
7	215	384
324	1026	726
53	238	573
62	118	279
0	30	515
13	547	301
79	145	392
10	55	51
333	20	480
2	256	1786
1500	23	3444
167	8	616
590	231	1488
79	177	373
0	134	3384
15	54	560
457	26	60
10	171	272
29	61	3757
29	222	16
124	55	1322
62	322	799
2	508	127
2	821	1471
333	76	298
10	816	820
79	60	874
17	45	3141
703	228	1172
62	317	752
0	20	1688
15	55	1356
29	103	216
10	1025	2051
17	107	306
13	256	2140
10	358	158
10	455	697
29	86	1007
0	14	1847
17	490	692
29	91	643
0	9	213
858	171	1556
0	265	1263
2	26	250
0	32	1635
583	32	261
0	137	779
406	30	995
0	23	2096
50	1028	2055
2	51	95
10	8	392
2	6	228
79	76	399
2	106	442
10	23	44
0	86	338
2	802	3518
29	173	1806
0	316	1277
124	269	11
489	449	670
15	46	1
1282	134	630
0	23	3205
0	25	987
0	24	61
2	88	3464
4	220	307
50	55	127
13	256	452
1525	228	3599
0	6	144
47	593	756
0	137	392
29	6	259
2	185	460
0	106	2803
7	103	1
0	54	608
15	55	1244
744	54	820
17	8	383
66	8	299
2	765	207
640	316	2194
703	92	3826
79	76	4034
10	116	776
46	11	11
124	30	218
35	786	1360
273	8	1372
2	65	16
213	214	103
122	88	122
0	56	200
0	180	3118
68	385	494
66	120	1147
17	14	34
2	192	999
10	60	195
2	153	158
0	83	284
17	648	492
2	14	800
10	107	3702
79	1485	502
15	6	313
79	28	252
362	8	1915
0	46	390
15	21	951
17	210	434
1184	20	559
66	111	108
4	228	2996
167	8	163
4	8	2204
0	392	962
10	12	1823
978	1166	394
935	6	434
2	173	338
2	32	894
2	8	746
0	46	1510
68	220	274
0	1055	819
10	21	840
0	103	355
1069	34	962
100	8	1223
0	1141	109
29	54	1268
167	26	608
62	54	1268
79	56	3633
7	6	21
10	88	2177
0	177	158
100	20	4077
62	74	3000
79	455	813
0	23	3839
0	737	794
0	30	612
0	316	1793
4	231	3262
17	249	3882
17	40	63
79	34	1960
0	30	406
124	311	352
0	231	2104
100	8	103
309	30	88
4	56	1214
68	97	3265
143	898	282
29	168	76
0	261	1797
0	54	2319
10	11	3795
10	3	29
4	123	382
46	30	1530
1341	126	167
2	329	2302
13	492	182
4	72	1149
79	8	1528
0	185	2216
2	61	523
10	12	7
0	86	500
15	6	2190
0	485	158
2	6	688
809	879	229
15	55	1839
17	30	1095
2	421	2360
2	103	778
2	816	211
29	139	355
0	6	70
0	103	318
677	199	1121
2	30	3086
2	802	18
10	6	589
1063	86	503
2	112	2092
31	76	104
1404	8	158
17	107	2754
0	177	586
0	316	3943
10	45	603
15	46	390
253	545	849
0	215	3658
532	55	11
581	126	431
232	941	294
0	205	3602
2	520	1261
10	168	54
0	582	23
675	63	63
0	46	18
79	177	511
68	568	411
2	46	1056
10	433	524
79	711	1183
29	103	791
2	436	158
0	61	1263
0	87	2534
4	231	92
10	74	895
0	889	1636
344	376	34
10	11	18
2	46	1
0	210	1440
17	280	174
79	8	434
2	330	103
15	506	2955
555	9	328
17	14	454
0	103	2786
68	1638	392
143	14	3960
2	222	11
17	8	87
2	69	1648
79	450	349
66	191	1718
348	141	208
10	30	2074
1128	214	542
2	222	112
13	421	158
2	6	2067
987	177	373
0	687	250
15	103	374
254	23	300
13	45	3168
2	237	228
17	134	2123
10	54	241
7	61	381
17	8	3878
209	220	2570
66	8	2357
0	116	205
545	449	1
13	92	1682
15	30	2527
0	8	987
0	134	21
117	6	549
0	88	2722
1706	1707	1376
0	34	415
73	20	65
0	215	255
15	188	571
0	261	1942
0	754	63
47	23	304
17	23	373
10	88	158
1305	1239	158
0	205	1875
89	753	494
46	87	517
29	173	124
0	55	1322
0	183	358
0	218	47
0	231	454
1504	30	1799
68	241	158
0	144	158
79	231	500
1656	437	197
296	297	11
13	23	2136
0	257	1
0	6	728
0	251	804
641	26	2170
10	88	2084
894	215	624
273	177	526
0	144	284
1185	317	2516
15	215	517
0	103	284
1104	72	2126
972	61	36
758	192	666
2	46	1525
62	322	356
0	45	1688
10	1253	63
2	97	90
554	205	1568
0	92	4105
1272	1273	35
0	45	1138
70	103	352
326	20	1526
4	381	4004
523	30	2263
2	392	3225
124	302	1038
17	975	502
1595	153	158
50	60	248
0	788	11
29	30	667
0	515	61
4	381	332
2	23	1064
100	69	3114
2	1117	203
0	106	4157
2	1336	394
1494	141	1392
0	83	70
4	105	21
13	5	3460
89	8	2795
0	257	88
79	598	966
0	5	61
17	23	2156
0	6	623
0	397	1668
79	8	8
197	20	167
1639	450	195
2	421	170
79	288	299
4	8	1810
10	23	2705
1029	20	21
0	392	1472
0	342	492
35	8	58
0	30	2163
2	23	1898
239	330	245
2	30	578
554	400	2533
4	231	297
239	54	291
2	536	63
0	257	2765
15	103	1499
1362	61	36
0	490	745
2	1148	388
10	65	144
4	191	180
1032	103	2076
46	21	16
2	11	3556
0	45	3248
47	20	476
0	358	158
15	1125	776
0	116	2097
10	350	312
377	126	180
2	244	301
2	144	460
10	6	1831
0	228	334
79	76	90
1177	6	701
140	879	513
150	172	164
145	440	452
1147	45	254
1444	127	624
79	56	411
1672	72	540
13	8	2002
79	8	816
384	6	245
0	23	550
29	65	1255
0	128	869
79	108	36
0	30	327
216	126	80
0	329	356
0	210	2411
2	8	817
0	1326	328
47	204	249
79	8	811
0	11	2970
15	103	352
2	202	530
0	130	1619
13	91	980
17	8	40
10	86	390
176	177	2565
957	23	1854
35	14	431
79	8	199
0	88	81
0	6	840
2	54	1381
239	177	344
46	103	374
10	521	374
10	103	21
15	121	322
2	103	203
0	295	500
0	55	3025
29	23	1504
10	220	523
7	6	16
578	1675	993
79	30	226
4	419	170
554	205	23
13	45	1273
35	14	673
0	215	48
13	65	203
0	1008	2003
273	177	405
79	381	1728
31	1110	909
4	224	165
29	61	36
10	265	116
13	128	3397
2	34	3393
0	8	2278
0	20	2615
2	61	2022
0	215	1771
0	6	903
15	103	2081
0	817	12
0	316	642
79	8	502
0	55	1508
15	87	124
0	256	363
17	45	1648
29	116	434
2	9	2635
15	55	390
27	20	500
10	6	21
1140	91	2223
10	186	263
29	91	3636
4	64	58
529	228	3979
15	6	791
0	257	434
197	20	1016
100	245	3437
29	185	1503
0	30	144
2	116	1610
15	88	1
13	8	171
4	56	1702
1255	40	1600
0	9	2635
79	240	77
75	135	523
2	55	2288
420	264	158
2	8	1598
29	465	2789
10	8	519
1568	618	352
803	6	3193
2	103	390
2	25	596
17	210	1785
2	120	3632
2	205	719
10	30	79
0	45	38
693	30	45
95	9	88
15	91	248
13	106	656
17	91	248
0	857	454
0	18	144
0	65	1604
0	813	1268
2	502	1349
0	65	1033
2	139	631
10	119	127
13	5	1753
1492	141	151
0	9	1509
4	220	3681
0	92	1121
15	87	79
29	22	1074
2	220	1304
0	834	1504
10	8	323
17	240	1308
15	278	90
632	191	153
10	23	63
0	8	334
4	134	158
10	91	1045
31	381	2606
79	14	15
403	121	167
29	251	603
273	8	508
13	6	47
510	22	1136
13	55	207
17	8	3705
15	144	182
10	30	1342
2	228	347
82	72	34
2	128	326
0	204	1845
0	8	343
2	71	18
79	455	405
143	245	73
89	790	1383
0	116	3316
0	215	205
0	1451	158
79	192	2253
4	149	180
2	148	2519
0	759	193
79	54	387
15	6	22
572	307	912
15	6	1538
209	20	124
13	6	578
29	436	76
2	25	1229
2	205	23
0	316	88
488	8	328
0	40	2005
35	151	730
0	25	3045
13	6	2817
812	30	3350
4	37	563
29	6	726
468	177	2
10	303	987
206	63	3679
10	157	388
35	126	852
10	508	1912
2	173	1806
167	20	1331
79	8	2652
10	87	203
2	256	90
1222	20	245
0	55	597
571	88	115
234	5	180
0	177	1137
0	188	74
4	212	384
2	471	624
2	91	548
2	60	1261
46	297	1208
10	45	193
0	134	1946
0	8	249
0	46	392
15	103	449
17	23	127
2	25	93
292	91	87
0	128	3640
0	45	2230
29	139	95
2	30	624
2	86	3240
62	376	34
17	54	291
0	228	5
10	103	352
10	88	3419
717	63	249
0	23	2494
79	455	1710
10	119	807
0	30	2286
4	8	58
15	788	1371
0	861	3388
207	284	1063
66	8	1457
10	103	18
46	11	517
510	72	3649
79	381	199
15	55	1056
0	46	1591
10	316	2194
2	603	284
0	88	1102
2	65	137
0	5	167
1562	30	549
216	310	429
10	436	1600
0	177	1961
10	25	312
10	1202	111
10	30	21
10	251	616
10	69	1565
0	91	291
31	8	158
0	318	661
62	317	291
2	139	3890
150	118	164
804	253	319
79	20	817
50	137	254
918	145	1721
53	30	573
29	917	3063
143	231	3904
10	46	259
744	40	49
10	55	218
1502	361	2342
0	30	347
0	492	95
66	827	1631
2	30	1342
79	8	499
273	615	628
10	72	358
79	392	49
150	389	3793
10	116	1
4	40	226
15	168	718
2	329	90
17	225	3484
927	376	34
29	91	1729
2	103	354
0	249	2962
270	6	3209
15	88	1768
124	103	2308
0	177	1706
708	204	3413
2	256	3838
10	1119	2298
10	25	1893
10	30	3142
0	151	227
216	20	144
2	34	1042
143	392	2301
29	215	11
79	8	468
47	434	297
0	1201	2556
47	1091	159
29	103	390
10	170	158
236	177	3769
0	46	503
17	860	1290
79	56	164
15	30	3298
0	116	1591
62	74	297
15	268	3121
363	14	2137
0	88	2050
4	56	3080
640	45	3751
29	116	578
323	25	88
0	88	124
79	299	124
0	676	2951
2	46	1507
0	218	217
10	228	2778
459	237	3418
124	103	374
0	183	209
10	392	671
0	139	334
15	25	523
50	55	648
0	192	1364
0	1331	2918
751	752	1291
15	23	245
2	153	4135
4	230	494
0	30	1162
0	139	616
281	72	1779
273	230	494
68	30	392
699	700	1160
15	376	34
0	55	217
10	303	293
236	40	226
510	106	1923
0	8	3923
79	198	1861
0	112	3358
614	484	2035
13	30	113
29	103	83
2	69	1171
0	178	205
4	91	418
13	92	1166
0	790	2439
216	20	2234
619	284	999
0	116	2458
0	215	1312
79	23	110
68	1105	21
0	46	3584
0	185	74
292	8	616
53	14	573
236	177	2644
10	72	2159
17	134	158
79	23	2509
10	445	2015
10	153	168
544	161	3791
550	34	63
1082	34	579
179	180	322
0	159	193
17	177	3568
2	55	309
0	25	322
100	28	322
0	339	16
13	30	2054
0	112	2108
2	237	144
0	585	4179
4	37	32
4	40	158
0	91	328
29	9	687
0	23	1518
2	22	1716
13	9	257
2	6	3018
0	67	2261
68	455	551
79	8	1224
2	261	3508
0	297	962
176	14	384
10	8	559
50	8	717
0	268	1330
2	520	3742
2	34	411
2	257	657
254	159	2374
19	20	73
0	25	326
79	198	89
15	88	806
1146	14	513
15	65	82
0	30	2531
2	343	74
0	69	577
10	6	524
0	103	530
243	14	73
919	54	104
4	14	58
79	238	3057
667	615	82
50	116	3901
0	8	3314
2	1281	182
50	449	15
2	185	3294
740	141	151
10	21	1
50	6	284
0	487	124
0	627	249
13	23	423
29	119	695
0	175	1163
273	8	1886
0	6	2325
13	134	1295
0	6	2315
79	455	690
10	436	76
35	8	226
420	421	450
2	55	2093
809	141	319
176	14	454
10	6	532
1310	191	2034
17	204	803
46	215	74
839	23	73
1626	20	3942
31	1509	104
100	191	223
0	522	1193
0	720	329
0	118	407
2	65	1414
927	74	2521
2	330	396
1387	522	167
242	8	3971
2	114	8
596	76	494
13	263	2862
47	198	158
996	231	282
0	215	2893
0	145	3911
29	185	203
10	14	450
2	30	1257
79	23	1880
4	8	159
554	318	2400
1231	198	2629
15	45	4108
10	87	1771
10	6	624
0	87	1
2	173	1011
0	14	1983
0	91	226
79	198	1303
29	91	3683
0	224	691
10	237	230
0	99	230
29	103	137
10	91	1752
15	210	88
2	6	182
29	61	523
4	26	663
0	128	1343
0	317	63
1445	20	1
46	65	374
4	184	210
2	135	987
29	97	90
4	23	92
0	103	578
10	369	104
17	8	171
10	65	286
15	55	599
4	56	49
0	30	829
0	60	3709
0	92	963
1686	474	2413
79	76	192
29	8	171
2	9	328
13	134	3083
2	127	122
2	719	806
79	177	80
10	215	338
15	25	443
13	1086	53
10	45	21
0	34	3841
10	8	381
0	297	1973
322	625	838
0	55	678
1524	1125	3596
1495	643	586
990	192	3651
143	224	73
0	318	1158
4	177	282
0	400	3809
2	25	631
0	46	2525
273	54	720
2	357	957
2	6	176
4	198	493
17	6	12
0	8	904
124	116	149
0	103	4007
273	8	338
2	6	530
239	191	857
0	103	286
942	105	21
29	185	1815
808	210	1131
0	8	2367
580	127	502
29	890	18
352	1451	450
1047	660	605
447	231	304
0	116	1415
13	1095	3387
2	192	36
2	116	4155
17	30	1123
13	141	385
2	12	422
1163	54	1268
326	55	332
13	218	2317
2	508	21
10	157	343
1555	8	58
124	116	122
0	761	1303
254	45	1433
17	1308	804
13	547	158
0	379	53
4	46	21
0	661	1139
29	72	103
2	25	667
62	63	423
17	298	3
600	8	328
0	82	381
2	246	477
66	8	1718
0	456	230
10	6	316
46	132	374
29	34	38
0	661	3589
0	56	1742
0	318	520
50	46	392
79	398	499
66	8	399
235	21	1637
47	26	884
0	215	3551
4	231	2583
100	830	363
0	30	962
2	65	903
17	20	144
0	185	2451
669	23	3531
1710	63	58
948	45	1406
209	30	406
456	20	559
13	264	300
0	30	3296
167	76	376
812	231	159
46	88	218
0	264	0
17	8	3203
66	14	1207
2	306	95
100	8	523
321	317	73
79	198	2236
2	225	786
544	25	848
27	419	1602
0	65	45
2	87	11
79	566	690
0	30	1353
4	8	869
333	842	3399
239	76	1326
1147	177	657
0	32	261
2	60	199
2	6	726
211	212	258
10	6	76
2	215	39
0	177	334
29	65	203
10	110	88
79	8	87
10	116	953
13	1490	3400
29	30	612
2	32	835
167	118	73
2	205	12
17	56	1187
2	381	21
2	87	115
47	92	1566
2	86	11
29	128	869
17	30	121
1339	157	444
2	8	1581
15	11	74
15	199	422
10	46	864
79	26	728
2	186	4074
13	177	395
79	405	363
10	471	124
2	52	46
124	21	1
2	6	203
0	302	11
2	103	4100
29	145	1793
15	508	23
10	8	695
79	545	4036
10	103	578
370	141	529
0	26	27
17	228	1214
2	257	2053
4	231	628
632	191	1484
15	103	3533
0	297	597
384	6	599
0	316	3771
68	14	437
0	91	436
0	746	1280
596	20	1614
29	297	4008
2	30	3756
0	173	390
0	210	229
2	91	721
4	231	173
1149	542	2002
0	228	776
0	215	3959
1094	198	2958
377	126	88
15	21	104
15	83	124
0	833	649
2	263	667
0	12	61
0	506	21
0	1045	2053
2	218	682
4	127	130
0	26	396
352	9	1509
17	210	19
0	141	423
344	14	53
0	303	559
641	126	852
15	471	394
1368	106	306
10	415	88
100	357	523
17	25	58
13	6	2869
0	185	2341
10	88	1078
882	14	628
10	215	3341
29	6	751
10	46	623
47	14	1139
0	638	538
10	65	275
914	30	263
4	1422	297
0	5	222
0	21	18
0	436	1698
0	1307	1268
162	163	183
10	135	523
2	251	2766
1691	46	74
10	6	203
13	8	729
10	46	2885
0	398	319
2	65	1538
197	91	847
17	63	856
79	20	3119
10	173	390
2	237	203
79	108	299
13	556	21
2	204	893
854	462	74
17	559	119
478	45	38
79	115	646
79	76	874
13	32	305
17	1432	804
2	138	1241
2	103	3009
13	23	805
919	240	104
0	263	1209
4	86	3734
0	116	962
2	132	1271
0	65	1547
491	20	95
79	56	3916
2	198	1984
0	8	3179
2	256	2140
491	32	236
523	55	1866
0	134	1517
1000	376	1962
219	72	273
10	107	1018
2	6	1542
100	20	1924
0	103	390
654	8	1080
50	177	291
0	8	180
491	91	87
17	228	1509
13	263	601
0	108	384
0	103	268
2	6	286
273	91	1214
0	543	222
0	23	1891
2	23	319
2	6	120
1519	508	1358
17	545	2399
13	12	61
15	215	3465
29	65	374
50	60	195
2	508	1117
15	8	95
10	23	423
10	153	61
2	103	288
0	728	962
89	91	73
10	6	424
124	21	22
2	134	1711
10	440	326
1036	23	3525
79	177	2930
1530	302	11
13	251	240
13	105	1484
2	215	2504
0	34	2939
29	177	752
585	63	942
0	107	2756
2	135	1377
0	6	3283
10	23	3806
2	263	693
0	205	807
0	231	248
0	14	111
166	103	284
10	316	21
2	46	230
0	628	352
10	37	132
2	224	381
2	465	11
2	316	1
17	14	578
66	177	2986
0	215	1641
0	98	92
2	508	3107
632	8	63
17	40	2329
10	925	35
0	1038	1882
510	511	4141
0	237	578
100	134	189
0	20	962
239	231	245
1109	106	352
15	624	1642
2	21	1432
169	25	191
2	87	2274
2	65	2788
15	20	378
0	8	3203
2	474	1
10	215	3959
124	116	144
79	616	3057
691	14	91
13	177	53
0	1044	1322
523	330	130
79	134	192
0	55	871
13	593	3051
10	397	1
561	28	49
1174	135	434
79	493	750
29	3	768
0	55	500
15	103	870
0	215	3775
2	34	637
13	60	248
29	318	21
0	8	165
0	30	381
2	65	355
10	6	3688
0	57	3331
0	205	2736
124	441	1
13	689	937
0	231	455
10	116	624
0	210	1305
2	21	228
15	74	752
79	26	3832
29	103	18
0	522	502
0	303	293
4	177	384
62	14	942
532	120	8
29	120	3605
68	54	1750
29	245	103
420	56	2767
333	460	95
10	8	112
79	381	3735
313	54	820
15	86	18
0	21	699
323	25	3990
1017	1583	431
15	103	2535
1395	65	2731
4	32	144
254	123	2025
0	121	343
1475	309	3351
13	593	949
239	60	874
0	6	3532
909	518	798
10	1558	3710
0	177	300
79	23	248
2	306	58
47	134	630
0	30	3870
2	91	1063
0	185	1605
2	45	254
0	238	2271
273	522	2125
0	55	599
29	30	758
50	34	577
0	204	174
15	205	3602
79	191	147
0	141	3357
1371	143	207
2	222	2833
2	69	2777
10	316	22
10	153	748
590	392	2262
17	743	876
1051	54	411
17	204	687
0	74	1891
0	330	73
29	237	1056
29	21	3687
0	8	1373
17	30	834
1452	8	695
2	86	2300
17	69	1178
0	1086	245
10	317	63
1390	30	1946
15	225	1548
1329	63	1015
0	800	1406
13	116	113
47	8	171
167	145	2576
79	8	690
4	212	226
846	228	1535
2	55	571
0	34	199
167	118	2
0	34	3909
858	1343	801
79	223	36
13	106	160
4	212	1112
17	126	578
79	157	3408
554	205	1819
0	317	73
79	198	342
4	484	3379
501	692	1908
0	228	1509
0	278	2691
0	582	538
2	198	2664
0	5	304
0	8	2865
4	586	21
2	103	1499
0	145	798
839	23	245
0	6	374
389	34	1331
15	455	523
0	440	51
15	135	116
10	87	594
10	87	707
236	615	2644
17	133	103
0	231	801
1409	973	2294
2	237	230
2	69	4066
2	103	870
13	269	409
0	379	502
10	46	1009
0	132	1125
0	46	725
2	103	137
762	126	3317
29	228	1806
2	132	532
2	22	1074
0	87	1203
281	282	195
2	658	230
0	107	1108
2	185	216
15	87	158
0	30	692
0	116	94
15	802	228
0	133	138
70	119	878
0	30	368
50	56	1
0	228	710
10	116	578
79	455	236
2	106	758
167	20	1
0	210	1119
4	220	563
10	40	635
2	30	1322
4	26	382
0	28	3276
29	116	1041
0	28	21
2	30	3480
79	28	909
15	215	3295
0	46	1501
13	23	343
13	228	1273
17	9	3604
1195	1196	2544
13	5	56
0	23	34
17	8	103
0	8	538
0	138	3366
0	520	124
0	106	2696
2	144	530
10	303	116
100	26	60
50	266	352
1149	9	636
79	76	124
346	86	500
0	502	3473
50	8	4067
10	40	2433
491	231	761
0	6	3041
10	8	4
10	6	390
0	6	110
0	134	2574
13	116	2759
0	87	95
1396	30	3097
10	222	2394
0	60	1674
242	14	111
632	484	3033
0	205	910
2	6	216
15	40	124
15	116	922
13	86	2300
0	14	177
0	449	395
167	8	2053
2	55	1
50	23	847
167	20	3166
2	56	90
50	60	1456
0	92	63
10	3	768
29	6	3193
17	91	47
0	376	222
62	64	895
717	32	227
0	91	229
13	893	177
0	46	1007
181	141	586
0	311	432
279	170	321
0	449	500
363	72	297
2	116	517
0	30	2098
0	658	1692
510	511	915
1006	23	222
29	34	3714
50	5	1541
10	917	111
276	536	95
17	28	909
13	55	363
0	543	4124
0	116	284
15	302	74
10	6	1102
1147	8	1425
0	103	1908
62	14	153
0	225	1548
0	55	496
2	173	2949
0	329	695
909	145	2396
0	249	324
100	198	493
29	6	237
0	499	3874
2	6	488
572	307	42
454	98	450
0	483	735
0	128	1536
0	130	1100
50	116	2959
10	65	82
29	30	263
2	215	518
89	54	2829
0	22	1074
124	21	18
15	1025	3578
0	376	53
2	5	236
13	134	3058
989	108	2240
4	8	332
10	23	752
68	145	88
13	56	2295
2	218	388
10	559	2783
17	251	804
0	65	1985
0	34	11
708	63	63
17	8	236
10	8	334
179	192	716
0	92	350
0	329	820
13	379	111
10	103	296
2	511	575
93	8	86
0	8	2793
79	8	2053
17	14	373
17	23	44
10	119	119
849	20	73
0	376	213
239	76	2048
62	1515	3413
167	615	1600
2	256	207
0	231	55
4	56	1187
13	30	1393
197	20	144
366	264	300
10	8	249
29	6	536
1501	419	258
0	20	318
10	119	2155
10	103	288
15	6	1125
0	215	262
1708	192	2894
15	8	248
333	228	3652
68	25	376
1291	1292	2761
990	374	456
824	343	384
0	55	158
4	5	382
79	177	2749
68	231	2598
0	128	73
530	86	830
0	14	1772
46	87	158
79	240	3691
0	191	523
323	23	222
693	3	2839
13	8	687
47	134	189
4	1178	3524
1398	91	297
2	91	4107
13	23	794
79	1420	392
50	65	727
279	672	217
10	55	787
10	237	1091
10	135	1136
10	1277	16
1516	767	494
109	23	222
17	8	700
324	30	73
2	91	248
62	917	111
4	217	265
0	365	284
0	91	755
2	34	1999
2	132	203
1005	336	1996
1032	103	2300
0	34	1849
79	9	4
0	65	1666
2	72	1179
10	237	2589
100	45	258
623	449	670
181	141	208
29	148	161
13	11	189
50	317	73
0	559	119
0	87	74
10	8	158
17	251	1468
15	8	68
324	392	53
0	185	1185
100	161	804
15	224	502
1030	1031	1683
0	185	1285
10	203	246
2	205	910
2	3	1
273	177	637
50	74	847
333	692	551
2	91	2545
17	635	63
2	46	1610
15	30	326
0	103	21
4	392	628
2	198	236
15	906	144
2	298	2026
254	887	396
242	14	1064
10	87	525
2	8	832
0	737	294
29	502	35
19	20	144
2	61	88
348	244	586
2	878	1587
10	87	11
79	514	342
0	251	519
50	316	173
50	8	1298
10	6	2456
0	225	1409
1094	484	144
10	105	3743
0	257	173
15	506	3571
17	1080	236
0	221	1359
0	23	373
554	205	661
0	37	3328
17	8	3535
2	23	2512
50	119	807
10	264	222
0	40	266
15	890	18
0	26	63
68	231	84
179	5	1714
996	328	2241
614	20	47
62	74	1823
29	215	1056
0	34	2447
393	220	502
2	220	931
239	231	977
10	8	3105
17	8	541
0	128	63
0	90	571
38	231	184
0	1307	540
1153	14	91
4	224	691
0	426	3006
1109	63	58
562	30	889
209	45	603
326	20	221
2	120	3280
10	23	3783
10	6	325
50	204	1808
2	802	228
0	315	328
326	20	466
17	20	1270
0	26	343
0	128	425
167	615	153
17	8	473
15	65	374
17	23	854
0	6	137
4	484	144
0	106	370
15	565	48
15	8	3382
100	133	884
4	72	2587
10	25	848
0	116	670
0	45	2835
101	65	726
584	700	3654
0	103	516
285	8	384
0	9	3892
10	92	91
13	26	222
0	8	1200
29	441	477
29	1278	1268
2	521	374
0	60	110
0	86	73
100	598	956
2	67	758
79	1479	1705
13	103	99
0	30	11
62	72	540
2	263	211
10	297	962
29	177	92
4	231	1983
13	34	114
10	60	248
79	198	2872
0	30	1433
10	204	1894
2	45	1107
79	1081	2201
10	392	3077
2	11	124
15	6	2153
0	215	74
0	194	227
2	376	552
4	177	897
10	153	1781
68	288	392
1458	14	63
29	317	291
79	389	3934
0	45	95
15	365	124
50	106	1107
15	55	124
0	5	297
2	593	756
2	30	144
146	244	158
0	218	167
4	105	502
202	30	11
0	22	23
95	738	88
0	222	22
100	34	1200
13	61	388
0	34	388
4	139	1951
0	9	3727
946	9	1814
15	106	1669
0	458	307
2	220	874
841	141	586
216	45	1468
1587	237	648
0	137	88
2	294	124
2	220	578
2	103	346
47	20	21
15	6	741
0	46	3657
15	502	35
10	11	4154
2	336	1255
10	60	124
10	175	2600
2	21	1637
10	887	396
50	257	63
100	245	103
0	628	93
273	198	381
0	9	5
0	55	1700
0	116	1463
2	185	228
13	34	69
0	55	114
491	134	3264
29	103	951
15	103	1382
2	964	90
305	306	420
0	103	137
13	8	3876
491	34	1044
10	456	2657
17	60	2066
10	30	230
254	91	2693
46	11	262
17	14	502
2	508	1358
0	121	322
4	108	2034
0	92	297
109	251	804
79	177	163
2	204	831
15	376	1794
0	210	834
2	521	725
362	9	1281
2	60	1968
0	177	752
985	1125	173
2	60	659
0	11	218
273	26	720
2	421	323
0	971	382
1094	26	73
0	141	167
10	63	63
279	118	203
29	20	95
532	34	503
2	251	3196
79	185	4153
0	74	3738
808	210	2549
124	192	617
2	116	2429
1464	8	3321
1152	14	95
0	108	1964
10	103	144
640	556	1034
10	72	794
4	438	217
4	458	3667
0	215	3782
2	719	263
17	177	15
15	103	137
273	40	628
17	191	958
2	46	137
10	87	1
0	45	2361
150	231	245
17	121	819
0	185	199
10	60	1399
0	46	230
29	116	21
273	8	189
510	511	12
0	311	3952
0	91	886
50	8	616
399	20	73
50	56	1742
0	508	1358
10	30	263
0	1541	226
691	14	454
17	34	692
273	8	502
0	103	4126
2	61	36
0	55	1071
79	1355	564
0	278	542
0	425	639
15	215	2036
0	108	434
0	46	2515
4	5	810
10	65	112
10	221	751
68	40	158
17	887	396
0	116	61
166	103	16
0	139	989
15	87	517
0	198	119
0	14	340
46	132	286
47	8	1436
2	228	2882
10	264	44
4	307	392
15	441	1768
10	11	1102
10	30	103
948	180	53
0	220	648
534	30	3951
0	381	1263
0	159	289
0	539	963
1211	103	203
79	228	775
1703	14	2053
948	74	63
273	586	761
1318	449	11
0	46	571
29	54	4054
79	177	356
4	312	381
0	103	774
0	12	1675
68	1606	3885
2	222	74
38	231	410
0	6	1720
47	8	3038
2	106	1225
10	6	2946
447	98	158
901	330	1074
31	381	349
29	765	124
2	1143	1669
10	18	144
10	88	1102
0	65	1793
100	26	96
0	28	69
667	1567	82
10	23	523
0	28	1093
391	8	158
95	725	2538
13	9	328
550	157	84
0	734	322
13	205	21
0	103	430
2	23	63
0	60	95
15	78	597
271	237	360
2	6	3792
79	288	1457
273	5	502
29	30	2639
15	87	477
13	30	4133
4	14	226
0	577	3502
167	231	1600
0	30	3471
27	20	144
2	508	1568
809	317	73
13	8	2497
0	55	103
0	25	1616
79	56	78
0	199	422
0	944	742
0	116	3089
4	231	3820
0	353	519
0	145	1035
17	56	1267
2	5	2115
0	210	47
50	8	424
0	108	717
2	46	74
29	103	76
0	11	571
2	55	460
79	8	1631
0	34	165
858	72	801
596	790	130
10	215	114
494	198	493
13	502	35
4	20	144
2	57	883
31	412	104
89	455	130
29	821	861
13	20	578
2	177	373
15	30	51
276	56	1705
2	658	239
406	30	440
100	264	1221
0	60	382
660	22	554
10	257	1
2	26	73
29	26	884
13	20	583
0	694	53
0	288	180
0	145	1910
197	20	73
0	153	11
62	63	195
0	225	1164
0	397	124
1114	91	297
710	120	8
15	88	1642
2	87	366
2	103	2081
0	46	203
0	627	251
10	23	167
10	45	3113
2	398	36
0	132	471
2	684	390
79	616	996
0	54	1495
100	8	3515
2	471	95
0	91	502
243	14	883
2	21	346
100	556	21
0	23	1092
0	343	1537
79	8	2986
167	8	88
15	88	318
101	876	851
0	34	840
0	5	537
79	455	1943
2	46	57
79	231	3588
142	191	104
0	210	322
0	103	1399
0	34	2515
10	153	1645
10	23	2677
4	77	69
50	156	63
236	472	2649
10	20	476
50	761	1303
703	92	1166
4	20	606
0	139	63
4	72	64
10	30	1918
29	88	1739
2	46	1212
15	175	502
46	463	54
10	86	338
1652	8	88
29	398	405
13	374	758
0	1	0
10	257	63
593	264	1268
79	598	342
0	30	1124
10	506	1056
0	141	2981
66	8	3936
17	45	886
10	23	34
2	103	144
10	177	1019
10	8	1930
236	177	411
2	55	1391
15	220	95
29	6	137
2	88	1916
0	455	392
0	23	1193
1565	8	195
2	23	1654
10	157	1980
1264	8	58
2	61	646
2	23	344
0	6	3986
84	14	344
2	215	894
10	145	291
13	177	820
4	8	299
13	11	813
0	6	1882
0	34	2891
10	46	318
0	797	343
987	54	373
2	627	104
0	394	2830
29	6	390
0	91	2698
15	11	3803
0	316	552
689	212	1756
486	5	167
2	21	352
13	1085	222
0	228	817
0	264	229
10	177	291
10	30	247
15	178	206
150	108	822
1230	60	993
373	8	245
15	120	2117
1536	897	151
2	91	1823
35	14	89
723	268	98
35	231	91
657	320	999
10	55	776
10	30	300
235	55	1525
10	46	1799
2	12	2821
62	1673	4068
341	46	491
279	118	321
10	9	328
0	9	395
17	23	580
273	231	1214
10	34	1351
0	8	1888
10	116	2953
2	46	517
29	45	193
0	376	867
604	738	88
0	145	1750
1266	1267	2714
46	30	113
79	295	398
179	20	65
15	86	74
167	54	2
100	5	2
2	228	964
2	20	476
0	141	3918
0	121	63
491	45	1648
10	210	352
0	256	11
0	231	1214
0	54	1268
0	192	735
124	339	137
15	155	1
2	87	124
2	91	91
100	278	90
29	11	1544
179	20	2369
10	6	1499
17	191	1879
0	666	776
89	815	73
15	237	144
29	46	144
0	34	2425
253	545	338
416	20	551
0	8	3047
2	116	2147
510	718	2132
0	210	1100
46	87	1379
2	471	309
503	76	494
377	126	163
15	21	16
1235	40	158
35	522	226
4	484	21
13	336	1222
4	220	193
333	76	434
79	1164	502
326	1229	793
10	72	2743
0	467	1925
2	375	2182
29	34	3148
10	6	549
0	796	502
48	49	373
0	192	3822
29	65	1068
0	87	115
29	222	124
2	14	883
79	268	35
10	92	2347
29	6	45
29	6	1255
79	23	2229
10	74	752
702	228	226
0	1125	61
273	8	86
167	20	21
428	429	483
232	231	344
66	8	920
13	30	2526
10	369	98
143	26	49
0	25	61
0	8	603
10	405	2990
0	55	768
17	231	91
2	6	4021
124	30	1412
2	185	3670
50	9	1533
10	87	114
17	22	1230
124	6	21
0	6	3364
273	26	2690
0	65	1745
10	8	119
0	103	228
0	8	1709
2	256	1136
0	30	218
10	3	131
15	153	546
15	65	471
15	786	687
1150	128	61
0	14	1436
279	118	1620
13	74	1666
655	20	11
0	436	124
0	23	4164
0	263	2270
4	573	88
981	8	58
29	11	1
10	40	1893
17	28	3111
0	295	1
80	231	53
0	74	2185
10	582	931
4	8	4165
79	1384	2765
79	8	173
0	14	125
0	92	2141
13	34	144
29	120	23
468	64	2
15	103	1400
2	138	306
352	141	586
2	297	390
35	14	91
0	258	322
15	30	2647
29	103	4118
47	9	328
0	86	624
15	3	3130
17	263	1974
2	23	794
50	20	1688
2	28	3547
17	192	63
17	257	700
13	8	1928
0	231	720
35	198	493
53	14	53
13	65	1125
79	157	766
2	86	3344
10	175	227
0	8	383
2	91	295
15	30	670
491	23	1238
10	25	1713
2	1437	996
46	228	861
100	191	104
10	107	63
0	8	3284
0	210	256
13	228	334
13	55	11
333	20	942
276	8	3442
2	316	228
0	1055	1370
79	14	291
167	72	3597
272	222	284
510	106	924
1188	141	586
10	103	216
15	25	334
17	8	3131
0	26	3047
2	138	145
79	8	1577
68	288	373
29	683	2142
10	116	347
17	14	847
47	137	1669
29	6	951
13	91	1864
17	92	174
50	5	2881
2	65	354
17	14	88
362	9	1392
2	55	1056
79	115	1783
2	86	100
0	8	2424
143	224	304
0	302	571
50	45	603
29	449	1007
996	1101	431
2	9	1350
0	92	163
0	134	722
124	116	3120
2	88	158
15	215	2568
10	222	618
0	139	47
2	257	309
29	132	137
0	1604	3880
79	240	526
211	212	3208
17	9	3981
2	237	1203
13	1116	385
2	683	63
29	46	390
0	906	3877
17	5	495
80	231	322
2	1336	3035
10	210	381
2	467	203
0	816	1484
0	28	119
15	215	114
0	991	493
7	8	4
0	6	288
17	23	2344
13	69	865
29	256	88
922	14	304
2	60	203
0	177	2265
10	116	1524
2	110	1139
1306	155	3996
47	8	159
0	8	171
0	46	1
79	577	527
2	52	619
0	1488	406
1192	8	4
13	20	2099
0	177	3210
1570	116	103
15	32	2352
0	440	2261
13	116	517
17	133	4127
13	539	73
50	23	1854
13	278	2847
366	103	1379
254	91	862
1109	103	45
2	21	1
10	103	137
4	26	63
15	25	2246
1190	1191	575
15	8	1672
10	8	127
0	8	928
0	230	969
4	381	323
1514	748	367
0	30	1054
15	55	1692
0	8	1079
285	8	3207
10	8	116
10	215	517
15	215	74
373	231	245
17	20	1428
29	91	2883
89	20	942
15	866	530
0	91	356
15	65	1720
4	25	3672
15	1487	374
79	23	1883
2	966	308
580	522	1052
79	76	3950
50	23	297
0	107	63
2	30	1030
1057	137	2143
952	215	11
2	88	2415
27	28	144
17	92	876
0	106	106
89	20	82
0	152	222
10	55	284
2	1209	493
68	54	1989
0	231	387
0	474	11
10	144	1
124	65	203
79	228	236
0	116	124
0	676	1754
124	11	81
2	436	76
2	12	563
2	198	342
708	9	2677
242	8	1808
17	23	1810
10	92	127
79	149	1303
2	24	18
510	30	1128
7	1068	291
2	504	301
47	157	1044
79	108	411
0	231	467
124	517	2721
10	6	646
566	8	319
399	115	73
70	134	158
13	55	366
17	8	327
47	198	236
0	153	986
10	188	1144
100	8	1447
656	484	21
0	55	1717
4	1687	2307
131	8	249
29	263	2322
0	72	1355
2	9	1669
17	177	229
2	11	309
726	30	667
4	26	103
597	1003	1139
10	198	1373
15	32	262
17	40	2844
0	199	2062
15	30	1353
13	69	3293
10	8	1303
0	97	90
13	103	45
29	21	3476
0	30	1231
15	215	1867
0	25	384
17	34	1042
0	116	1007
0	134	228
79	192	956
13	45	490
216	126	88
79	76	1110
62	63	300
17	738	38
15	11	303
15	116	3259
774	320	999
4	118	1622
0	102	352
0	320	999
1123	6	16
58	449	11
2	116	228
0	106	1136
2	6	1719
46	802	228
29	88	2084
109	60	195
17	392	139
2	103	1258
0	316	83
13	87	21
0	559	1018
363	72	53
2	132	325
2	55	577
1269	40	2717
2	6	1185
2	256	414
537	30	3548
0	116	2882
0	134	813
10	800	607
10	60	390
0	192	2561
15	3	18
0	267	1681
776	8	58
10	8	1825
29	55	11
4	765	332
29	11	124
10	215	806
15	106	2213
17	924	616
68	969	392
0	11	142
597	585	35
0	103	726
4	20	245
2	215	722
0	132	16
1294	586	500
29	802	2838
2	46	228
100	34	144
239	522	91
0	16	11
10	153	499
0	132	76
2	28	3276
1213	92	3656
0	228	3763
2	6	352
1327	8	58
0	6	4043
10	91	481
29	55	577
0	8	4002
333	731	1234
0	23	91
0	228	284
2	128	2739
10	90	368
596	455	4123
2	398	1345
933	170	1762
146	147	158
47	8	2964
2	137	644
640	279	1034
29	65	751
314	241	58
10	5	53
0	8	492
100	692	712
2	120	2028
124	46	1684
79	1178	411
13	30	578
2	55	74
62	126	63
47	8	3486
29	8	443
10	11	394
79	54	291
289	45	254
0	876	363
0	171	261
117	1117	11
10	8	326
2	116	239
29	21	16
15	55	1
2	23	297
29	6	182
17	799	541
0	23	988
0	218	130
1431	130	1695
2	56	1736
0	515	2735
2	103	530
0	26	2874
2	86	1007
13	440	4093
464	8	434
84	1682	167
4	37	195
1601	23	91
66	76	124
2	316	124
4	8	49
2	6	21
1069	8	2671
2	237	390
10	231	340
15	23	167
2	88	1
2	61	2200
29	116	113
10	21	137
79	173	363
27	231	195
2	6	3966
100	8	502
578	579	356
15	8	669
518	40	1112
13	6	347
0	144	218
15	225	5
15	65	1538
0	69	917
15	51	12
62	74	684
167	177	2026
0	91	543
0	1300	213
10	46	598
0	517	1445
0	215	1026
7	405	23
0	210	1984
2	6	1671
124	6	1465
2	103	1318
79	725	1205
580	8	248
29	6	2596
140	382	158
0	198	1290
826	8	153
4	1042	86
2	329	821
2	106	2501
2	46	75
0	177	489
17	8	68
0	330	1383
79	34	166
29	55	158
15	436	21
66	728	890
254	45	1629
13	32	722
13	23	1167
0	23	1666
13	6	112
31	191	104
79	23	389
1181	103	352
10	185	76
0	30	3802
4	5	801
15	6	76
79	261	2073
4	86	2020
0	103	973
232	34	273
17	8	1872
0	316	286
17	60	502
0	11	4060
13	994	159
645	646	1050
2	116	4033
15	202	239
1036	23	3677
89	790	130
17	28	1290
1577	361	1866
100	134	1162
29	139	159
10	192	224
124	365	1704
0	26	708
0	9	1828
17	249	1423
0	103	112
50	55	11
0	502	23
0	319	291
0	23	111
10	971	624
0	88	317
50	23	1278
0	46	623
0	238	2
874	875	1586
15	215	158
124	246	2145
0	65	1513
79	231	3698
35	118	673
4	1430	245
0	87	570
17	8	381
29	565	263
10	6	797
79	127	502
2	3	2164
555	836	1512
2	237	158
2	220	506
0	20	436
1022	61	538
0	5	4032
0	6	3009
0	46	2414
79	8	15
250	127	325
585	63	95
13	6	1857
46	103	137
296	215	11
124	6	137
13	1062	804
17	177	4045
79	522	130
285	126	193
2	103	430
2	120	1271
17	126	1027
0	28	132
313	23	3666
68	97	1341
100	392	21
0	137	603
324	14	16
124	3	382
15	120	517
2	65	288
2	30	1676
0	65	2754
13	433	3655
2	91	3157
0	297	368
10	6	1412
2	318	1737
79	63	2975
2	14	53
1382	60	1729
2	103	76
580	91	804
2	237	477
15	25	95
480	116	524
0	5	2337
4	198	455
15	87	594
27	20	568
1456	34	3304
10	6	1
0	330	475
2	103	1799
4	118	2825
2	45	2209
4	92	85
79	392	540
150	941	322
0	686	167
10	65	1
0	127	122
89	8	299
0	251	197
0	60	3932
0	14	1057
13	9	3007
100	91	87
708	177	3466
0	486	739
2	132	16
0	137	3478
0	6	1908
13	116	722
2	330	60
0	34	1107
0	228	3292
2	392	813
0	30	1567
948	376	34
15	168	190
15	55	74
254	14	450
0	231	628
47	20	768
0	490	217
0	6	535
15	87	74
10	20	962
79	63	3300
0	32	94
0	6	3483
2	8	424
79	8	2606
66	23	1880
2	116	402
167	108	80
2	144	374
0	434	91
0	116	4055
2	23	1376
1009	72	2004
0	25	848
13	1086	3618
852	91	328
0	316	613
0	30	16
10	14	1225
1598	855	11
2	134	333
2	30	976
47	20	607
167	20	47
2	26	526
0	628	2000
15	11	3088
17	56	2507
27	615	2876
0	210	2314
10	128	193
167	20	940
327	126	852
124	116	262
510	92	63
2	222	532
79	801	195
0	135	392
324	149	16
13	23	1652
0	318	127
0	9	2064
2	1011	629
29	21	22
0	60	390
1627	20	144
2	237	137
0	92	2042
0	8	2019
236	177	2520
10	3	74
870	21	1036
0	186	1508
0	6	21
0	1355	2973
62	40	279
68	92	2687
2	103	951
10	185	3318
273	792	552
29	148	1417
79	26	3153
2	56	423
15	55	3674
0	153	546
0	318	4138
29	6	67
2	116	2954
0	696	474
13	173	263
66	419	1631
29	30	247
2	6	354
363	241	53
2	116	18
2	32	236
17	264	540
0	88	61
10	37	502
29	8	1581
13	65	3286
79	8	3057
2	103	1485
62	74	291
0	8	174
2	30	392
701	316	3538
4	34	540
2	220	2432
68	231	167
2	144	3673
47	92	876
46	86	115
15	369	98
4	8	92
29	1130	11
590	231	2262
0	34	200
2	127	1678
2	222	908
46	144	1625
655	20	263
0	61	523
10	63	249
197	484	245
29	88	2762
2	159	287
17	401	596
0	23	573
13	125	359
510	231	91
46	6	316
55	1367	11
377	116	1212
242	204	174
4	5	2
15	6	433
0	388	193
1425	298	3197
588	14	945
206	63	251
4	8	199
79	522	1052
0	11	2145
0	30	203
58	137	38
15	813	3732
0	862	300
2	445	3774
0	1129	1705
79	8	195
2	278	90
4	92	158
0	20	597
1665	56	207
1365	1366	36
0	30	562
10	1003	3949
15	3	768
10	87	338
2	99	247
1334	1139	11
0	436	3354
29	60	21
167	8	3033
0	436	158
0	91	297
0	215	571
2	98	170
2	55	100
10	72	554
2	55	2453
2	87	394
1320	65	137
273	945	381
29	6	1375
2	23	980
10	55	2117
0	26	502
2	91	245
197	91	167
10	6	626
0	400	3261
2	6	346
10	264	1885
0	103	3420
2	251	197
0	177	17
2	74	297
2	56	1017
15	6	316
2	55	2685
109	177	15
10	3	262
47	134	813
15	8	424
15	6	726
4	74	63
10	65	1720
272	83	70
262	9	804
766	22	1310
0	228	4108
2	30	722
46	6	374
632	191	399
29	21	228
2	215	1056
50	231	454
362	8	424
117	88	11
17	8	980
0	8	328
324	627	2871
0	12	1458
0	317	300
0	30	3853
0	395	282
35	149	88
809	879	505
0	460	962
13	460	144
68	231	3662
1579	141	151
79	8	1147
15	11	525
273	231	547
0	251	603
2	152	2659
13	134	889
68	559	2169
13	60	1261
29	134	158
2	60	1399
0	185	390
47	231	84
10	441	124
29	6	791
62	118	53
0	21	3371
0	34	648
15	658	1851
79	134	124
2	88	806
2	256	2043
0	1599	222
0	737	222
1591	1307	3680
4	617	997
10	14	847
166	30	187
0	8	43
10	502	35
10	30	2210
324	490	65
15	88	158
1245	45	197
0	215	3160
15	6	137
771	20	1314
292	8	695
15	132	288
0	1068	502
2	6	1561
254	251	804
124	116	11
17	121	1550
4	98	92
0	192	538
10	91	975
13	547	3902
2	88	530
15	303	523
2	763	48
0	8	960
326	1229	144
705	88	218
2	21	1448
0	45	1082
15	6	1793
2	6	76
2	816	667
2	251	603
0	92	2005
15	369	1275
140	34	2856
2	65	791
4	191	299
1248	240	300
10	30	1096
270	298	1661
0	54	3285
0	635	63
370	34	544
15	221	275
0	434	352
15	6	45
0	371	547
15	119	807
10	139	861
13	23	1666
62	63	451
15	30	1
124	30	517
62	14	752
124	3	768
216	14	163
176	23	167
0	26	1137
216	45	603
1484	23	222
17	8	267
79	111	263
10	46	11
4	307	1489
0	8	807
79	134	158
29	1062	2267
79	77	113
89	790	540
29	12	869
0	6	3050
0	1381	3037
1295	8	4
15	185	1542
0	14	136
0	1518	88
13	54	563
2	137	88
122	6	217
79	23	2969
0	492	4149
589	40	158
15	83	1890
576	284	999
640	556	2276
2	9	1696
15	365	284
10	16	11
207	208	253
100	134	158
15	238	104
1664	688	692
296	87	477
0	83	1616
0	180	11
79	69	1490
10	8	523
79	56	71
0	460	114
2	658	2868
2	60	18
124	6	870
0	106	38
109	183	2692
0	676	293
2	185	3447
501	173	90
0	760	552
29	6	623
882	883	871
0	145	61
29	128	1146
0	46	72
0	218	384
0	156	727
10	34	586
89	1085	1983
0	605	248
2	55	787
0	814	338
68	192	4101
13	152	222
4	220	228
0	520	2576
0	1106	286
854	855	100
706	707	47
29	65	1262
296	46	503
1218	153	158
2	28	850
0	6	820
146	1165	158
79	134	630
989	378	88
0	257	1522
0	41	90
2	46	3958
2	1145	3522
17	28	473
0	45	1058
0	88	144
17	56	1044
963	964	90
0	87	2402
68	26	1750
0	8	80
0	8	1705
2	23	590
7	565	203
2	65	313
1409	141	158
79	171	411
13	198	3457
0	26	3204
4	548	158
0	151	1111
13	23	2842
0	30	796
0	1008	349
2	256	1443
0	298	390
0	103	951
13	55	1455
273	145	144
0	65	3919
0	471	394
17	975	60
904	905	1680
362	945	1392
614	484	399
79	26	427
0	34	2469
276	135	332
0	297	2626
0	83	263
0	683	2243
1362	61	3686
254	56	336
0	83	578
0	931	874
80	231	410
4	26	615
632	54	820
2	985	2322
327	126	523
0	116	113
10	761	1303
0	12	243
17	993	502
0	6	578
2	263	1953
79	790	392
2	61	104
216	145	1472
510	511	2932
0	912	4188
79	1001	398
15	103	18
10	311	286
254	26	328
0	112	109
68	586	84
273	180	130
13	46	284
239	1003	2077
10	6	347
0	87	390
10	421	158
10	376	423
321	141	2294
13	8	392
0	210	2122
29	134	1295
15	103	1255
2	23	343
0	908	249
13	12	3406
273	8	955
1698	141	1186
13	74	63
0	128	133
2	6	2051
2	86	1107
0	6	598
2	21	1925
242	63	834
79	34	124
10	237	578
596	455	130
0	188	1325
0	14	3482
4	127	502
124	103	355
10	559	1893
2	975	2334
79	76	158
95	228	1328
10	103	45
35	14	2258
29	215	228
489	34	1044
0	103	1255
0	6	390
253	545	411
0	20	3254
0	30	3761
2	287	387
15	103	618
1184	378	1263
79	309	130
0	231	95
996	126	431
986	32	199
79	231	1272
79	60	418
13	55	414
0	737	91
4	72	261
2	127	624
0	65	3577
2	54	395
27	419	586
167	8	3313
1233	40	3843
15	221	3237
468	618	2
1624	302	450
0	8	2551
13	67	1002
2	220	299
10	421	674
2	6	18
0	14	3620
79	20	2464
100	5	250
7	120	144
2	87	1
216	20	2569
2	65	532
79	55	217
2	120	23
2	61	850
15	103	45
2	257	608
0	8	2168
29	902	355
15	1034	144
79	385	392
13	34	158
167	8	87
62	54	563
10	55	2568
101	14	2114
2	21	1503
10	22	1912
35	108	88
95	738	579
1446	130	3274
100	245	884
68	375	551
314	121	834
10	506	2214
10	6	137
15	30	463
4	5	418
10	30	1213
29	30	390
10	60	500
17	8	1384
47	559	119
243	586	481
0	357	384
0	145	2896
662	21	1255
15	906	1899
363	14	801
2	25	95
2	71	352
2	46	725
4	241	4172
2	86	665
13	8	968
2	298	35
15	1429	2171
68	375	384
2	738	1256
273	28	381
15	8	1014
10	91	1778
2	30	16
0	92	1034
79	455	291
0	37	132
0	293	384
0	8	2189
0	177	4176
79	20	820
46	238	1
0	121	174
0	30	1738
47	251	616
10	8	1709
207	959	1865
576	247	456
447	231	282
4	98	396
0	40	63
79	177	2648
73	20	1526
0	251	3866
10	65	1513
79	177	1630
0	144	1
79	8	1386
518	224	1529
68	484	332
10	25	1243
0	30	2554
17	231	628
2	8	3247
0	87	442
4	307	396
17	134	2507
0	103	1338
10	6	3611
461	60	690
0	30	262
0	185	1911
79	455	2859
109	8	779
2	128	2627
29	462	3968
1076	251	492
812	126	88
79	381	3057
13	5	248
403	149	2603
0	297	1299
4	56	3989
0	237	1
10	83	1537
0	55	51
17	23	651
0	56	300
15	11	393
745	45	38
13	6	23
70	369	98
0	9	2136
62	74	95
13	87	516
29	127	3481
209	54	1480
66	76	630
17	8	2442
1184	8	523
79	177	843
10	34	2468
15	55	1768
15	405	863
10	8	327
143	40	304
254	8	287
17	1420	227
0	88	578
2	116	1030
1523	74	279
314	121	58
2	251	3510
0	8	1374
0	91	2207
10	153	338
7	116	562
15	559	113
420	1317	193
2	256	3301
13	12	9
66	191	2668
66	56	60
7	628	21
46	188	284
745	137	254
66	1333	1631
13	1410	3164
1123	6	3250
13	34	38
167	20	16
15	55	899
79	455	36
0	460	284
2	119	695
0	6	59
66	8	502
13	6	203
744	231	608
124	21	374
79	8	43
17	141	1440
46	103	936
10	23	590
82	653	3964
13	251	603
29	23	1340
730	1196	752
0	6	391
10	30	1980
2	521	578
0	177	291
13	8	87
2	139	3337
773	18	88
79	20	2417
0	186	1369
17	91	226
1561	9	328
100	191	958
10	6	1882
0	215	460
4	8	278
0	231	195
301	91	410
100	30	733
0	215	1594
124	1117	11
17	5	319
10	445	286
907	9	423
0	170	227
4	577	3054
0	1406	3146
4	98	450
29	6	228
2	103	1271
0	582	352
29	30	2038
0	238	2631
0	65	338
808	103	45
10	92	63
2	25	19
15	46	74
715	9	1548
10	128	61
13	23	689
0	116	4086
10	6	83
1177	188	11
124	87	124
0	30	2145
167	180	363
541	542	844
0	74	24
0	21	783
79	177	2285
0	30	167
10	228	759
17	8	779
0	177	1194
66	692	104
29	45	88
17	379	502
313	55	422
13	218	3930
4	8	180
0	87	624
0	177	297
10	6	2488
0	906	338
29	32	28
0	14	1421
0	54	395
29	1023	2043
17	1532	473
4	566	494
0	106	502
46	116	1353
418	30	406
10	116	2117
0	728	132
236	76	480
7	74	63
366	22	12
327	14	1686
0	269	76
0	228	1370
0	392	3013
46	55	115
50	26	91
0	26	47
0	215	390
15	132	45
2	90	1
53	20	2369
10	40	3059
13	228	1002
15	6	1201
675	317	184
0	46	1245
0	65	618
4	56	526
10	177	250
2	336	159
2	318	661
0	8	287
0	859	847
95	431	2590
0	231	159
4	72	2759
29	34	200
0	224	276
899	231	158
82	156	1160
68	8	392
79	8	299
0	320	456
858	317	801
798	86	217
35	14	2104
292	30	87
140	973	586
82	470	1160
13	30	3219
593	56	217
211	231	258
10	9	3235
31	191	1956
273	8	361
0	23	2340
79	350	4
2	222	1749
2	88	203
13	55	90
420	1646	158
578	732	3319
17	63	4030
0	144	1663
0	215	245
2	8	4116
50	231	61
0	487	88
13	91	687
580	92	167
2	1712	1736
923	26	103
1368	40	586
46	6	216
0	1020	3723
0	788	2848
62	316	45
10	56	483
167	8	103
0	551	180
273	8	4052
0	258	341
50	92	1434
101	6	98
19	20	291
29	159	88
17	8	158
324	177	53
279	118	2275
2	60	2387
2	30	3139
2	30	2873
13	30	372
239	300	31
15	231	95
17	1326	519
29	139	4041
10	267	326
68	97	3638
656	577	144
79	231	2476
655	20	108
143	76	2909
2	228	835
79	431	411
10	103	1793
4	220	3170
2	87	303
13	23	2566
1076	9	328
4	54	628
29	6	421
2	128	422
167	231	2738
0	8	163
29	6	3865
10	302	74
891	195	577
1127	127	2321
79	36	1147
13	8	328
79	8	3407
158	20	376
2	499	90
2	1180	2508
285	1257	1139
2	45	693
13	508	1358
1058	137	603
2	256	575
10	316	497
62	72	53
68	9	1548
0	247	364
2	3	1115
655	34	144
2	177	92
2	218	667
235	103	296
10	6	741
10	21	951
46	87	570
29	21	498
333	8	73
0	318	251
1551	192	2894
849	20	1543
812	8	159
0	568	272
17	121	322
100	157	175
273	26	1214
0	1685	4094
13	153	499
0	61	3472
2	138	888
15	6	263
15	467	76
10	30	3189
10	46	16
4	217	3991
2	153	393
10	106	374
0	34	4024
15	455	2063
62	220	550
0	121	100
10	11	124
0	25	2328
0	139	3972
13	134	3591
0	34	1334
2	34	1
0	65	1720
331	332	53
66	134	2083
0	256	1299
255	60	502
15	55	173
124	185	791
1069	1202	2809
675	376	34
239	177	373
79	8	392
100	8	2338
2	23	158
0	91	1065
2	23	2565
2	6	2133
47	137	38
79	8	293
0	46	853
13	190	222
0	215	623
2	11	594
0	23	392
0	26	3499
239	198	493
4	8	396
15	215	1736
0	192	1936
13	964	90
2	231	2152
13	6	931
0	14	820
0	30	2139
285	8	87
824	343	217
0	121	74
2	256	1131
0	11	2036
47	14	3413
0	55	338
124	127	122
0	374	740
0	374	2503
17	483	735
0	49	3939
563	564	895
13	177	3287
0	63	73
0	175	1629
1151	86	248
283	30	1616
13	256	414
47	20	144
10	153	507
62	14	53
0	60	1971
724	317	801
0	215	1946
849	20	144
2	6	83
50	6	818
79	8	3075
46	30	670
0	145	955
47	231	3413
29	436	1005
10	21	22
0	121	124
523	128	1866
0	12	1809
588	40	34
0	125	578
243	57	111
2	46	2582
10	30	87
0	6	727
537	440	111
2	6	1882
843	15	95
15	180	853
79	288	3172
124	520	2385
79	177	2811
206	63	3564
0	108	63
2	116	768
0	116	2031
513	8	1553
50	46	3718
82	118	34
2	349	39
937	299	58
10	11	829
29	45	38
31	25	2112
0	228	159
10	317	56
13	137	3757
0	585	322
2	88	1056
2	23	1392
15	103	286
555	251	3527
29	30	144
50	251	68
2	8	87
2	30	3799
0	92	127
27	20	2234
0	177	1934
62	317	2162
13	91	1281
273	8	813
0	400	68
0	55	284
29	689	38
1417	120	3177
10	25	428
0	23	1431
124	6	583
0	14	1266
0	30	2361
0	23	2849
1097	74	53
4	312	21
13	159	180
4	8	508
0	1622	3110
276	60	690
0	400	1708
391	8	4076
100	20	21
0	5	237
29	6	355
2	30	1296
1146	141	586
0	34	1351
1097	23	2386
0	91	3398
279	408	604
15	87	142
0	1369	538
454	98	2768
50	28	319
100	497	19
0	231	523
124	6	144
124	441	662
1385	103	471
13	177	901
0	231	2679
124	237	11
276	20	373
47	91	328
242	14	73
2	30	1105
2	123	236
15	237	390
23	245	502
176	177	373
2	55	575
0	251	492
809	879	2944
777	264	297
79	8	109
0	115	962
50	23	222
4	14	73
0	185	1815
89	28	3715
404	28	36
0	88	318
636	6	618
216	8	38
0	8	3716
79	56	1792
17	8	620
0	45	287
15	67	2261
585	1049	88
0	224	677
0	725	523
0	34	228
10	11	2191
0	107	3098
0	45	1289
79	863	252
2	1117	11
101	60	502
0	8	1341
391	522	809
10	55	1958
2	218	21
10	87	2657
15	8	3894
146	244	450
2	398	637
79	8	787
0	220	137
0	103	194
15	1008	2003
0	8	1974
1186	30	2522
708	317	423
17	45	473
0	6	599
2	106	115
17	32	199
0	1331	384
15	215	3306
10	199	61
0	69	3695
2	316	11
124	46	571
702	23	300
13	30	49
326	34	644
143	105	21
10	55	124
100	566	19
0	40	217
2	1508	48
158	8	58
0	40	199
363	311	801
2	60	110
1349	14	34
10	11	1771
10	303	523
2	65	82
640	137	3590
17	23	1518
402	20	600
46	87	2047
17	8	2490
17	8	540
2	185	4152
0	215	109
0	55	326
2	222	1585
0	87	394
100	264	60
31	328	3773
15	3	11
15	535	68
13	1478	1192
0	330	343
79	177	2035
524	251	814
804	231	475
84	707	3801
4	1085	3719
2	54	563
29	6	2680
0	1569	2973
2	6	4046
68	504	158
655	20	21
510	231	481
10	748	282
0	103	549
79	69	3588
420	421	158
131	8	1425
10	6	1265
13	256	1634
0	471	2471
15	6	2719
534	778	1333
0	249	4000
13	34	126
31	191	26
17	118	628
0	116	694
13	256	575
0	522	130
585	585	942
2	704	217
2	1508	203
100	522	250
2	215	2130
0	60	791
0	198	944
546	268	851
15	1167	128
10	14	343
79	198	236
2	145	1793
79	56	299
10	6	2642
0	23	222
2	65	951
510	183	481
17	383	886
15	25	1328
0	103	891
236	76	3846
270	6	39
2	6	12
2	220	579
15	763	1413
2	30	347
10	22	12
17	210	322
10	311	3855
79	28	158
10	22	23
0	381	523
4	224	2513
15	103	316
0	30	665
0	69	813
0	518	798
1631	8	616
29	492	2348
558	559	877
100	91	493
313	54	1307
1037	6	193
417	55	11
333	76	1564
0	1219	30
15	16	11
100	26	526
4	224	2178
17	74	300
2	8	957
176	23	373
13	12	2239
239	133	245
29	358	526
29	37	381
0	116	1988
0	192	2894
10	1240	104
680	170	1130
10	30	3849
27	20	3154
1096	23	300
29	152	222
29	30	768
79	350	392
2	222	144
211	231	3565
10	317	423
13	30	1657
804	145	627
849	1394	2073
0	198	660
373	591	245
15	106	3
17	177	876
13	46	39
2	256	88
2	6	2196
2	65	286
197	707	2545
0	103	352
13	998	90
1377	159	3017
554	318	2550
29	21	875
216	231	744
15	103	509
124	30	2416
13	32	2604
270	298	39
15	11	114
50	8	392
79	231	248
10	8	1705
35	392	21
10	65	870
0	63	63
352	34	513
2	12	1146
10	8	352
13	5	4053
362	9	167
1216	86	2592
79	419	646
235	103	891
2	8	616
17	8	254
327	126	21
79	618	931
84	14	977
10	21	203
0	128	121
10	8	3106
29	3	1
0	6	1979
0	727	1902
0	30	2306
2	157	388
10	6	634
68	54	1592
2	30	1591
4	312	1188
0	74	1406
590	231	47
1251	30	2670
47	51	23
17	121	174
326	1459	466
50	55	51
13	116	1751
15	22	3617
326	20	2710
13	128	831
2	719	2293
167	76	494
29	192	224
0	121	58
15	60	18
10	144	4185
10	210	943
1419	141	151
384	6	1661
0	718	3150
0	199	93
338	231	291
510	110	1139
13	1143	1669
2	228	3127
89	330	1920
285	126	384
362	8	1080
629	30	1018
0	8	3456
10	103	22
4	548	396
2	116	578
79	300	4
0	155	263
1016	786	2014
273	14	53
279	215	3956
15	46	670
2	65	54
79	8	2035
0	45	603
124	6	390
366	46	503
285	1482	1392
782	204	1146
740	1328	151
79	133	3737
15	153	158
1600	228	3947
0	737	3491
46	132	137
1528	65	137
167	615	195
0	92	91
2	30	1527
4	8	692
0	20	2306
136	137	38
13	394	90
1637	30	406
17	1497	804
50	25	1672
313	795	454
15	55	112
2	717	144
10	30	363
239	28	322
0	392	284
4	224	3184
0	30	248
324	40	297
79	330	502
2	116	3516
15	55	411
42	5	36
13	128	61
0	257	63
0	118	628
716	56	2625
0	54	2470
0	673	2997
253	545	1134
17	379	127
0	748	304
4	224	158
13	116	228
10	6	1043
2	8	381
2	336	758
0	1552	390
10	6	3788
10	116	3926
0	23	165
142	8	381
13	251	616
0	67	1456
0	25	962
150	14	245
1629	180	3946
0	218	388
10	215	518
10	128	2495
15	56	741
0	8	1281
2	6	578
10	46	137
109	8	3067
273	40	874
0	256	1890
0	297	228
13	34	2775
1670	192	825
1078	30	103
15	56	200
10	23	24
0	1505	58
0	287	938
10	86	115
2	6	654
2	998	90
2	144	517
10	144	1642
75	76	68
10	8	729
10	45	1433
239	231	1543
13	23	222
167	257	494
2	132	374
0	215	371
15	30	263
2	177	2689
2	202	1479
79	20	630
1326	251	804
13	128	1659
17	121	2798
2	46	1799
2	237	2081
17	8	2212
0	228	322
79	1620	293
66	8	1540
0	486	779
0	103	1132
10	82	1336
0	8	3247
0	23	423
236	76	19
4	419	73
10	120	517
0	87	787
459	237	11
2	116	2158
29	173	1185
79	992	199
13	205	910
79	198	2864
0	228	61
206	63	1015
10	21	246
0	257	834
0	204	893
0	141	1440
254	231	240
0	1117	430
722	72	1202
13	251	424
79	8	827
10	559	119
68	18	2046
15	199	61
935	1321	1266
10	248	323
2	144	76
2	173	1261
2	103	618
337	23	3309
2	215	1768
4	127	58
243	5	481
1279	1280	2737
366	231	240
13	803	758
13	34	124
13	134	646
29	30	3029
0	263	144
0	490	291
68	231	455
0	46	258
0	145	157
79	72	199
0	145	1273
491	8	695
1661	1662	110
2	25	3221
13	12	93
0	23	2706
0	5	470
0	55	1866
1553	14	34
66	610	728
0	527	820
242	8	1425
1287	231	297
909	145	798
2	34	444
0	103	3132
2	91	2
0	11	158
15	11	158
1705	23	222
0	8	502
29	8	616
0	32	3743
523	30	1866
17	121	58
1156	116	2423
0	63	226
324	63	16
15	65	1125
82	40	1775
15	6	3703
0	41	542
2	65	1132
10	520	382
2	205	2575
31	381	1956
2	890	18
276	76	2707
2	502	35
0	6	22
79	8	349
2	6	288
2	6	1435
2	32	1300
0	103	3326
0	204	61
10	30	3222
631	307	1022
2	218	501
79	8	695
79	108	1975
17	490	58
0	55	2188
46	6	347
0	520	3267
0	55	2924
124	65	751
0	1018	291
17	91	543
79	139	3747
10	316	63
66	212	293
2	26	523
47	45	434
1215	88	525
50	74	222
693	1033	11
15	3	158
0	137	254
15	23	300
17	23	63
124	471	2721
0	1083	616
10	46	230
0	342	616
0	648	616
0	30	1485
13	6	101
0	86	368
2	22	98
606	449	670
79	105	199
15	8	21
4	330	3417
50	23	590
2	103	488
2	23	988
0	215	218
0	161	1826
0	264	2353
4	245	49
0	1557	255
17	46	517
29	30	11
62	14	895
872	141	586
15	46	1353
4	224	92
13	8	502
10	6	124
15	11	1253
0	137	2071
10	215	203
239	133	60
0	26	1365
0	92	47
491	8	1366
0	60	3039
2	256	1634
4	20	1369
17	14	291
13	499	817
2	449	670
273	767	1214
15	51	48
160	161	181
0	521	374
1071	20	756
2	202	11
510	14	563
0	231	982
17	121	299
2	134	2320
0	180	853
554	205	2804
0	103	124
1208	23	367
10	392	21
0	128	3183
31	191	942
10	106	23
0	110	1195
0	25	1484
533	56	833
13	134	813
0	186	103
10	45	38
0	30	2346
95	261	523
2	192	163
85	86	78
2	222	137
2	45	379
510	72	2350
10	1008	349
0	506	2049
167	692	95
79	8	127
13	1160	115
31	108	399
977	34	1921
0	23	245
0	400	3675
29	192	1802
0	210	250
447	69	2993
10	128	826
2	56	4171
270	6	390
10	177	110
0	284	3854
2	361	390
15	55	48
2	6	316
2	511	1131
82	434	1775
0	103	2394
4	28	382
2	23	1505
124	237	378
79	40	195
0	419	962
13	55	337
50	30	644
0	220	3383
10	8	779
0	1383	1285
740	141	319
79	76	646
29	30	911
239	76	592
15	60	791
13	6	21
0	69	765
29	628	422
29	198	342
17	121	373
0	1020	1117
2	103	2475
2	132	1125
0	6	11
15	60	198
776	8	174
78	302	571
0	261	754
62	429	483
29	6	1215
10	231	3305
2	460	444
0	45	3590
655	20	144
46	297	1717
50	8	343
46	471	624
100	8	381
0	23	1976
17	23	17
15	11	21
0	86	63
15	8	443
15	60	502
46	87	624
0	381	287
10	343	124
124	520	3610
2	134	889
29	21	583
1175	1548	413
10	542	1303
4	307	184
10	116	18
2	126	800
2	30	1378
2	134	142
15	265	68
0	661	3920
632	20	21
79	381	1457
2	103	2744
124	55	124
0	1200	1303
428	429	3785
2	116	524
1506	159	543
2	231	1472
10	297	1692
29	134	646
29	103	374
0	74	2782
1204	231	2562
15	11	2406
0	1540	300
1183	194	167
167	56	227
50	263	2322
10	141	1778
0	87	3060
2	1498	3429
468	54	1508
75	385	68
716	54	1251
13	177	297
4	218	58
0	88	63
0	385	1263
0	230	217
13	91	328
0	128	243
242	8	1872
109	8	249
2	6	1947
29	60	1399
79	200	238
131	8	174
13	6	45
10	23	3717
0	917	111
0	55	100
50	192	224
0	21	2908
0	1612	2016
13	128	1146
10	231	53
0	6	3836
124	116	644
2	6	3673
10	34	2771
211	212	2977
0	405	394
10	132	137
124	6	22
68	484	21
273	309	381
0	121	3376
323	5	3642
13	41	90
0	74	97
0	141	545
4	484	714
78	302	11
50	204	3825
0	8	627
10	46	1339
0	8	742
0	133	328
47	251	405
15	3	578
716	330	809
242	361	1363
10	34	1098
10	8	80
10	6	2394
15	153	2921
15	103	725
10	6	2194
109	8	1452
15	103	16
15	6	3169
2	46	39
117	30	1799
2	116	113
0	45	193
620	25	1718
0	177	2206
844	845	481
10	30	347
2	55	1131
858	63	2621
2	511	3279
0	1453	824
2	88	228
79	135	646
197	91	231
281	730	1231
333	8	245
491	123	236
0	65	83
366	1202	2602
2	61	2127
29	215	390
0	118	158
0	103	2163
17	23	77
239	231	77
4	484	299
124	103	284
0	717	124
79	261	199
79	295	103
29	508	127
4	308	73
13	192	758
15	214	21
4	14	2824
4	177	170
10	177	297
0	8	392
0	1415	3175
0	40	47
13	1290	359
0	87	1575
2	6	45
0	264	1780
242	8	779
47	34	1042
13	106	1136
13	1701	392
0	45	2758
13	23	988
0	34	70
2	256	1608
510	25	924
15	87	11
29	116	263
84	707	245
2	20	578
0	65	727
100	8	158
1483	56	3375
0	11	1573
29	55	414
510	511	1923
0	34	577
79	300	802
29	74	297
0	426	872
2	689	38
150	389	73
17	14	772
2	34	526
10	74	423
0	205	1568
585	63	88
79	421	411
47	23	573
79	474	1153
935	263	3076
0	6	726
0	878	3665
124	6	2597
4	20	299
2	8	443
0	256	2807
0	45	1217
13	8	2070
0	8	437
13	228	1200
124	6	374
2	237	18
773	18	144
0	263	2420
10	103	1882
2	120	3973
273	1170	591
35	14	88
2	18	124
17	45	38
0	231	2439
66	28	2275
10	103	2153
13	364	114
0	23	2942
0	443	3188
29	30	45
254	171	1121
10	87	158
0	21	3324
100	1342	105
176	376	2151
990	991	456
35	14	167
0	14	2353
4	8	1673
1021	449	11
79	134	109
2	436	1005
15	455	987
655	20	1234
0	238	63
0	46	3272
990	45	2157
2	28	236
0	23	906
2	522	396
2	1117	137
10	8	692
2	25	611
17	1001	3884
167	76	690
29	88	115
0	107	2709
2	132	2546
351	220	511
0	225	1793
2	421	92
0	198	3348
47	247	2741
7	256	112
640	8	3203
0	316	646
4	37	163
0	46	578
17	8	1769
29	88	11
15	55	3180
7	6	1
10	6	1584
100	55	401
0	228	854
100	5	49
0	210	1866
333	20	144
0	372	352
68	69	1806
510	801	91
17	616	1466
13	244	396
100	134	3084
0	128	422
273	36	932
17	8	2806
243	376	4098
239	240	291
2	60	54
0	906	623
15	127	122
2	88	3071
239	1179	73
0	46	51
79	810	347
0	65	286
29	251	2289
510	92	3560
2	689	434
0	6	4132
17	46	72
13	14	73
0	103	751
0	72	2426
0	263	649
68	8	158
0	56	217
1233	127	752
0	21	374
593	1034	263
17	23	1159
0	173	530
79	134	1517
254	91	184
15	46	137
10	6	728
0	32	199
46	6	16
0	320	3117
0	263	21
2	106	38
314	108	2651
29	3	392
2	132	76
29	55	3180
10	116	524
2	55	48
10	30	1353
10	34	21
13	91	295
10	74	1392
0	34	2802
0	26	3201
417	46	571
15	119	3223
79	28	847
0	287	73
1177	46	503
29	11	1142
50	121	1550
100	8	606
2	316	578
2	132	137
555	648	3367
17	392	2910
15	103	216
10	6	313
46	638	1033
2	463	374
632	484	299
2	6	2506
15	23	222
29	21	726
2	120	3101
2	157	3255
2	159	88
29	297	3684
124	103	3158
4	433	58
0	177	1011
273	566	494
500	128	762
15	141	554
0	30	3068
17	686	735
0	88	3658
0	238	4020
15	71	95
79	8	322
100	26	1660
1526	144	124
4	231	3102
236	76	2843
17	20	517
13	153	158
0	185	2407
0	45	3168
50	8	492
2	20	853
10	545	18
273	8	12
84	20	245
2	303	1672
362	8	3411
79	76	2382
4	8	3786
27	133	248
2	310	693
15	83	1768
79	34	780
0	441	1
79	8	493
2	171	248
68	18	2818
10	46	1048
13	1564	35
0	6	471
0	231	3821
2	6	471
632	484	21
53	177	849
0	154	47
2	658	394
7	8	293
143	228	49
46	103	288
0	628	47
13	265	90
0	103	1743
13	214	90
15	11	1585
29	106	102
2	116	1811
15	72	2178
10	30	144
0	238	382
140	34	513
2	23	892
68	1533	158
808	65	352
46	86	11
1069	8	1155
15	61	850
10	40	266
10	103	390
47	231	195
1489	215	74
273	8	1402
0	238	423
15	25	400
17	40	500
15	297	284
0	175	202
164	98	158
2	471	1862
46	20	1263
0	215	787
1549	185	2198
29	106	1042
242	627	1015
47	545	1466
0	46	1939
0	440	326
2	8	171
13	135	90
17	92	867
239	198	342
143	14	3129
2	318	222
47	20	1191
0	54	628
79	577	236
0	103	983
4	1482	502
1433	913	1758
4	14	2059
17	28	139
50	317	423
10	65	903
0	34	1478
1340	204	2941
62	322	2285
313	199	93
66	231	1404
1135	126	384
0	32	318
17	106	254
0	215	3092
2	222	16
254	183	63
273	127	502
10	23	454
0	6	498
1643	134	3994
2	837	1997
13	91	87
13	91	326
0	177	867
167	157	3553
0	1268	520
79	392	493
13	134	3558
15	55	2177
50	210	322
15	103	471
84	14	77
708	520	683
0	23	1396
2	23	2842
758	394	2208
79	34	1099
0	56	927
17	6	584
1346	26	410
79	8	2973
1634	6	3969
15	11	3079
0	700	3622
15	128	61
4	8	526
13	264	3940
2	145	352
2	247	3416
2	91	992
47	231	1173
140	14	513
0	106	3214
0	23	1933
0	376	963
29	474	11
13	55	332
691	14	47
0	210	1855
1521	61	88
35	108	226
0	45	163
0	30	771
0	8	195
2	46	16
2	52	2024
2	103	1255
100	330	523
2	46	72
0	906	2435
13	247	3128
2	55	3258
35	126	132
1014	180	322
10	30	1941
0	116	1690
10	83	284
17	8	174
13	1478	90
2	1166	2912
0	88	1594
4	14	2016
10	6	2056
911	91	328
15	88	2061
2	55	2117
0	210	1778
534	943	1803
10	8	4175
2	251	38
988	118	695
314	128	1900
637	40	343
10	1542	454
623	421	92
0	88	48
13	8	2264
17	23	967
1135	8	700
0	83	1388
0	679	578
826	8	299
0	265	2760
2	215	889
2	103	471
89	381	629
234	566	494
0	215	21
0	30	3028
50	543	343
276	49	443
0	1309	2846
4	121	418
2	263	3898
15	120	1271
868	45	322
2	6	2599
0	231	222
580	522	502
15	87	144
10	144	597
0	218	266
715	97	392
2	91	167
79	992	500
0	5	396
10	72	1778
2	161	693
0	145	2973
79	8	714
35	14	3470
0	220	158
4	145	1372
50	26	343
1089	8	616
632	191	606
13	264	2136
47	8	299
0	231	3275
13	128	3570
140	973	151
2	46	1413
10	132	59
50	157	87
15	238	3474
0	103	791
29	30	3293
79	265	690
2	612	90
10	65	2599
0	263	521
29	14	53
0	195	237
0	579	2860
209	231	58
2	6	230
10	107	411
143	381	3085
0	400	2992
662	65	45
0	21	3999
597	1139	3332
62	74	2065
10	8	287
0	465	578
1678	30	562
0	298	578
0	8	381
17	8	229
79	1283	349
0	883	3016
13	6	4072
0	69	1252
0	26	373
2	210	571
1312	263	47
0	11	630
395	18	48
79	325	465
0	65	454
4	484	523
13	91	1629
62	322	2541
100	8	695
323	45	4168
10	23	304
38	40	1216
17	9	1350
2	952	228
0	6	430
0	6	48
0	56	2499
0	30	4104
79	673	322
647	149	819
47	108	381
15	188	100
50	157	343
4	220	1970
10	14	838
17	121	834
10	60	2974
13	157	1871
2	54	1268
124	222	76
0	1684	502
0	145	1847
79	842	1523
10	30	2342
46	103	284
0	240	572
29	376	883
355	20	82
29	192	392
2	436	203
66	77	3883
79	455	199
100	8	1152
10	6	22
607	545	217
17	121	121
79	177	411
10	23	300
10	74	63
2	103	18
0	215	2901
2	88	3346
15	87	430
29	471	394
17	392	1290
13	45	38
1124	8	195
2	237	2838
0	55	1408
2	55	363
143	504	4097
1358	6	45
0	3	74
0	30	858
0	34	76
0	116	1610
0	11	203
395	86	1839
10	103	355
710	132	3012
1346	312	410
764	765	1309
79	60	233
17	8	343
13	45	1579
2	336	2198
15	6	578
10	6	1812
2	6	1231
29	871	3138
29	128	2449
79	385	728
17	45	180
0	568	905
10	11	11
1699	116	263
918	121	88
0	23	304
10	6	1077
0	264	158
2	8	695
0	46	45
0	30	974
150	618	2600
68	30	158
2	30	115
2	185	1132
2	107	388
68	191	104
17	8	1327
13	34	2124
42	159	351
0	1311	624
0	906	3490
79	32	332
2	23	2813
0	520	1348
2	177	2360
2	168	1136
13	55	390
2	426	53
10	65	471
0	228	300
0	14	133
1027	440	326
0	46	4059
167	8	21
143	54	4189
79	264	130
2	339	16
531	215	363
285	8	2019
0	28	807
0	1221	3463
510	22	2932
10	8	383
2	103	82
373	14	906
79	198	87
15	132	374
885	8	87
0	55	649
0	222	16
1443	405	3270
2	114	1806
606	177	158
2	55	158
2	21	362
0	8	487
10	520	2785
901	8	158
0	309	130
496	917	481
100	704	60
17	177	63
0	45	254
1449	116	1188
10	46	39
68	785	392
13	30	4143
10	718	1139
0	86	1056
0	374	21
0	220	1049
0	173	3812
17	615	1466
0	55	1094
988	8	1944
29	86	460
10	11	503
17	14	1405
15	813	1820
167	484	144
2	134	722
31	381	3030
10	23	2280
47	56	1187
124	3	158
0	106	119
0	316	127
826	484	3033
17	392	392
2	6	59
4	522	1086
13	34	189
100	1692	60
79	32	207
254	134	1118
0	215	1449
15	21	246
2	1510	3511
1153	14	454
10	471	624
0	748	450
0	220	248
0	91	1778
17	91	2822
0	6	203
359	157	87
0	46	3517
423	91	1729
2	86	74
29	482	124
10	198	151
0	8	700
2	112	338
167	484	104
0	132	144
79	381	3881
0	128	1866
29	6	90
66	8	828
4	198	49
13	91	250
4	108	158
216	30	4026
46	30	1353
1441	108	3252
2	966	1517
4	72	2513
0	9	56
2	45	603
15	224	423
713	231	258
15	30	1555
4	28	455
15	22	285
0	145	2988
632	615	809
0	128	1395
10	8	3506
143	756	381
531	30	21
1017	815	167
292	133	328
2	97	552
448	449	670
2	69	813
10	302	11
461	842	690
10	343	1102
537	57	836
4	381	2733
2	120	1385
29	46	2753
0	192	222
0	1326	700
79	8	88
2	6	1255
0	55	411
996	1616	431
17	28	1998
79	76	1248
15	65	137
0	8	158
79	8	884
4	240	1886
2	168	76
4	14	1149
0	34	2463
13	8	383
420	98	343
0	45	617
2	185	18
2	1625	3937
0	215	189
10	103	1
10	6	284
29	257	871
82	700	1160
166	103	355
447	231	2993
15	116	137
4	28	170
496	376	34
510	668	481
10	6	217
1133	30	73
66	134	124
0	6	216
744	26	103
706	20	47
4	299	86
124	6	3232
13	20	2445
38	231	73
0	45	2375
2	8	3530
79	928	405
31	381	683
0	228	3927
0	12	422
0	6	4095
0	133	250
0	14	470
66	616	1207
62	126	895
15	458	261
31	692	226
0	25	2918
0	72	691
0	83	2564
0	180	775
84	434	3631
124	11	142
0	228	423
0	83	318
10	297	284
0	63	1
590	231	91
0	828	390
2	265	861
124	132	903
13	91	2312
89	522	73
29	87	3696
150	389	581
270	103	390
0	1481	124
82	241	801
79	8	2089
239	288	2048
15	51	23
273	8	63
2	21	22
0	61	95
2	6	2028
0	556	616
0	460	21
79	8	1437
4	14	3373
0	542	776
2	6	3913
79	177	2654
0	519	791
2	12	1914
17	139	2754
10	244	301
773	86	2948
73	20	21
47	1342	2943
50	25	1483
254	23	2251
10	258	2460
0	83	2715
0	45	2534
239	198	434
15	369	2383
13	329	90
985	816	1484
1069	23	2215
0	765	538
0	6	542
254	522	103
50	121	58
2	26	1502
68	30	2931
46	11	442
4	91	384
0	175	502
10	46	158
2	215	2524
2	54	3015
0	91	387
0	6	1459
0	45	490
10	86	48
0	196	505
10	198	1560
472	545	217
10	11	446
279	118	2776
15	220	390
2	6	549
62	317	1451
10	23	2545
0	133	502
47	245	884
124	520	595
2	330	301
10	103	3811
0	108	627
0	46	113
1405	376	34
0	65	1068
29	215	512
690	8	4
4	25	332
4	145	144
4	381	58
13	30	3903
0	697	3579
10	185	1531
13	138	248
13	9	687
0	316	124
124	103	216
239	522	1136
242	92	2285
0	802	2462
279	127	2275
0	218	454
4	108	228
2	559	2480
0	264	1418
2	947	11
0	251	1773
0	319	1547
2	21	3135
0	237	144
29	65	688
10	215	2349
13	6	501
1645	1384	163
84	14	1543
10	55	1768
826	8	376
13	56	2614
10	8	3245
937	54	195
0	23	63
10	116	81
0	23	24
0	218	63
2	26	2030
46	127	624
0	112	158
2	21	3263
2	30	1811
62	14	2543
79	8	234
0	30	3095
2	25	158
1138	8	58
0	20	3831
0	121	657
10	8	125
693	55	115
2	237	286
0	8	450
254	175	195
17	121	541
0	8	1072
2	20	1892
79	8	1754
1467	91	3961
0	65	112
1238	1239	2100
17	686	2167
0	55	61
0	55	3162
0	6	1255
0	231	1646
10	103	1531
15	55	18
2	103	774
10	87	79
10	231	240
0	88	2041
0	267	2834
2	11	813
712	20	144
15	46	11
292	8	87
100	86	332
0	192	459
2	14	1175
0	107	1232
0	460	318
10	8	68
10	45	180
29	11	74
272	6	83
124	11	262
2	3	2413
516	517	793
15	947	11
100	264	1193
0	215	624
207	757	2963
2	3	288
395	18	263
1605	45	38
0	6	347
2	20	436
0	26	807
13	8	1679
13	6	411
10	297	368
0	8	2981
13	8	3003
2	372	286
459	237	137
769	770	2
523	30	812
0	92	1995
0	436	112
0	74	563
0	8	1080
17	9	3977
1421	116	11
15	55	158
10	330	73
596	790	540
167	389	581
0	60	1399
0	1657	3790
2	947	1413
79	195	299
0	12	1049
124	268	1760
0	116	686
47	165	60
100	55	363
13	5	53
79	54	4025
480	30	203
2	215	228
451	91	3660
197	91	245
10	103	112
2	106	1167
262	8	424
79	934	21
2	449	11
0	329	1738
29	816	2747
2	91	1668
849	20	2369
179	28	322
50	23	373
29	119	127
4	14	2364
100	165	2586
124	215	124
47	34	1044
0	34	1344
15	132	137
17	8	693
29	279	444
775	145	88
15	88	74
2	442	301
47	8	424
0	8	1135
15	866	390
0	215	338
2	215	442
4	26	455
207	45	322
17	205	3111
2	137	603
273	56	935
0	1024	2049
273	145	299
62	54	1286
0	63	1174
13	106	1669
4	522	502
0	228	2900
29	441	124
2	132	59
15	788	11
0	9	328
17	8	48
10	30	218
15	215	100
0	103	359
15	46	517
0	6	269
124	30	3537
560	6	879
79	545	637
50	8	3682
0	520	381
15	88	2041
0	671	1109
13	60	195
0	20	3521
17	23	2321
1660	34	4039
447	218	2107
0	295	95
2	30	3765
0	45	4089
2	22	1117
1177	30	2492
0	838	3598
420	421	586
47	8	1346
0	230	2109
100	55	2300
79	720	347
0	520	1358
0	45	633
15	515	61
2	9	2223
0	350	400
29	257	1
1522	815	728
0	173	21
2	192	1991
2	23	167
2	441	570
0	458	207
0	65	885
176	231	91
0	18	347
79	76	166
17	56	578
0	6	12
0	34	132
10	11	148
2	103	313
0	394	2245
79	350	2573
0	119	119
1621	490	297
1152	74	297
79	8	226
2	55	263
46	237	517
17	69	3043
0	11	3049
29	11	158
1109	30	2191
10	116	29
276	30	733
327	328	132
15	65	578
2	106	1669
1356	638	395
525	54	291
15	302	11
1107	40	319
0	594	950
0	628	1649
0	214	61
10	30	1728
377	20	1263
79	240	2863
10	8	1
15	441	2171
2	144	142
166	30	263
2	21	18
79	26	236
143	8	103
125	269	1857
10	1028	322
0	205	2805
0	522	1383
29	55	88
0	261	132
68	105	21
166	74	63
13	74	88
2	237	753
2	120	2008
2	155	1
2	225	617
79	32	453
0	1289	361
10	228	2794
4	522	49
0	267	737
580	8	2934
167	191	1484
2	180	493
15	55	3322
0	88	1946
554	400	1708
2	215	2406
13	256	1455
10	78	802
13	45	693
100	165	2716
2	46	144
0	6	509
545	1650	635
10	6	228
17	490	3449
273	8	3493
0	83	3520
2	6	1036
2	6	866
35	14	245
4	115	73
10	46	1304
62	30	2812
0	205	199
79	60	977
590	231	1416
0	106	742
10	231	455
124	460	263
10	297	597
0	107	1390
0	126	563
79	198	4
13	86	363
1409	40	151
0	26	1747
0	186	607
50	177	229
1120	394	1729
2	139	756
0	45	1519
13	269	2995
2	30	3078
17	8	38
0	55	3490
0	205	1688
4	56	200
47	264	158
0	87	2221
0	108	1983
0	192	388
79	76	263
0	445	869
501	20	768
0	55	11
1189	486	180
17	153	158
2	173	203
0	466	649
50	103	144
550	8	1872
0	14	839
451	962	1980
10	127	624
100	69	1648
50	26	300
82	40	34
2	23	1167
226	227	287
0	1203	2559
2	23	282
15	455	2017
2	23	2566
2	6	16
2	8	385
0	141	1778
50	23	943
0	367	2678
0	265	2048
0	257	2128
167	8	760
124	6	1132
216	20	263
554	205	21
89	20	494
693	618	45
17	8	299
7	256	284
2	23	2136
0	108	3200
1094	26	53
0	1611	687
29	69	3746
79	198	527
632	231	500
124	441	124
0	192	1403
2	87	2684
0	30	667
0	55	115
10	6	471
124	6	45
13	55	1391
17	8	695
13	116	774
0	231	132
10	103	618
869	8	616
0	115	114
68	108	384
0	9	3356
13	103	286
29	116	392
0	356	520
13	265	2101
62	322	3614
2	51	228
651	138	2904
2	329	678
0	55	787
29	103	1318
29	202	390
620	231	158
529	228	4056
100	20	2234
50	6	246
0	40	167
326	517	793
0	449	158
15	132	18
363	74	2137
0	88	158
0	34	2897
124	55	2653
0	6	885
79	449	494
13	56	423
2	20	390
0	188	11
4	14	557
0	21	778
13	8	672
68	231	646
2	392	342
526	9	819
2	103	2153
15	88	3234
13	8	3921
13	251	3808
17	8	2118
10	6	870
2	185	1297
858	627	229
10	6	16
0	215	114
637	8	111
13	248	301
0	55	2605
13	128	869
100	30	49
79	419	3489
715	220	274
46	471	570
712	231	1529
15	112	530
0	440	3229
2	330	809
2	815	637
0	12	93
13	30	2309
10	21	778
2	30	2103
2	65	3741
2	483	735
2	55	452
1615	8	779
29	6	1318
124	21	137
273	145	932
79	392	236
79	261	73
10	116	3192
420	231	53
1097	40	2386
13	45	21
79	449	1919
2	8	388
0	30	1058
773	45	1695
124	30	144
17	8	968
633	522	384
29	233	21
4	20	2991
46	449	11
2	21	275
0	8	1687
143	231	282
2	316	263
571	30	1096
13	61	88
0	87	2099
4	14	1214
10	318	661
0	87	124
0	228	538
131	8	4006
10	153	158
0	45	576
0	63	1780
47	8	127
10	40	3606
534	1126	445
0	1618	1
13	22	1074
0	8	3623
2	103	374
10	106	3212
239	8	88
0	436	3303
4	427	144
15	455	3191
10	394	1126
0	297	316
567	228	48
632	20	144
0	103	3938
0	139	823
0	177	73
29	155	1
952	88	124
454	98	125
4	566	1274
10	86	1508
47	8	1844
143	54	608
1597	34	3859
1246	362	2665
2	23	1233
66	8	890
1537	105	3517
1224	1225	2
2	1187	36
812	14	906
0	917	2250
50	88	517
10	6	352
79	8	58
0	330	245
892	177	657
13	8	1553
167	14	3173
2	471	3554
236	76	551
0	465	284
2	116	3739
2	91	573
0	1045	820
0	441	442
276	60	363
4	126	58
0	14	2044
10	14	628
0	382	3345
0	21	2438
596	455	2183
15	3	288
0	966	1915
10	30	1270
2	26	3488
333	20	245
10	482	1948
324	40	16
452	453	675
0	228	1247
15	215	1839
7	237	21
4	433	547
2	25	732
0	175	248
1578	545	217
2	145	2920
0	130	21
100	412	614
276	520	363
2	1194	2543
0	14	2870
430	8	647
0	116	394
10	135	104
10	6	1662
0	445	21
2	12	93
29	6	316
53	231	573
0	350	384
10	55	1007
13	385	15
29	88	76
15	8	700
84	14	122
10	205	21
4	395	1011
2	91	715
0	86	335
15	106	2865
79	54	373
53	72	1021
236	218	411
17	689	180
0	34	1104
15	55	583
10	46	1906
794	251	804
17	193	225
62	1068	300
79	577	3311
2	74	88
10	87	1585
0	185	214
0	225	1141
2	245	301
0	231	261
588	72	34
79	795	411
2	119	35
1607	46	124
29	65	1125
363	317	801
10	995	605
2	51	45
0	153	2568
2	6	137
2	815	3925
13	26	500
895	896	1647
82	23	801
84	20	1593
53	20	3161
15	88	4017
872	141	1582
100	161	87
44	14	945
262	9	328
15	185	1
10	198	3178
4	231	292
2	11	74
273	8	381
481	76	942
2	128	649
4	30	733
73	295	381
10	145	2765
0	23	977
2	185	221
79	992	728
0	28	2523
10	54	395
0	204	56
2	230	217
0	1401	1705
10	3	2380
4	191	392
0	116	922
124	132	374
79	72	502
1276	214	542
29	6	1531
66	8	1651
0	121	454
2	215	3699
10	88	144
46	471	394
10	6	2539
273	34	1042
15	215	2746
0	9	921
0	205	3567
17	317	291
10	748	367
0	11	173
2	54	3875
0	23	2541
167	484	1484
0	8	61
0	127	250
1602	54	344
0	248	323
2	30	2398
100	97	2759
1173	228	2472
0	28	1161
10	381	559
4	522	591
0	170	158
2	103	16
10	168	993
4	14	628
0	103	449
0	256	284
13	30	1192
0	26	475
292	8	487
333	8	384
640	145	2078
17	63	174
0	106	807
2	103	3494
0	116	187
10	55	392
0	365	318
501	278	90
4	14	2199
10	8	87
79	198	2089
79	20	144
89	350	2845
13	8	158
17	9	3646
2	137	180
17	45	287
29	103	3202
0	185	216
0	1355	624
632	20	250
1536	263	1231
0	329	4050
0	60	2388
124	103	45
109	91	481
89	790	3100
17	63	227
73	20	144
10	103	2506
0	5	53
362	8	2373
0	1370	63
0	6	773
1537	20	559
10	71	95
10	55	11
79	76	630
510	718	1195
239	54	373
17	126	180
0	108	226
15	87	2249
82	118	1076
2	23	423
273	28	2204
2	343	158
79	493	500
10	155	1
47	20	2306
100	20	1191
0	121	819
0	91	2901
46	88	1
79	8	1554
0	180	144
2	106	3736
13	6	3180
990	228	456
0	379	282
4	548	42
50	8	328
804	615	475
10	520	4169
2	228	3282
239	300	88
100	25	523
10	6	530
50	26	470
53	20	1255
15	25	848
79	8	907
79	111	630
2	55	1170
872	238	586
2	6	1318
2	205	809
15	6	203
254	231	454
100	26	3437
17	6	1498
17	198	909
29	521	228
1072	730	151
0	462	109
0	23	3413
1007	30	182
0	215	2226
13	376	53
10	23	794
2	87	517
13	244	301
0	278	90
0	231	1154
2	120	120
2	11	1
4	145	915
219	1144	1543
236	76	298
4	433	2045
0	228	727
555	149	226
100	231	761
0	9	4178
420	613	158
13	8	2441
10	119	695
100	8	213
10	106	2886
0	107	2452
0	78	597
0	264	323
2	88	39
276	8	63
10	6	288
1242	240	392
2	718	45
2	215	74
2	116	1162
10	55	158
15	132	275
239	442	734
68	433	1300
10	231	91
10	55	599
1012	6	47
15	55	205
0	74	141
0	32	2932
2	103	1846
0	240	2786
2	251	616
29	6	509
523	30	1649
10	718	933
13	251	328
4	126	2934
0	6	2950
167	522	53
15	65	18
333	177	502
79	118	411
206	30	3395
0	228	770
50	508	1117
68	18	226
13	23	417
100	26	3668
68	56	411
2	134	2593
2	91	328
632	25	1790
0	56	1227
0	875	2685
236	76	2412
29	91	297
2	55	230
2	23	73
0	6	2180
359	30	527
0	137	369
17	251	603
166	103	137
15	520	1348
1274	8	299
2	91	687
4	98	2034
17	69	504
10	837	4115
167	26	103
0	549	328
17	30	3888
0	421	158
0	1011	2009
13	192	3678
0	128	2465
15	316	22
4	14	165
0	228	287
4	312	434
124	6	216
2	228	35
0	78	368
0	11	187
1058	251	804
4	134	526
292	8	4
10	22	3615
948	618	53
10	21	783
0	134	3550
0	192	2517
0	220	3482
79	522	502
0	130	2247
15	46	158
420	421	2836
0	231	300
747	392	1282
17	8	60
4	694	69
15	177	752
10	237	228
10	55	48
588	183	34
17	908	3056
576	205	925
0	1270	171
0	220	929
632	231	1600
1462	14	279
1352	8	2965
13	26	250
2	198	447
10	30	2940
742	376	222
2	214	90
2	132	2120
333	177	2457
0	153	158
791	240	3752
10	1697	4121
47	198	342
100	165	250
10	46	503
0	1212	158
597	228	1735
29	30	352
1439	358	3251
0	12	1761
0	8	1624
829	30	1369
254	20	500
2	6	931
4	238	502
13	51	583
68	108	392
0	522	103
13	543	1225
1322	8	2889
0	65	115
10	316	124
50	145	1249
1329	361	1015
31	240	104
29	455	334
0	199	61
2	251	984
2	237	3827
10	30	1988
48	49	41
4	108	381
510	231	455
0	56	88
2	218	2607
2	6	626
473	474	501
2	3	1039
10	474	11
0	157	1863
0	5	358
68	220	1500
0	25	2434
651	228	1219
0	1068	63
0	316	2772
2	520	199
29	6	1499
0	224	2884
1223	26	2610
0	251	616
2	46	18
0	30	113
399	105	144
236	20	942
2	1311	624
13	8	1279
10	502	3542
642	643	1043
2	277	216
50	74	111
0	34	572
0	557	667
2	173	124
2	394	1668
2	173	198
1411	1412	321
2	20	2113
100	8	1302
0	91	3489
10	547	158
29	87	430
1149	9	328
0	14	367
79	300	496
1323	134	144
29	6	3724
4	30	55
0	88	2011
0	683	110
10	265	68
29	976	35
0	51	12
10	106	51
0	316	22
2	6	817
2	139	3453
822	1196	2137
13	8	3917
0	45	84
17	74	1827
13	522	103
0	215	1486
0	99	187
79	185	158
0	141	2797
0	6	3124
0	238	500
0	23	17
47	45	38
0	22	1806
0	9	4
29	1066	352
4	67	455
0	287	58
468	118	2
0	392	1164
0	6	90
29	52	619
167	8	3929
273	40	494
79	56	453
2	3	18
2	21	726
0	1560	538
2	45	2030
321	897	2205
0	445	1317
0	20	70
131	204	174
0	25	616
0	87	1771
0	263	318
1115	192	2291
10	221	286
10	20	864
29	155	124
47	91	1983
10	374	2700
0	440	3299
216	218	1446
0	30	4183
10	8	687
10	506	124
0	72	3031
10	88	2840
10	218	245
1614	9	3915
79	56	496
140	107	513
0	11	124
0	9	290
10	198	2664
1359	231	229
0	22	285
292	8	328
640	137	2143
124	21	16
2	103	284
13	6	866
2	257	339
29	34	526
15	55	11
0	34	1517
0	65	2271
17	195	1436
2	103	173
0	55	962
2	508	784
15	116	21
15	87	2935
0	92	53
100	26	103
0	83	1938
10	1198	2548
167	9	3733
2	441	1
0	9	3693
4	1131	392
13	30	667
13	30	2712
4	0	2013
1435	257	80
4	98	3896
124	30	4104
15	83	218
0	119	807
48	49	638
0	12	184
0	225	1204
10	25	1907
0	88	284
15	24	3541
0	56	1043
29	6	3140
10	224	502
1647	307	4044
0	848	1351
2	46	2081
13	357	388
0	11	1946
0	30	1901
362	8	1734
17	251	526
10	91	715
10	251	328
273	26	884
0	1002	1987
0	9	590
10	87	95
29	6	1727
7	119	404
0	297	1890
0	316	1351
2	30	3333
0	920	58
31	191	3967
321	263	2572
0	28	42
2	6	1074
50	63	1
1414	106	61
0	130	1392
13	23	300
742	157	1293
510	511	790
1108	14	132
124	103	82
242	648	1624
1502	63	3454
15	185	288
4	8	88
2	5	73
7	228	363
79	177	261
0	311	642
0	14	3438
236	615	3236
0	23	2085
327	126	2676
29	55	411
79	419	293
4	126	2728
79	56	373
623	34	1044
0	45	817
0	912	47
0	628	61
0	264	3342
46	188	158
0	220	63
0	177	3939
124	6	228
29	6	76
46	30	94
15	240	820
10	559	4057
2	46	768
0	6	1254
391	522	103
4	398	591
0	837	11
2	6	758
47	8	381
89	455	736
29	8	388
10	25	95
13	106	672
13	5	250
124	471	624
10	90	1830
2	159	575
0	251	1468
79	76	1602
79	49	77
73	20	221
2	86	158
10	1003	1993
2	25	422
2	103	179
587	228	167
62	322	53
50	116	3908
10	23	3507
420	177	193
10	215	390
10	316	95
15	237	228
10	86	599
2	231	521
2	30	263
554	205	1103
29	103	532
15	6	1485
10	103	203
0	11	2079
2	116	722
13	69	813
915	141	1186
0	8	197
124	6	1
2	441	124
2	60	228
0	8	1437
4	300	591
10	153	546
15	185	791
0	55	853
2	45	322
17	34	2759
15	103	1413
0	607	217
0	835	1505
363	40	297
2	866	530
68	204	893
2	21	3094
0	228	213
649	650	163
868	137	322
10	837	624
29	1062	3805
0	379	297
53	72	573
949	76	690
0	231	228
4	157	1932
13	436	1318
15	87	303
13	8	695
78	302	1184
2	74	423
100	8	299
324	63	21
1108	14	431
15	6	59
1419	9	3178
13	218	910
46	728	962
10	210	387
2	120	137
13	1046	73
47	137	1784
146	244	3704
2	103	259
333	902	226
167	56	2
0	441	124
17	6	245
2	25	411
0	816	2923
0	128	61
46	343	3536
273	54	557
17	6	3700
17	8	21
15	63	127
0	445	286
1339	267	444
523	522	502
29	34	1042
0	92	1773
47	14	715
0	318	687
62	238	128
0	30	152
4	231	3187
17	128	1866
0	666	1137
1471	30	1653
0	6	1132
29	46	2256
961	116	1811
10	1129	2323
888	318	1158
744	8	282
0	317	423
1073	231	906
0	55	74
0	30	365
0	876	2237
10	173	2109
29	116	144
0	376	73
333	76	3243
10	765	2814
0	8	68
0	177	1788
124	46	203
79	455	1963
531	215	217
2	60	323
0	738	1107
10	20	1433
1362	61	2022
10	231	1903
2	55	36
0	55	2816
0	316	2887
15	11	124
1005	256	90
50	6	1490
79	26	252
2	763	390
996	145	431
0	116	288
62	40	1408
534	1261	995
10	83	70
0	8	1303
2	257	1
0	225	3496
17	14	761
0	145	1721
0	71	355
0	105	2919
15	46	144
100	165	186
1103	310	1998
79	23	1528
2	811	381
273	36	2
100	133	2397
2	6	1132
143	14	2672
0	145	538
0	34	1683
13	218	485
15	34	1661
0	74	2733
2	279	1067
66	115	646
2	87	3676
0	342	2075
273	98	92
420	177	384
79	198	493
17	8	58
2	155	3464
2	297	3701
0	137	1392
167	22	32
29	88	1544
1582	14	73
167	14	304
0	12	7
15	506	4061
1069	141	1373
0	1054	571
13	256	337
4	1447	547
1217	65	45
10	1050	124
0	5	91
68	231	3466
553	45	38
0	594	3630
17	8	1800
0	205	23
0	128	434
0	9	1357
15	83	112
15	65	286
124	30	1853
0	8	3731
13	442	2131
0	9	1658
29	6	113
632	191	1025
100	40	19
0	1311	2853
0	666	434
932	615	1759
321	72	1216
0	906	109
0	30	281
0	449	853
17	350	1808
68	64	392
0	11	517
10	8	479
2	30	2381
510	118	455
2	46	578
79	108	322
0	376	34
935	40	1266
0	388	91
2	6	1375
2	144	3897
0	8	270
29	247	88
0	118	227
2	228	21
15	441	2638
1192	55	1244
17	56	1214
10	237	317
1595	56	158
79	198	980
0	1079	2193
10	40	2764
10	157	1628
10	298	2197
15	1311	624
62	74	34
15	103	469
0	55	121
13	8	2793
0	11	1162
15	55	2675
0	18	3519
7	103	203
42	265	351
0	21	840
2	256	363
0	728	312
2	963	90
0	55	1
0	238	4166
314	30	834
670	238	500
1306	316	80
4	312	1004
79	212	293
1200	92	363
0	6	774
2	173	3619
1093	220	304
0	83	2473
29	177	158
0	108	2973
0	30	2699
4	379	53
15	34	21
2	25	332
900	30	88
47	875	958
0	88	3147
10	9	3848
4	8	124
0	231	1951
15	215	1771
35	1125	88
10	1560	18
4	55	332
2	218	2313
96	8	89
29	1314	1954
4	34	158
0	91	3266
66	77	977
13	46	21
79	105	2600
1454	28	313
31	177	158
0	25	1713
529	228	2633
2	398	163
50	8	87
29	55	460
4	118	628
0	6	624
0	1084	435
623	449	11
0	1221	437
13	91	664
29	6	1639
2	157	3755
29	6	430
0	264	3713
0	279	444
0	267	1726
29	144	390
0	8	1180
0	139	565
2	23	992
17	149	392
10	34	137
17	983	213
0	138	306
0	138	1018
13	1102	758
498	499	756
150	145	822
79	300	1945
66	8	293
15	21	1255
0	103	16
0	522	3040
0	1020	3107
17	237	4095
31	692	1956
0	367	3505
10	185	1807
0	46	3905
79	177	291
13	547	2751
50	8	248
273	8	580
2	139	199
2	3	100
4	241	319
0	215	768
216	54	58
13	34	1042
2	32	3405
352	118	158
17	14	450
2	91	2149
0	279	3339
29	6	3202
2	152	222
0	908	820
0	6	1793
167	54	1150
0	1297	422
17	652	248
2	6	1817
10	30	2286
0	23	561
2	34	1517
13	6	3024
10	83	218
10	14	1405
4	55	543
0	87	477
362	8	804
604	559	579
17	30	683
29	87	21
0	90	83
79	1554	3690
131	8	1808
0	734	523
852	9	328
10	624	76
10	215	1102
0	365	81
13	8	860
70	119	695
167	20	144
29	91	1629
10	11	114
0	628	243
2	144	230
79	69	728
0	139	3948
79	8	1207
0	297	284
15	55	1641
362	9	529
35	8	31
29	246	442
4	28	21
0	37	454
10	374	999
124	65	137
15	34	578
0	1250	3900
15	119	878
10	556	89
2	60	3427
0	765	3487
1208	748	367
2	128	245
0	25	193
206	63	249
0	128	3585
50	30	1367
15	6	530
4	26	1214
741	263	47
79	230	158
242	204	73
0	887	396
84	14	373
2	449	228
166	23	44
2	139	355
391	522	1600
0	55	3566
2	6	3386
0	72	573
17	72	165
29	21	137
884	268	110
13	269	2007
0	55	48
10	11	6
46	6	1
4	548	2563
0	1035	813
1434	374	3239
10	6	3415
236	177	1394
15	21	3479
2	30	1988
15	215	630
47	231	1202
0	65	859
0	121	167
0	65	1106
0	105	23
10	23	279
29	103	1271
79	1197	2547
50	8	127
29	78	284
1531	74	297
2	748	158
29	127	624
79	265	392
0	55	3800
0	267	1088
0	30	384
29	103	626
0	264	3356
0	23	158
0	264	1810
273	54	628
79	8	616
2	336	817
0	21	498
2	103	3626
4	231	2199
2	56	103
2	45	869
0	55	3689
0	134	2486
0	177	229
31	20	26
79	198	2703
68	913	158
352	107	513
0	361	58
831	8	729
0	5	229
50	8	4
634	8	103
0	458	199
0	8	1425
68	231	158
0	460	144
4	240	1622
4	231	1763
79	115	21
2	30	2697
79	173	1622
0	45	574
62	322	458
29	6	532
890	220	18
15	30	103
29	6	352
62	376	1029
0	267	357
0	429	483
10	198	4177
10	21	18
124	449	571
10	25	861
0	54	291
882	317	2310
2	6	1531
0	725	132
2	6	701
204	30	381
4	145	1886
17	23	222
838	400	1515
17	264	158
13	30	1
31	191	399
809	879	1703
66	171	2302
10	23	184
0	67	326
15	317	158
79	8	1549
2	65	859
79	26	287
15	3	74
29	88	1005
2	116	144
363	63	2783
0	45	4009
79	198	349
554	205	4144
0	514	326
29	103	1
741	263	667
0	256	1136
2	6	961
10	22	1074
632	20	940
0	46	2081
812	8	88
242	8	327
2	60	2594
29	803	758
0	177	4049
0	215	1322
29	23	794
749	145	1284
10	61	388
10	21	76
10	30	2423
0	979	820
15	6	870
496	264	423
10	339	16
62	72	297
10	14	291
29	6	347
0	128	906
29	263	2336
0	6	474
15	1025	12
100	26	250
0	449	2100
273	8	2
669	74	563
160	25	2682
15	21	18
1072	40	33
124	103	288
534	8	174
0	237	435
352	282	450
15	125	1253
10	86	11
46	297	11
2	138	1919
15	116	144
0	103	347
17	249	139
100	20	3754
10	65	288
15	215	2724
0	8	519
124	103	1320
967	20	21
0	499	284
0	6	1133
131	204	3954
4	92	180
62	63	56
10	103	509
2	139	158
15	87	570
47	231	53
29	6	618
0	382	567
10	87	1822
4	177	1042
1357	72	2976
10	74	213
0	264	213
10	6	578
0	865	1570
0	32	2269
50	23	967
0	46	21
46	116	11
29	88	1642
29	8	270
29	103	275
4	548	392
10	106	3736
10	186	979
84	14	88
13	45	254
4	14	1156
595	5	952
10	87	124
4	433	86
15	11	3182
211	231	3208
0	116	117
124	103	347
0	23	3562
273	392	49
13	55	2300
206	34	2080
0	228	3745
0	9	2137
0	61	538
17	45	392
15	55	1391
0	297	2391
29	23	417
2	466	649
0	34	95
0	20	1145
0	618	245
1360	1361	521
2	30	88
0	40	1951
100	231	502
79	577	322
4	55	2271
13	23	373
10	449	228
50	116	140
10	103	725
1610	264	158
17	91	1629
0	90	368
7	103	284
2	55	517
447	218	1099
681	34	513
82	220	1160
68	14	226
89	20	1506
15	237	2134
2	257	124
510	511	924
13	23	1574
10	65	424
79	231	2146
100	165	60
10	190	222
10	14	1773
0	32	2039
2	55	2628
0	11	460
15	8	4
17	8	63
79	228	683
29	103	144
17	56	1800
2	966	3242
0	240	820
0	1199	228
391	40	1741
2	263	1954
0	128	692
1469	54	563
464	8	695
432	98	92
17	247	782
2	23	291
413	9	616
50	14	91
62	897	167
2	398	526
15	61	2867
17	161	804
146	244	323
416	76	551
2	30	1212
100	8	2483
0	46	648
79	8	3123
17	8	4
0	25	559
2	30	625
79	198	1655
262	8	1425
0	92	867
79	8	91
2	55	2905
13	55	115
29	237	517
525	8	58
0	748	367
10	87	3834
2	246	142
4	32	199
124	103	39
124	215	81
143	231	4005
0	376	423
10	30	1905
2	21	2479
39	40	34
2	1159	624
10	71	22
10	23	222
0	6	2539
10	74	1638
1097	74	2137
491	28	236
1206	8	872
15	30	1347
0	6	1748
1215	88	1625
47	177	15
10	60	48
4	566	970
0	78	284
4	381	565
10	215	913
29	91	2
66	8	2986
10	297	624
197	91	87
554	508	127
0	60	18
4	8	1112
0	30	1074
13	20	476
0	23	344
15	21	726
254	368	3097
50	832	63
50	23	300
242	121	541
2	14	111
0	63	217
0	52	2252
870	6	352
15	30	284
15	55	645
29	522	103
234	127	502
2	185	3559
580	231	628
0	60	595
0	1381	2453
2	23	1742
2	168	2588
0	60	2649
17	8	816
2	103	318
2	306	3586
0	569	616
0	180	500
0	198	63
2	6	2567
15	265	293
10	767	494
2	6	29
33	34	1344
29	6	2851
2	46	3269
1438	5	167
50	9	3815
10	46	144
1397	8	267
2	6	82
0	1324	61
10	92	943
999	231	820
15	103	1485
0	145	3008
100	8	712
80	231	977
2	293	388
2	6	685
29	74	590
422	148	629
0	12	151
1461	215	124
4	149	80
109	110	107
2	45	149
124	11	1585
2	903	608
0	61	388
38	231	1019
4	218	86
0	34	2243
2	237	21
13	421	184
2	65	394
593	180	1066
2	55	1007
0	92	3022
100	30	956
2	173	8
585	63	4186
0	91	1983
2	148	342
79	5	526
17	8	692
68	54	1558
2	30	1131
4	8	405
2	34	722
0	91	1373
0	465	21
662	268	2646
50	41	1487
150	231	73
15	6	228
715	97	1341
124	339	3165
597	261	2861
1071	725	47
0	279	1113
664	54	261
17	8	461
0	153	63
15	215	1594
0	467	374
46	103	76
1325	1019	21
253	545	331
0	192	825
2	502	769
216	522	3233
0	264	356
167	191	399
935	63	1764
525	8	2094
79	455	4078
124	106	122
216	310	38
0	218	272
10	240	540
17	1070	937
2	329	3355
2	12	9
15	103	203
10	87	335
0	23	53
79	92	4
0	180	310
15	212	217
46	30	228
851	395	390
10	887	450
17	14	547
0	263	211
0	88	2060
808	6	847
47	8	955
79	76	108
50	5	500
10	6	374
0	92	250
17	9	1896
254	23	2096
15	23	3810
10	57	52
17	28	2760
10	103	936
79	76	338
0	180	583
2	624	1005
10	91	326
68	1049	551
2	65	1375
68	18	1915
0	11	578
15	92	63
0	134	158
0	83	205
4	392	49
0	105	3663
2	60	169
124	302	11
937	191	785
17	383	38
10	6	216
510	1470	3340
10	34	200
2	737	892
15	132	509
79	1472	236
2	173	2640
0	725	909
15	88	477
10	218	1313
510	55	1866
167	389	164
66	72	199
2	6	355
13	228	104
10	198	342
4	8	2934
399	20	2991
2	23	222
239	231	122
13	6	2355
0	14	2530
0	8	729
0	6	2673
2	6	3297
13	56	3889
29	20	1892
29	11	813
0	125	3211
0	123	209
0	330	1804
0	55	501
0	231	1903
0	287	250
2	55	1634
29	1512	758
17	522	502
1347	8	171
13	565	90
10	87	624
0	376	2136
524	1586	3793
15	65	325
886	577	2
0	369	95
79	231	195
285	1193	392
10	215	39
2	23	4071
296	297	48
0	87	4114
4	14	195
46	237	228
0	23	1013
2	6	3
0	474	1
2	215	756
10	661	1139
10	198	3194
0	88	3692
262	5	2485
2	193	225
13	8	90
323	23	2800
17	310	1327
0	436	189
0	103	471
1392	545	331
0	319	164
0	264	3492
10	400	139
0	128	93
0	374	3544
15	83	1839
2	215	3740
0	8	1917
17	28	28
2	60	1612
2	69	2326
124	21	2394
15	8	119
10	231	454
0	55	648
2	8	855
2	1290	286
2	303	381
1161	1162	2437
0	8	933
0	55	1730
79	504	780
0	502	1508
79	1633	73
632	8	1484
17	8	3595
0	130	524
469	470	702
136	45	38
0	30	1511
2	520	3271
2	65	885
242	361	3423
324	490	502
0	103	1793
10	8	95
0	8	779
0	65	16
79	8	2430
15	11	262
2	1343	3096
10	788	2785
79	133	884
0	222	374
13	145	4079
29	971	286
13	45	84
89	54	347
29	88	124
46	103	903
0	577	2436
2	23	88
0	107	306
0	6	1490
62	1328	34
176	376	34
750	28	1290
0	116	1959
10	28	861
2	6	2643
555	98	3722
68	26	226
10	683	4075
10	45	63
101	102	98
166	103	203
124	65	374
17	983	3312
0	284	2290
124	103	137
1232	20	2630
1072	56	326
10	6	1039
2	220	16
68	220	2069
262	8	87
447	231	33
2	65	346
0	65	1925
10	88	1768
10	69	1237
0	103	391
0	78	880
273	280	258
4	231	125
377	378	1263
2	228	523
0	30	73
124	215	517
2	116	263
0	400	3653
0	55	657
0	520	3857
715	225	1190
0	32	1683
13	26	396
0	8	1949
29	88	3873
79	8	330
621	622	1003
10	228	1303
